{"type":"FeatureCollection","crs":{"type":"name","properties":{"name":"urn:ogc:def:crs:OGC:1.3:CRS84"}},"features":[{"type":"Feature","properties":{"shapeISO":"UZ-AN","shapeName":"Andijan Region"},"geometry":{"type":"Polygon","coordinates":[[[71.5693,40.7727],[71.5814,40.7544],[71.4954,40.7345],[71.5376,40.714],[71.5815,40.6508],[71.5861,40.6294],[71.6231,40.6631],[71.6383,40.6669],[71.6244,40.6902],[71.63,40.6956],[71.6343,40.7083],[71.632,40.7135],[71.6291,40.7148],[71.6295,40.722],[71.6354,40.7332],[71.6439,40.738],[71.6543,40.7469],[71.6775,40.7251],[71.6821,40.7234],[71.6815,40.7187],[71.7081,40.7138],[71.7297,40.7083],[71.7481,40.7121],[71.7591,40.7047],[71.7848,40.6935],[71.7988,40.688],[71.8273,40.6735],[71.8282,40.6728],[71.8455,40.6497],[71.8589,40.6333],[71.8611,40.6285],[71.8689,40.621],[71.9028,40.6158],[72.0689,40.5952],[72.0761,40.5952],[72.0814,40.598],[72.1248,40.5912],[72.13,40.5905],[72.2167,40.5694],[72.22,40.5652],[72.2222,40.5605],[72.2233,40.5555],[72.2227,40.4851],[72.2271,40.4843],[72.2402,40.4836],[72.2418,40.483],[72.2425,40.485],[72.2428,40.4865],[72.2431,40.4866],[72.2442,40.4858],[72.2465,40.4849],[72.2466,40.4843],[72.2511,40.4814],[72.2537,40.481],[72.2539,40.4802],[72.2533,40.4788],[72.2508,40.4748],[72.2478,40.4709],[72.2474,40.469],[72.2435,40.4603],[72.2531,40.4572],[72.2531,40.4574],[72.2543,40.4573],[72.2543,40.4569],[72.2616,40.4541],[72.2619,40.4537],[72.2638,40.4533],[72.2654,40.4537],[72.2721,40.451],[72.2853,40.4522],[72.2907,40.4462],[72.2977,40.4427],[72.3148,40.4477],[72.3212,40.4461],[72.3353,40.4384],[72.3622,40.4188],[72.3688,40.4121],[72.3785,40.4075],[72.3864,40.405],[72.399,40.4041],[72.4105,40.4012],[72.417,40.4023],[72.4208,40.4049],[72.4222,40.4155],[72.4162,40.4293],[72.4262,40.4504],[72.4409,40.4733],[72.4356,40.4858],[72.4282,40.4902],[72.425,40.4944],[72.4248,40.495],[72.4197,40.5023],[72.4196,40.5038],[72.4149,40.5062],[72.4148,40.5065],[72.4153,40.5076],[72.415,40.5083],[72.4143,40.5087],[72.4123,40.5093],[72.4112,40.5094],[72.4098,40.5094],[72.409,40.5092],[72.4079,40.5093],[72.4073,40.509],[72.4067,40.509],[72.4063,40.5086],[72.4053,40.5086],[72.4047,40.5085],[72.4036,40.5082],[72.4004,40.5079],[72.3996,40.5073],[72.3937,40.507],[72.3897,40.508],[72.3888,40.5083],[72.3884,40.5085],[72.3879,40.5089],[72.3875,40.5091],[72.387,40.5091],[72.3856,40.5096],[72.3838,40.5111],[72.3786,40.5118],[72.3786,40.5164],[72.38,40.5165],[72.3822,40.518],[72.384,40.5186],[72.3822,40.5224],[72.3826,40.5227],[72.3845,40.523],[72.3876,40.5224],[72.3898,40.5226],[72.3928,40.5233],[72.3953,40.5231],[72.3968,40.5233],[72.4032,40.5252],[72.4054,40.5261],[72.405,40.5279],[72.4044,40.5282],[72.4043,40.5285],[72.4045,40.5288],[72.4054,40.5292],[72.4061,40.5296],[72.4078,40.5314],[72.4088,40.5333],[72.4097,40.5337],[72.4126,40.5329],[72.4177,40.5345],[72.4217,40.5376],[72.4224,40.5385],[72.4227,40.5399],[72.4244,40.5397],[72.4251,40.5399],[72.426,40.5396],[72.4263,40.5406],[72.4257,40.5413],[72.4244,40.5418],[72.422,40.5421],[72.4196,40.5428],[72.4195,40.5449],[72.4187,40.5474],[72.418,40.548],[72.4199,40.5492],[72.4161,40.5517],[72.417,40.5527],[72.4156,40.5563],[72.4182,40.5602],[72.4202,40.5615],[72.4191,40.5622],[72.4177,40.5623],[72.4149,40.5631],[72.4142,40.5631],[72.4123,40.5626],[72.4096,40.5614],[72.4095,40.5612],[72.4089,40.5613],[72.4071,40.5616],[72.4052,40.5628],[72.4039,40.5632],[72.3987,40.5631],[72.3961,40.5641],[72.3941,40.564],[72.3899,40.5659],[72.3887,40.5705],[72.3876,40.5717],[72.3894,40.5727],[72.3917,40.5711],[72.3963,40.574],[72.3948,40.5753],[72.393,40.5758],[72.3828,40.5763],[72.3798,40.5768],[72.3725,40.5801],[72.3684,40.584],[72.3669,40.5866],[72.3658,40.5876],[72.3652,40.5885],[72.3582,40.5926],[72.3573,40.5931],[72.3565,40.5932],[72.355,40.594],[72.355,40.5951],[72.354,40.5958],[72.3534,40.5967],[72.3515,40.5971],[72.3478,40.5992],[72.3445,40.601],[72.3462,40.6025],[72.3462,40.603],[72.3482,40.6037],[72.3491,40.6039],[72.3502,40.6039],[72.3559,40.6028],[72.3574,40.6027],[72.3584,40.6032],[72.3594,40.603],[72.3612,40.6032],[72.3621,40.6037],[72.3669,40.603],[72.3676,40.6039],[72.3686,40.6041],[72.3739,40.6041],[72.3748,40.6043],[72.376,40.6041],[72.3772,40.6025],[72.3785,40.6024],[72.3796,40.6031],[72.3808,40.6035],[72.3821,40.603],[72.3833,40.6015],[72.3842,40.6022],[72.3854,40.604],[72.3851,40.6106],[72.3839,40.6114],[72.3863,40.6134],[72.3899,40.6121],[72.3942,40.6161],[72.3957,40.6169],[72.3981,40.6175],[72.4017,40.6172],[72.4064,40.6182],[72.4094,40.619],[72.4118,40.6182],[72.4132,40.6167],[72.4146,40.6151],[72.4156,40.6115],[72.4157,40.6101],[72.4321,40.6019],[72.4421,40.5882],[72.4444,40.5833],[72.4465,40.579],[72.4479,40.5782],[72.4502,40.5762],[72.451,40.5731],[72.4538,40.5705],[72.4635,40.5623],[72.476,40.5512],[72.4862,40.5565],[72.4907,40.556],[72.5055,40.5607],[72.5165,40.5577],[72.5362,40.5433],[72.5512,40.5371],[72.5606,40.5374],[72.5706,40.5377],[72.583,40.536],[72.6131,40.5175],[72.6136,40.5172],[72.6141,40.5162],[72.6153,40.5157],[72.6158,40.5152],[72.6162,40.5154],[72.6193,40.5149],[72.6207,40.5145],[72.6216,40.514],[72.6251,40.5133],[72.6329,40.511],[72.6457,40.5104],[72.6546,40.5103],[72.6553,40.5105],[72.6555,40.5108],[72.6565,40.5129],[72.6589,40.5125],[72.6628,40.5167],[72.6694,40.5234],[72.6696,40.5293],[72.6686,40.5488],[72.6686,40.5518],[72.6681,40.5537],[72.6681,40.5541],[72.6677,40.5546],[72.6677,40.5551],[72.667,40.5558],[72.6604,40.5594],[72.6594,40.5598],[72.6584,40.561],[72.6583,40.5611],[72.6574,40.5614],[72.6626,40.5611],[72.6623,40.5622],[72.6624,40.5627],[72.6626,40.5629],[72.6655,40.5636],[72.6664,40.5645],[72.668,40.5632],[72.669,40.5629],[72.6727,40.564],[72.6732,40.5651],[72.6734,40.5671],[72.6729,40.5688],[72.6703,40.5719],[72.6688,40.5737],[72.6689,40.5749],[72.6692,40.5755],[72.6685,40.5774],[72.6679,40.5786],[72.6673,40.5792],[72.6669,40.5793],[72.6661,40.5792],[72.6655,40.5792],[72.6651,40.5794],[72.6651,40.5797],[72.6649,40.5799],[72.6641,40.58],[72.6635,40.5803],[72.6637,40.5805],[72.6649,40.5815],[72.6657,40.582],[72.6654,40.5824],[72.6651,40.5825],[72.6636,40.5823],[72.6632,40.5819],[72.6625,40.5817],[72.662,40.5825],[72.663,40.583],[72.6632,40.5834],[72.6643,40.5842],[72.6648,40.5843],[72.6649,40.5845],[72.6643,40.5848],[72.6638,40.5852],[72.6637,40.5854],[72.664,40.5855],[72.6645,40.5854],[72.6651,40.5854],[72.666,40.5852],[72.6668,40.5856],[72.667,40.5861],[72.6667,40.5864],[72.6664,40.5866],[72.6665,40.5868],[72.6672,40.5871],[72.6682,40.5879],[72.6688,40.588],[72.6695,40.5885],[72.6699,40.5892],[72.6703,40.5896],[72.6716,40.5899],[72.6721,40.5902],[72.6727,40.5908],[72.6732,40.5909],[72.6739,40.5909],[72.6748,40.5908],[72.6754,40.591],[72.6765,40.5917],[72.677,40.5921],[72.6782,40.5928],[72.679,40.5931],[72.6797,40.5931],[72.6803,40.5934],[72.681,40.5937],[72.683,40.5942],[72.684,40.5947],[72.685,40.5954],[72.6856,40.5956],[72.6865,40.5954],[72.6874,40.5952],[72.688,40.5955],[72.6884,40.5959],[72.689,40.596],[72.6901,40.5962],[72.6908,40.5964],[72.6916,40.5968],[72.6926,40.5972],[72.6927,40.5981],[72.6948,40.5979],[72.6948,40.5978],[72.6936,40.5969],[72.6938,40.5953],[72.6953,40.5941],[72.6968,40.5931],[72.6973,40.5929],[72.6982,40.5934],[72.6988,40.5934],[72.6995,40.593],[72.6998,40.5925],[72.6992,40.5921],[72.6998,40.5918],[72.7006,40.5918],[72.7014,40.5919],[72.7019,40.5918],[72.7024,40.591],[72.7021,40.5907],[72.7018,40.5895],[72.701,40.589],[72.7007,40.5884],[72.7011,40.5877],[72.7023,40.5875],[72.7031,40.5874],[72.704,40.5879],[72.7093,40.5889],[72.7143,40.5884],[72.7162,40.5894],[72.7173,40.5898],[72.718,40.5897],[72.7189,40.5892],[72.7199,40.5882],[72.7238,40.5878],[72.725,40.5873],[72.7269,40.586],[72.7284,40.5865],[72.7299,40.586],[72.7305,40.5846],[72.7328,40.583],[72.7348,40.5821],[72.7366,40.5829],[72.7373,40.5836],[72.7397,40.584],[72.7403,40.5835],[72.7408,40.5837],[72.7413,40.5836],[72.7416,40.5833],[72.7419,40.5826],[72.7422,40.5823],[72.743,40.5823],[72.7445,40.5815],[72.7464,40.5809],[72.7471,40.5806],[72.7479,40.58],[72.7475,40.5798],[72.7476,40.5795],[72.7471,40.5791],[72.7468,40.5781],[72.7468,40.578],[72.7473,40.5779],[72.7477,40.5773],[72.7474,40.5771],[72.7468,40.5767],[72.7466,40.5763],[72.7464,40.5758],[72.7451,40.5749],[72.7449,40.5746],[72.7465,40.5746],[72.7477,40.5739],[72.7479,40.5736],[72.7478,40.5731],[72.7475,40.5724],[72.7473,40.572],[72.7475,40.5718],[72.7476,40.5715],[72.7478,40.5713],[72.7481,40.5713],[72.7486,40.5713],[72.749,40.5713],[72.7497,40.5716],[72.7501,40.5712],[72.7506,40.5711],[72.7509,40.5712],[72.7516,40.5718],[72.7518,40.572],[72.752,40.5723],[72.7523,40.5726],[72.7525,40.5727],[72.7527,40.5728],[72.7528,40.573],[72.7529,40.5734],[72.753,40.5736],[72.7532,40.5739],[72.7534,40.5742],[72.7541,40.5742],[72.7546,40.5732],[72.7552,40.5727],[72.7559,40.5725],[72.7568,40.5725],[72.7585,40.5721],[72.7589,40.5719],[72.7592,40.5721],[72.76,40.5726],[72.7602,40.5728],[72.7602,40.5736],[72.7603,40.5751],[72.7608,40.5771],[72.7573,40.5792],[72.7551,40.5809],[72.7553,40.5843],[72.7529,40.5889],[72.7525,40.5907],[72.7526,40.5913],[72.7521,40.5919],[72.7513,40.5925],[72.7507,40.5934],[72.7504,40.5947],[72.7495,40.5955],[72.7491,40.5964],[72.7491,40.5974],[72.7503,40.6015],[72.7503,40.6028],[72.7496,40.6054],[72.7496,40.6077],[72.7505,40.6101],[72.7523,40.6129],[72.7528,40.6139],[72.7535,40.6141],[72.7547,40.6174],[72.7559,40.6182],[72.7567,40.6184],[72.757,40.6195],[72.757,40.6219],[72.7578,40.6235],[72.7598,40.6258],[72.7629,40.6277],[72.764,40.6281],[72.7651,40.6293],[72.7687,40.6343],[72.7719,40.637],[72.7736,40.6381],[72.7749,40.6385],[72.776,40.6391],[72.7771,40.6405],[72.778,40.641],[72.7789,40.6425],[72.7795,40.6431],[72.7804,40.6446],[72.7803,40.6467],[72.7811,40.6478],[72.7883,40.6508],[72.7898,40.6524],[72.7912,40.6532],[72.7856,40.6667],[72.7879,40.6678],[72.7944,40.6696],[72.7981,40.6717],[72.8004,40.675],[72.8013,40.6773],[72.8095,40.6761],[72.8108,40.677],[72.8126,40.6771],[72.8148,40.6759],[72.8199,40.6769],[72.8302,40.6755],[72.8381,40.6737],[72.8465,40.6727],[72.8658,40.7007],[72.8655,40.7009],[72.8655,40.7012],[72.8585,40.7009],[72.8585,40.7035],[72.8596,40.7036],[72.8597,40.7076],[72.8585,40.7076],[72.8586,40.7083],[72.8552,40.708],[72.8534,40.7082],[72.8534,40.7123],[72.8597,40.7117],[72.8621,40.7117],[72.8664,40.7116],[72.8676,40.7116],[72.8707,40.7111],[72.8727,40.7112],[72.8799,40.7129],[72.8826,40.7141],[72.8852,40.7149],[72.8858,40.716],[72.8865,40.7162],[72.8881,40.7159],[72.8894,40.7162],[72.8918,40.7177],[72.8934,40.7183],[72.8962,40.7193],[72.9046,40.7215],[72.9169,40.7234],[72.9223,40.7258],[72.9238,40.7275],[72.9256,40.7281],[72.934,40.7312],[72.9463,40.732],[72.9673,40.7504],[72.9911,40.7647],[72.9997,40.7636],[73.0045,40.7637],[73.0069,40.7647],[73.0118,40.7659],[73.0193,40.7676],[73.0202,40.7677],[73.0243,40.7671],[73.0293,40.7664],[73.031,40.7663],[73.0323,40.7665],[73.0336,40.7672],[73.0349,40.7684],[73.036,40.7687],[73.038,40.7686],[73.041,40.7683],[73.0435,40.7669],[73.0464,40.7654],[73.0465,40.7654],[73.0469,40.7653],[73.0527,40.7648],[73.0535,40.7651],[73.0559,40.767],[73.0573,40.768],[73.0587,40.7698],[73.0603,40.7699],[73.0648,40.7692],[73.0891,40.7741],[73.1352,40.7836],[73.1397,40.7853],[73.137,40.8056],[73.1375,40.8277],[73.1354,40.8334],[73.1277,40.839],[73.1257,40.8403],[73.1221,40.8401],[73.1156,40.8355],[73.1072,40.8336],[73.0932,40.8391],[73.0908,40.8453],[73.0897,40.8495],[73.0847,40.8511],[73.083,40.8501],[73.0803,40.8493],[73.0747,40.8515],[73.0697,40.8506],[73.065,40.8494],[73.0584,40.8464],[73.0394,40.8447],[73.0391,40.8444],[73.0382,40.8441],[73.0373,40.8442],[73.0365,40.8438],[73.035,40.8423],[73.0337,40.8412],[73.031,40.839],[73.0293,40.839],[73.029,40.8396],[73.0283,40.8403],[73.0272,40.8406],[73.0262,40.8411],[73.0256,40.8418],[73.0255,40.8421],[73.0257,40.8429],[73.0257,40.8439],[73.0252,40.8445],[73.0247,40.8448],[73.0242,40.845],[73.0238,40.8455],[73.0233,40.8458],[73.0217,40.8465],[73.0208,40.8462],[73.0201,40.8462],[73.0187,40.8463],[73.0178,40.8462],[73.0163,40.8458],[73.014,40.8452],[73.0135,40.8447],[73.013,40.8442],[73.0124,40.8445],[73.0121,40.8442],[73.0116,40.8436],[73.0084,40.8414],[73.0081,40.8413],[73.0078,40.8412],[73.0075,40.8414],[73.007,40.8413],[73.0065,40.841],[73.0063,40.8405],[73.0061,40.8397],[73.006,40.8395],[73.0,40.8428],[72.9999,40.8404],[72.9991,40.8381],[72.9978,40.8339],[72.9973,40.834],[72.9972,40.8339],[72.997,40.834],[72.9963,40.8333],[72.9954,40.8321],[72.9947,40.8314],[72.993,40.8304],[72.9905,40.8303],[72.9897,40.8305],[72.9866,40.8304],[72.985,40.8305],[72.9842,40.8307],[72.9838,40.8307],[72.9831,40.8303],[72.9823,40.83],[72.9812,40.8295],[72.9806,40.8294],[72.9799,40.8295],[72.9805,40.8267],[72.9795,40.8247],[72.9793,40.8241],[72.9784,40.8242],[72.978,40.8229],[72.9774,40.8229],[72.9771,40.8229],[72.977,40.8227],[72.9759,40.8226],[72.9762,40.8197],[72.9736,40.8198],[72.9733,40.8206],[72.9726,40.8206],[72.9724,40.8213],[72.9717,40.8206],[72.9696,40.8201],[72.9692,40.822],[72.966,40.8214],[72.9647,40.8209],[72.9636,40.8193],[72.9623,40.8185],[72.9625,40.8172],[72.9622,40.8171],[72.9612,40.8176],[72.961,40.8175],[72.9605,40.8164],[72.9588,40.8159],[72.9581,40.8146],[72.9585,40.8126],[72.9577,40.8116],[72.9579,40.8089],[72.9571,40.8078],[72.9571,40.8074],[72.9572,40.8071],[72.9581,40.805],[72.9553,40.8047],[72.9478,40.8034],[72.9391,40.8004],[72.9274,40.804],[72.9161,40.8066],[72.9113,40.8093],[72.9003,40.8155],[72.8998,40.8219],[72.8923,40.8299],[72.8807,40.8374],[72.8675,40.8437],[72.8414,40.8534],[72.834,40.856],[72.8322,40.8564],[72.8244,40.8526],[72.8022,40.8532],[72.7962,40.8532],[72.7865,40.8529],[72.7722,40.8531],[72.7522,40.8516],[72.7196,40.8498],[72.7126,40.8487],[72.6977,40.8546],[72.6917,40.851],[72.6764,40.8517],[72.6597,40.8548],[72.6425,40.8599],[72.6283,40.8625],[72.6146,40.8674],[72.6085,40.8708],[72.5913,40.868],[72.5817,40.8858],[72.5867,40.8942],[72.5874,40.8965],[72.5908,40.9009],[72.5919,40.9039],[72.5929,40.9051],[72.5912,40.9068],[72.5892,40.9124],[72.584,40.918],[72.5803,40.9206],[72.577,40.9226],[72.5738,40.9281],[72.5709,40.9314],[72.5707,40.9326],[72.5694,40.9344],[72.5674,40.9364],[72.5641,40.9386],[72.5631,40.9403],[72.5636,40.942],[72.5632,40.9426],[72.5613,40.943],[72.5606,40.9434],[72.5624,40.9462],[72.5619,40.9472],[72.5614,40.9488],[72.5599,40.9493],[72.5566,40.9545],[72.5507,40.9563],[72.5497,40.9575],[72.5499,40.9586],[72.5504,40.9589],[72.5515,40.9599],[72.5515,40.9608],[72.5517,40.9614],[72.5515,40.9618],[72.5481,40.9638],[72.5463,40.9648],[72.5448,40.9658],[72.5438,40.9652],[72.5426,40.9648],[72.5434,40.9642],[72.5422,40.9632],[72.5401,40.9622],[72.5375,40.9616],[72.5314,40.9614],[72.5293,40.9637],[72.5254,40.9593],[72.518,40.9688],[72.514,40.9697],[72.5114,40.9697],[72.5077,40.9687],[72.5057,40.971],[72.5036,40.9705],[72.4995,40.9675],[72.4976,40.9686],[72.496,40.9676],[72.4916,40.9698],[72.4906,40.9705],[72.4882,40.974],[72.4885,40.9749],[72.4896,40.9758],[72.5,40.9834],[72.5016,40.987],[72.4982,40.9863],[72.4967,40.987],[72.4968,40.9883],[72.4942,40.9884],[72.4912,40.9898],[72.4874,40.99],[72.4861,40.9909],[72.4885,40.9991],[72.4882,41.0009],[72.4865,41.0026],[72.4807,41.0088],[72.4683,41.0154],[72.4534,41.0278],[72.4504,41.0292],[72.4478,41.0296],[72.4442,41.0318],[72.4388,41.0318],[72.4309,41.0339],[72.4256,41.0343],[72.418,41.0288],[72.4163,41.0266],[72.3931,41.0278],[72.3888,41.0292],[72.3816,41.0316],[72.3772,41.0408],[72.3736,41.0411],[72.3681,41.0415],[72.366,41.0419],[72.3643,41.0426],[72.3621,41.0433],[72.3608,41.0442],[72.36,41.0462],[72.3571,41.0497],[72.3556,41.052],[72.3532,41.0552],[72.3509,41.0574],[72.3504,41.0604],[72.3495,41.0602],[72.3477,41.06],[72.3472,41.0594],[72.3449,41.0556],[72.342,41.0494],[72.3416,41.0484],[72.3406,41.0465],[72.3375,41.043],[72.3354,41.0431],[72.334,41.0418],[72.3325,41.0417],[72.3298,41.039],[72.3296,41.0382],[72.3303,41.0369],[72.325,41.0355],[72.3225,41.0349],[72.3201,41.0332],[72.3172,41.0317],[72.314,41.0305],[72.3098,41.0309],[72.2945,41.0298],[72.2922,41.0286],[72.2899,41.0284],[72.2879,41.0259],[72.289,41.0249],[72.2842,41.0205],[72.2801,41.0188],[72.2798,41.017],[72.279,41.0159],[72.2764,41.015],[72.2729,41.0133],[72.2716,41.012],[72.2715,41.0115],[72.2703,41.0109],[72.2684,41.0109],[72.2665,41.0118],[72.2465,41.0038],[72.2447,41.0047],[72.2428,41.0043],[72.242,41.0051],[72.2377,41.002],[72.2259,41.0008],[72.2237,41.0],[72.2231,41.0002],[72.2215,41.0002],[72.2199,41.0009],[72.2169,41.0],[72.2132,40.9999],[72.2097,40.999],[72.2083,40.9978],[72.2002,40.9989],[72.196,40.9974],[72.17,40.9155],[72.1623,40.9191],[72.1527,40.9164],[72.1404,40.9145],[72.1293,40.9073],[72.1256,40.8958],[72.0494,40.8899],[72.0422,40.8897],[72.0105,40.8921],[71.9386,40.9044],[71.9328,40.9066],[71.928,40.9105],[71.9228,40.9136],[71.9167,40.9163],[71.9103,40.9177],[71.9033,40.9183],[71.8308,40.9183],[71.645,40.8822],[71.6191,40.8691],[71.5753,40.838],[71.6228,40.7941],[71.5693,40.7727]],[[72.7581,40.6658],[72.7593,40.6713],[72.7602,40.6762],[72.7672,40.677],[72.7695,40.678],[72.7728,40.6773],[72.7738,40.6777],[72.7746,40.6779],[72.7744,40.6772],[72.7737,40.6751],[72.7736,40.6731],[72.7746,40.6702],[72.7746,40.6699],[72.7747,40.6639],[72.7676,40.6601],[72.7663,40.6612],[72.7582,40.6656],[72.7581,40.6658]]]}},{"type":"Feature","properties":{"shapeISO":"UZ-NG","shapeName":"Namangan Region"},"geometry":{"type":"Polygon","coordinates":[[[72.196,40.9974],[72.1845,40.997],[72.181,41.0028],[72.1782,41.0152],[72.1762,41.0188],[72.1766,41.0194],[72.1795,41.0241],[72.2068,41.029],[72.2078,41.0294],[72.2093,41.0331],[72.209,41.0416],[72.2096,41.0461],[72.2101,41.0508],[72.2087,41.0543],[72.2084,41.0569],[72.2085,41.0595],[72.2074,41.0619],[72.2061,41.0633],[72.2049,41.0647],[72.2017,41.073],[72.1982,41.0766],[72.1956,41.0817],[72.1929,41.0871],[72.1922,41.0917],[72.1908,41.0995],[72.1903,41.1023],[72.1795,41.1064],[72.1796,41.1079],[72.1792,41.1121],[72.1789,41.1167],[72.1687,41.119],[72.1667,41.1207],[72.1632,41.1226],[72.1597,41.1231],[72.1583,41.1238],[72.1569,41.1235],[72.15,41.1253],[72.1504,41.1313],[72.151,41.1381],[72.1537,41.1393],[72.1649,41.1446],[72.167,41.1464],[72.1695,41.1484],[72.1711,41.1501],[72.1728,41.1515],[72.1754,41.1547],[72.1764,41.1558],[72.1762,41.1561],[72.1767,41.1568],[72.175,41.1581],[72.1695,41.1633],[72.1686,41.164],[72.1665,41.1621],[72.1638,41.1641],[72.1554,41.1602],[72.1469,41.1592],[72.1393,41.1614],[72.137,41.1624],[72.1339,41.1615],[72.1307,41.1592],[72.1263,41.1557],[72.1204,41.1533],[72.1106,41.154],[72.1074,41.1528],[72.1045,41.1505],[72.1022,41.1481],[72.0996,41.1464],[72.0954,41.1411],[72.0947,41.137],[72.0937,41.1348],[72.0819,41.1271],[72.079,41.1252],[72.0742,41.1217],[72.0711,41.1174],[72.0686,41.1181],[72.0674,41.1195],[72.066,41.1202],[72.0643,41.1213],[72.0625,41.1236],[72.0619,41.1247],[72.0602,41.126],[72.0578,41.1269],[72.0577,41.1275],[72.0568,41.1275],[72.0555,41.1272],[72.055,41.1278],[72.054,41.1295],[72.053,41.1298],[72.0505,41.1298],[72.0492,41.1318],[72.0477,41.1324],[72.0453,41.1325],[72.0372,41.135],[72.0358,41.1355],[72.0309,41.1366],[72.0264,41.1365],[72.0218,41.1379],[72.0195,41.1397],[72.0163,41.1408],[72.0128,41.1424],[72.0103,41.1458],[72.0063,41.152],[72.0066,41.1565],[72.0002,41.157],[71.9929,41.1574],[71.9874,41.157],[71.9602,41.157],[71.9516,41.1461],[71.9426,41.1454],[71.9369,41.1504],[71.9358,41.1506],[71.935,41.1517],[71.9338,41.1516],[71.9327,41.152],[71.9314,41.1521],[71.9305,41.1524],[71.9306,41.1532],[71.93,41.1536],[71.9269,41.1544],[71.9254,41.1551],[71.924,41.1564],[71.9221,41.1555],[71.9205,41.1561],[71.9186,41.156],[71.9176,41.1562],[71.9168,41.158],[71.9149,41.1599],[71.9137,41.1605],[71.9121,41.1599],[71.9103,41.1597],[71.9074,41.1592],[71.9046,41.1593],[71.8954,41.1619],[71.8864,41.1678],[71.8834,41.1788],[71.8852,41.1906],[71.8838,41.1933],[71.8716,41.1943],[71.8636,41.1975],[71.862,41.2008],[71.8693,41.2176],[71.8785,41.2252],[71.8777,41.2299],[71.8794,41.2337],[71.8832,41.2358],[71.8854,41.2495],[71.8864,41.2533],[71.8866,41.256],[71.8946,41.2591],[71.8964,41.2591],[71.8968,41.2594],[71.9007,41.263],[71.9037,41.2669],[71.9043,41.272],[71.9081,41.2782],[71.9067,41.2799],[71.9055,41.2811],[71.9058,41.2824],[71.9086,41.2835],[71.9142,41.2854],[71.9167,41.287],[71.9188,41.2886],[71.9204,41.2905],[71.9227,41.292],[71.9251,41.2942],[71.9252,41.2946],[71.9236,41.2959],[71.9205,41.2974],[71.914,41.301],[71.9091,41.303],[71.9066,41.3053],[71.9026,41.3074],[71.9003,41.3091],[71.8972,41.3131],[71.8936,41.3177],[71.8906,41.3219],[71.8874,41.3258],[71.8804,41.3378],[71.8934,41.3427],[71.8921,41.3505],[71.8831,41.3573],[71.8832,41.3586],[71.8844,41.3602],[71.8826,41.362],[71.8808,41.3623],[71.8797,41.3625],[71.8793,41.3631],[71.8789,41.3636],[71.8789,41.3643],[71.8786,41.3644],[71.8786,41.3636],[71.8782,41.3623],[71.8764,41.3611],[71.8751,41.3592],[71.8743,41.3576],[71.8726,41.3556],[71.8708,41.354],[71.8688,41.3537],[71.8675,41.353],[71.8671,41.3515],[71.8675,41.3501],[71.8667,41.3492],[71.8575,41.3514],[71.8458,41.3524],[71.8378,41.3556],[71.8339,41.362],[71.8375,41.371],[71.8304,41.3793],[71.8311,41.38],[71.8313,41.3805],[71.8318,41.3809],[71.8316,41.3811],[71.8308,41.3812],[71.8303,41.3815],[71.8303,41.382],[71.8307,41.3824],[71.8258,41.3887],[71.8201,41.3915],[71.8141,41.3922],[71.8124,41.3932],[71.8098,41.3978],[71.8072,41.4013],[71.8063,41.3988],[71.8045,41.3999],[71.801,41.406],[71.7997,41.4081],[71.797,41.4085],[71.7965,41.4111],[71.7946,41.4132],[71.7928,41.4172],[71.7946,41.42],[71.7938,41.4256],[71.7949,41.4288],[71.7932,41.4337],[71.7921,41.4395],[71.7863,41.4419],[71.7821,41.4439],[71.7774,41.4467],[71.7736,41.448],[71.7699,41.4462],[71.7633,41.4395],[71.7596,41.4353],[71.7529,41.4342],[71.7483,41.4409],[71.7492,41.4468],[71.7422,41.4522],[71.7359,41.4521],[71.7369,41.4472],[71.7269,41.4436],[71.7201,41.4379],[71.7238,41.4323],[71.7225,41.4231],[71.7166,41.4198],[71.7076,41.4241],[71.6987,41.4357],[71.6965,41.4432],[71.6985,41.4501],[71.7167,41.4681],[71.7179,41.4752],[71.7266,41.4816],[71.728,41.4892],[71.7245,41.4974],[71.7228,41.5122],[71.7256,41.5171],[71.7252,41.5208],[71.7282,41.528],[71.7369,41.5322],[71.7325,41.5438],[71.7261,41.5468],[71.719,41.5455],[71.7127,41.5427],[71.7094,41.5402],[71.7082,41.5344],[71.7027,41.5334],[71.6922,41.5273],[71.6924,41.525],[71.6778,41.515],[71.6784,41.509],[71.6757,41.506],[71.6724,41.5016],[71.6707,41.5004],[71.6694,41.4978],[71.6665,41.497],[71.6623,41.4953],[71.6506,41.4941],[71.6431,41.4912],[71.6469,41.487],[71.6509,41.4859],[71.6633,41.4822],[71.67,41.4764],[71.674,41.4695],[71.6768,41.4583],[71.6661,41.4497],[71.672,41.4439],[71.6694,41.4384],[71.6716,41.4344],[71.6771,41.4332],[71.6764,41.4286],[71.6771,41.4254],[71.6804,41.4218],[71.6617,41.4012],[71.6577,41.3898],[71.6555,41.3762],[71.6477,41.3647],[71.6419,41.3487],[71.637,41.3486],[71.6292,41.3527],[71.628,41.3518],[71.6237,41.3486],[71.6167,41.337],[71.6038,41.329],[71.6002,41.3236],[71.6001,41.3195],[71.5965,41.3189],[71.5945,41.3132],[71.591,41.3034],[71.5878,41.3003],[71.5828,41.2981],[71.5772,41.2954],[71.5692,41.2936],[71.5619,41.2923],[71.555,41.2906],[71.5547,41.295],[71.5493,41.2983],[71.5446,41.2994],[71.5405,41.298],[71.5284,41.297],[71.5215,41.3074],[71.5055,41.3077],[71.4877,41.316],[71.4808,41.3149],[71.4719,41.3054],[71.457,41.2953],[71.4497,41.2868],[71.4485,41.2802],[71.4538,41.2675],[71.4483,41.2536],[71.4482,41.2449],[71.4522,41.2389],[71.4572,41.2354],[71.4595,41.2313],[71.4614,41.2256],[71.4626,41.2178],[71.459,41.2072],[71.4374,41.1967],[71.4399,41.1779],[71.4526,41.1675],[71.451,41.156],[71.4398,41.1368],[71.4396,41.127],[71.4351,41.1242],[71.4351,41.1236],[71.4274,41.1158],[71.4129,41.1052],[71.4014,41.1046],[71.3958,41.1074],[71.3925,41.1121],[71.3895,41.1292],[71.3874,41.141],[71.3824,41.1491],[71.3652,41.1627],[71.3569,41.1658],[71.3453,41.1657],[71.3342,41.1607],[71.3303,41.1573],[71.3267,41.154],[71.3217,41.1309],[71.3131,41.1185],[71.2957,41.1062],[71.2847,41.1042],[71.2764,41.106],[71.2733,41.1109],[71.2782,41.15],[71.2725,41.1734],[71.2669,41.1803],[71.2575,41.1864],[71.2518,41.1832],[71.2399,41.1912],[71.2318,41.1893],[71.2266,41.1864],[71.2236,41.1799],[71.2245,41.171],[71.2178,41.1673],[71.2116,41.1682],[71.2025,41.1853],[71.2024,41.1855],[71.1954,41.1857],[71.1878,41.1809],[71.1825,41.1747],[71.1777,41.1691],[71.1723,41.1692],[71.1674,41.1694],[71.1618,41.1669],[71.1551,41.1615],[71.1439,41.1525],[71.1271,41.1436],[71.1164,41.1451],[71.0981,41.1543],[71.0892,41.1604],[71.0793,41.1714],[71.076,41.177],[71.0587,41.1801],[71.0464,41.1848],[71.0341,41.192],[71.0321,41.1932],[71.0298,41.1931],[71.0193,41.1927],[70.9965,41.1767],[70.9908,41.1783],[70.9783,41.1693],[70.9667,41.1667],[70.9667,41.1641],[70.9658,41.1635],[70.9626,41.1658],[70.9506,41.1693],[70.9423,41.1759],[70.9377,41.1866],[70.9341,41.1913],[70.9312,41.193],[70.9282,41.1929],[70.9257,41.1936],[70.9208,41.1959],[70.9184,41.1979],[70.9137,41.199],[70.9129,41.2004],[70.9075,41.2027],[70.9051,41.2047],[70.9042,41.2067],[70.8991,41.2086],[70.8967,41.2086],[70.8948,41.2108],[70.8919,41.2119],[70.8889,41.2141],[70.8886,41.2154],[70.8861,41.2175],[70.8857,41.2193],[70.8842,41.222],[70.8824,41.2232],[70.8822,41.223],[70.8805,41.2232],[70.8802,41.2239],[70.8805,41.2245],[70.8801,41.2253],[70.8801,41.2259],[70.8802,41.2263],[70.8802,41.2265],[70.8801,41.2266],[70.88,41.2268],[70.8795,41.227],[70.8791,41.2275],[70.8793,41.2278],[70.8799,41.2285],[70.8798,41.2294],[70.8797,41.2297],[70.8794,41.23],[70.8787,41.2302],[70.8786,41.2308],[70.8771,41.2324],[70.8765,41.2335],[70.8724,41.2356],[70.8716,41.2368],[70.871,41.2369],[70.8688,41.2381],[70.8638,41.2429],[70.8618,41.2432],[70.8609,41.2438],[70.8587,41.2454],[70.8552,41.2503],[70.8528,41.2496],[70.8498,41.2488],[70.848,41.249],[70.8419,41.2508],[70.8393,41.2506],[70.8369,41.2505],[70.8342,41.2502],[70.8289,41.2475],[70.8244,41.2414],[70.8229,41.2409],[70.8188,41.2399],[70.8147,41.2385],[70.8114,41.2354],[70.8096,41.2333],[70.8072,41.2318],[70.802,41.2314],[70.7996,41.2305],[70.7972,41.2272],[70.7962,41.2233],[70.7975,41.2156],[70.7959,41.2113],[70.7941,41.2104],[70.7877,41.2005],[70.7873,41.196],[70.7863,41.1949],[70.7826,41.1984],[70.7815,41.203],[70.7814,41.2072],[70.776,41.2165],[70.7758,41.2171],[70.7752,41.2201],[70.7755,41.2247],[70.7744,41.2296],[70.7737,41.2334],[70.7736,41.2378],[70.7735,41.2402],[70.7727,41.2442],[70.7728,41.2459],[70.7729,41.2483],[70.7731,41.2511],[70.774,41.2531],[70.7736,41.2555],[70.7734,41.2563],[70.7738,41.2573],[70.774,41.2578],[70.7737,41.2587],[70.773,41.2596],[70.7703,41.2618],[70.7695,41.2629],[70.7684,41.2652],[70.7686,41.2669],[70.7689,41.2678],[70.7702,41.2711],[70.7734,41.2764],[70.7756,41.2778],[70.7772,41.2802],[70.7773,41.2809],[70.7775,41.2818],[70.7781,41.2853],[70.7784,41.2876],[70.778,41.2904],[70.7779,41.2911],[70.7764,41.2955],[70.7745,41.3016],[70.7732,41.3056],[70.7736,41.3068],[70.7752,41.3113],[70.7768,41.3132],[70.7767,41.3156],[70.7774,41.3168],[70.7788,41.3176],[70.7838,41.3204],[70.7847,41.3228],[70.7848,41.3237],[70.7853,41.3255],[70.7853,41.3257],[70.7852,41.3259],[70.7843,41.3276],[70.7828,41.3304],[70.7822,41.3307],[70.782,41.3308],[70.7778,41.3311],[70.777,41.3317],[70.7771,41.3331],[70.779,41.335],[70.7791,41.3359],[70.7807,41.3386],[70.7804,41.3402],[70.78,41.3448],[70.7804,41.3453],[70.7806,41.3456],[70.7813,41.3462],[70.7842,41.3473],[70.7861,41.3473],[70.7871,41.3487],[70.7852,41.3508],[70.7846,41.3531],[70.7812,41.3544],[70.7794,41.3594],[70.7792,41.3642],[70.7791,41.3661],[70.7777,41.3679],[70.7757,41.3697],[70.7751,41.3708],[70.7759,41.3719],[70.7776,41.3737],[70.7788,41.3756],[70.7791,41.3785],[70.779,41.3801],[70.7786,41.3809],[70.7787,41.3823],[70.7787,41.3831],[70.7799,41.3849],[70.7795,41.3866],[70.7784,41.3884],[70.7779,41.3886],[70.774,41.391],[70.7714,41.3926],[70.7698,41.3946],[70.7685,41.3969],[70.7677,41.3978],[70.7667,41.399],[70.7629,41.4018],[70.7619,41.4021],[70.7574,41.4035],[70.756,41.4052],[70.7544,41.4072],[70.7544,41.4096],[70.7525,41.4135],[70.7506,41.4154],[70.7499,41.4161],[70.7488,41.417],[70.7486,41.4172],[70.7472,41.4184],[70.7462,41.4186],[70.7456,41.4188],[70.7425,41.4196],[70.7424,41.4217],[70.7397,41.4248],[70.7389,41.4257],[70.7381,41.4268],[70.7366,41.4271],[70.7344,41.4272],[70.7343,41.429],[70.7336,41.4294],[70.7333,41.4304],[70.7336,41.4317],[70.7335,41.4327],[70.7331,41.4351],[70.7316,41.4359],[70.7299,41.437],[70.7284,41.4375],[70.7271,41.4382],[70.7253,41.4394],[70.7241,41.4403],[70.721,41.442],[70.7209,41.4421],[70.719,41.4457],[70.7173,41.4489],[70.7159,41.4517],[70.7153,41.4536],[70.7165,41.4556],[70.7169,41.4578],[70.7178,41.4599],[70.717,41.4636],[70.7169,41.4644],[70.7172,41.4658],[70.7154,41.4657],[70.7141,41.4655],[70.7088,41.4658],[70.7078,41.4659],[70.7071,41.4659],[70.7045,41.4658],[70.7016,41.4657],[70.6978,41.4671],[70.6963,41.4676],[70.6898,41.4685],[70.6881,41.4701],[70.6868,41.4719],[70.6826,41.4716],[70.6781,41.4699],[70.6749,41.4697],[70.6742,41.4699],[70.6708,41.4706],[70.6694,41.4705],[70.6676,41.4704],[70.666,41.4702],[70.6633,41.4685],[70.662,41.468],[70.6586,41.4658],[70.657,41.4649],[70.6536,41.4629],[70.6528,41.4612],[70.6526,41.4606],[70.6508,41.4594],[70.6495,41.4586],[70.6486,41.4581],[70.6481,41.4579],[70.6459,41.4576],[70.6412,41.4569],[70.6383,41.4571],[70.6368,41.4584],[70.6342,41.4593],[70.6324,41.4603],[70.6308,41.4611],[70.6269,41.4595],[70.6264,41.4595],[70.625,41.4595],[70.623,41.4594],[70.6197,41.4596],[70.6175,41.458],[70.6159,41.4566],[70.6122,41.4541],[70.6081,41.4525],[70.6037,41.4529],[70.6011,41.4541],[70.5992,41.4559],[70.5962,41.4562],[70.5943,41.4568],[70.5923,41.4557],[70.5909,41.4541],[70.5909,41.4528],[70.5913,41.452],[70.5915,41.4509],[70.5917,41.4466],[70.5911,41.4458],[70.5908,41.4456],[70.589,41.4446],[70.5859,41.443],[70.5828,41.4432],[70.5808,41.4429],[70.5788,41.443],[70.5777,41.4429],[70.577,41.4435],[70.5765,41.4436],[70.574,41.4437],[70.5719,41.4433],[70.5696,41.442],[70.568,41.4395],[70.5679,41.4389],[70.5681,41.4381],[70.5685,41.4372],[70.5682,41.436],[70.5672,41.4344],[70.5664,41.4324],[70.5663,41.4316],[70.5666,41.4307],[70.5669,41.4296],[70.5679,41.4286],[70.568,41.4277],[70.5676,41.4268],[70.5662,41.4264],[70.5648,41.426],[70.5602,41.4255],[70.5547,41.4222],[70.5529,41.4209],[70.5521,41.4194],[70.5518,41.417],[70.5523,41.4153],[70.5522,41.4138],[70.5522,41.4132],[70.552,41.4121],[70.5518,41.4111],[70.5515,41.4102],[70.551,41.4097],[70.5498,41.4091],[70.5491,41.4087],[70.5485,41.4087],[70.5481,41.4088],[70.5429,41.4095],[70.5411,41.4102],[70.5387,41.4089],[70.5366,41.4089],[70.5352,41.4089],[70.5324,41.407],[70.5292,41.4062],[70.5275,41.4052],[70.526,41.4045],[70.5234,41.4045],[70.5193,41.4023],[70.5176,41.4019],[70.5162,41.4004],[70.5137,41.3989],[70.5098,41.3995],[70.5073,41.4009],[70.5046,41.4029],[70.5013,41.4012],[70.4995,41.4006],[70.4987,41.3998],[70.4981,41.3993],[70.4975,41.3992],[70.4953,41.3975],[70.4944,41.3967],[70.4933,41.396],[70.4926,41.3929],[70.4894,41.3896],[70.4902,41.3878],[70.4915,41.3866],[70.4873,41.3764],[70.482,41.3734],[70.4804,41.3709],[70.474,41.3648],[70.4747,41.3613],[70.4758,41.3585],[70.474,41.3573],[70.4727,41.3561],[70.4725,41.3554],[70.4725,41.3535],[70.4724,41.3519],[70.4717,41.3508],[70.4704,41.3478],[70.4668,41.3459],[70.465,41.3454],[70.4621,41.3446],[70.4576,41.3423],[70.4546,41.3407],[70.4524,41.3373],[70.4511,41.3361],[70.4494,41.3351],[70.4482,41.3343],[70.447,41.3327],[70.4466,41.3316],[70.4452,41.3301],[70.4386,41.3267],[70.4359,41.3242],[70.4333,41.3213],[70.433,41.3207],[70.4319,41.3184],[70.4285,41.3174],[70.4279,41.3168],[70.4243,41.3151],[70.421,41.3135],[70.4198,41.3127],[70.4184,41.3111],[70.4167,41.3084],[70.415,41.3076],[70.4123,41.3079],[70.4083,41.3088],[70.4054,41.3099],[70.4046,41.3103],[70.4029,41.3114],[70.4016,41.3126],[70.3989,41.3102],[70.3943,41.3073],[70.3934,41.3042],[70.3935,41.2992],[70.3942,41.2969],[70.3896,41.2922],[70.3895,41.292],[70.3882,41.29],[70.3889,41.2857],[70.3888,41.2849],[70.3883,41.2811],[70.3884,41.2782],[70.3876,41.2751],[70.3876,41.2724],[70.3883,41.2693],[70.3879,41.2675],[70.3881,41.2658],[70.3884,41.2609],[70.3909,41.2617],[70.3948,41.262],[70.3965,41.2626],[70.3983,41.2626],[70.4019,41.2626],[70.4056,41.2624],[70.4202,41.2659],[70.4309,41.262],[70.4385,41.2616],[70.4473,41.2619],[70.4489,41.2608],[70.449,41.2592],[70.4463,41.2532],[70.4403,41.2498],[70.4379,41.2466],[70.4272,41.2338],[70.4262,41.2079],[70.4354,41.1968],[70.4349,41.184],[70.4506,41.1692],[70.4515,41.1627],[70.4382,41.1536],[70.4448,41.1429],[70.4557,41.1345],[70.4641,41.1298],[70.4838,41.1215],[70.4993,41.1092],[70.5193,41.0971],[70.5156,41.0957],[70.5088,41.0946],[70.5064,41.0935],[70.5022,41.091],[70.5014,41.0907],[70.5012,41.0907],[70.4988,41.0902],[70.4959,41.0889],[70.4966,41.0878],[70.4974,41.0858],[70.4975,41.0854],[70.4975,41.0832],[70.4975,41.083],[70.497,41.0794],[70.4945,41.077],[70.4932,41.0744],[70.4925,41.0736],[70.4923,41.073],[70.4904,41.0707],[70.4902,41.0704],[70.4889,41.0679],[70.4868,41.0664],[70.4849,41.0621],[70.484,41.0608],[70.4814,41.0589],[70.4799,41.0565],[70.4781,41.0531],[70.4772,41.0514],[70.4767,41.0494],[70.475,41.0453],[70.4749,41.0441],[70.4725,41.0413],[70.4734,41.0404],[70.4744,41.0395],[70.4745,41.0391],[70.4748,41.0385],[70.4752,41.0377],[70.4757,41.0373],[70.4763,41.036],[70.4776,41.0352],[70.4798,41.035],[70.4805,41.0349],[70.481,41.0343],[70.4834,41.0337],[70.4841,41.0317],[70.4844,41.0314],[70.4852,41.0302],[70.4854,41.0299],[70.4859,41.0289],[70.4869,41.0278],[70.4875,41.0254],[70.489,41.0237],[70.4903,41.0231],[70.4916,41.0228],[70.4943,41.0227],[70.4958,41.0206],[70.4971,41.0188],[70.5006,41.0168],[70.5008,41.0168],[70.5041,41.016],[70.5064,41.0147],[70.5083,41.0141],[70.5091,41.0138],[70.512,41.012],[70.5141,41.0107],[70.5145,41.0105],[70.5145,41.0096],[70.5133,41.009],[70.5131,41.0073],[70.5154,41.0055],[70.5165,41.0038],[70.5175,41.0012],[70.518,41.0006],[70.5203,40.9979],[70.5203,40.9971],[70.5205,40.9962],[70.5212,40.9946],[70.5214,40.9938],[70.5213,40.9909],[70.5214,40.9897],[70.5218,40.9878],[70.5238,40.986],[70.5248,40.984],[70.5285,40.9817],[70.5324,40.98],[70.5346,40.9799],[70.5433,40.9804],[70.5502,40.9802],[70.5519,40.9797],[70.5535,40.9779],[70.5565,40.9752],[70.56,40.9731],[70.5645,40.9703],[70.5669,40.9672],[70.5681,40.9629],[70.5705,40.9595],[70.5738,40.9559],[70.5798,40.9522],[70.5829,40.9469],[70.5864,40.9415],[70.5893,40.9382],[70.596,40.9329],[70.5974,40.927],[70.5999,40.9209],[70.604,40.9175],[70.6067,40.9123],[70.6078,40.9079],[70.6101,40.9052],[70.6146,40.9012],[70.6194,40.8992],[70.6239,40.8976],[70.628,40.8967],[70.6308,40.895],[70.6315,40.8934],[70.6328,40.8905],[70.6355,40.8878],[70.6394,40.8839],[70.6432,40.8782],[70.6426,40.8736],[70.6433,40.8699],[70.6455,40.8649],[70.6532,40.8622],[70.6591,40.8575],[70.6657,40.8523],[70.6701,40.8525],[70.6725,40.8489],[70.675,40.8466],[70.677,40.8447],[70.6789,40.8426],[70.6794,40.8423],[70.6805,40.8422],[70.6815,40.8419],[70.6825,40.8417],[70.6833,40.8416],[70.6844,40.8414],[70.6856,40.8411],[70.6873,40.8404],[70.6925,40.8383],[70.6961,40.8367],[70.6986,40.8355],[70.7052,40.8314],[70.7062,40.8307],[70.7068,40.8302],[70.7101,40.8277],[70.7117,40.8264],[70.7133,40.8251],[70.7167,40.8209],[70.7209,40.8169],[70.7242,40.8129],[70.7248,40.8123],[70.7259,40.8112],[70.7279,40.8091],[70.7278,40.8088],[70.7255,40.805],[70.7237,40.8026],[70.7194,40.8004],[70.7165,40.8022],[70.713,40.8001],[70.7109,40.8002],[70.7073,40.8004],[70.7042,40.8006],[70.7043,40.8004],[70.7055,40.7999],[70.7062,40.7995],[70.708,40.7986],[70.7089,40.7981],[70.7117,40.7962],[70.7134,40.7951],[70.7152,40.794],[70.7166,40.793],[70.7197,40.7904],[70.7219,40.7887],[70.7246,40.7867],[70.7258,40.7861],[70.7286,40.7849],[70.7368,40.7789],[70.7412,40.7758],[70.7437,40.7739],[70.744,40.7736],[70.7461,40.7683],[70.7464,40.7679],[70.7428,40.767],[70.7402,40.7664],[70.7418,40.7649],[70.751,40.7635],[70.7558,40.7616],[70.7592,40.7603],[70.7639,40.7584],[70.7671,40.7564],[70.7695,40.7549],[70.7711,40.7539],[70.7722,40.7532],[70.7733,40.7525],[70.7746,40.7516],[70.7771,40.7495],[70.7789,40.7481],[70.7793,40.7473],[70.7804,40.7451],[70.7819,40.7446],[70.7835,40.7436],[70.7852,40.7427],[70.7864,40.742],[70.7867,40.742],[70.7882,40.7399],[70.7904,40.7378],[70.7929,40.7359],[70.7946,40.7345],[70.7947,40.7342],[70.7948,40.7338],[70.7951,40.7334],[70.7952,40.733],[70.7953,40.733],[70.7955,40.7327],[70.7955,40.7323],[70.7954,40.732],[70.7954,40.7317],[70.7954,40.7316],[70.7956,40.7299],[70.7959,40.7284],[70.7959,40.7275],[70.796,40.7269],[70.7962,40.7257],[70.7987,40.7271],[70.802,40.7296],[70.8025,40.7299],[70.9078,40.7505],[70.9808,40.7605],[71.1269,40.7622],[71.1269,40.7586],[71.1189,40.7499],[71.0894,40.7227],[71.1075,40.6902],[71.148,40.6597],[71.1544,40.6572],[71.2689,40.6147],[71.2775,40.6133],[71.2833,40.6149],[71.2939,40.6202],[71.3408,40.6536],[71.3591,40.6672],[71.3755,40.6835],[71.3828,40.6927],[71.3917,40.7074],[71.4183,40.7205],[71.4347,40.7274],[71.5072,40.7572],[71.5191,40.7608],[71.5693,40.7727],[71.6228,40.7941],[71.5753,40.838],[71.6191,40.8691],[71.645,40.8822],[71.8308,40.9183],[71.9033,40.9183],[71.9103,40.9177],[71.9167,40.9163],[71.9228,40.9136],[71.928,40.9105],[71.9328,40.9066],[71.9386,40.9044],[72.0105,40.8921],[72.0422,40.8897],[72.0494,40.8899],[72.1256,40.8958],[72.1293,40.9073],[72.1404,40.9145],[72.1527,40.9164],[72.1623,40.9191],[72.17,40.9155],[72.196,40.9974]],[[70.5429,40.9885],[70.544,40.9919],[70.5497,40.9953],[70.5535,40.999],[70.5557,41.002],[70.5586,41.0045],[70.5645,41.0066],[70.5671,41.0058],[70.5689,41.0041],[70.5767,40.9977],[70.582,40.9937],[70.5907,40.9895],[70.5968,40.9864],[70.6075,40.98],[70.6164,40.9731],[70.6241,40.9654],[70.6296,40.9569],[70.6357,40.9509],[70.6424,40.9436],[70.6502,40.9367],[70.6557,40.9316],[70.6624,40.9273],[70.6668,40.9209],[70.6696,40.9179],[70.6695,40.9145],[70.6678,40.9141],[70.6634,40.9158],[70.6567,40.9184],[70.6506,40.9253],[70.6433,40.9304],[70.6361,40.9381],[70.6306,40.9431],[70.625,40.9492],[70.6195,40.9552],[70.6145,40.9604],[70.6101,40.9659],[70.6028,40.9719],[70.5933,40.9763],[70.5856,40.9831],[70.5761,40.9879],[70.5688,40.9909],[70.5615,40.9901],[70.553,40.988],[70.5457,40.9885],[70.5429,40.9885]]]}},{"type":"Feature","properties":{"shapeISO":"UZ-FA","shapeName":"Fergana Region"},"geometry":{"type":"MultiPolygon","coordinates":[[[[71.5693,40.7727],[71.5191,40.7608],[71.5072,40.7572],[71.4347,40.7274],[71.4183,40.7205],[71.3917,40.7074],[71.3828,40.6927],[71.3755,40.6835],[71.3591,40.6672],[71.3408,40.6536],[71.2939,40.6202],[71.2833,40.6149],[71.2775,40.6133],[71.2689,40.6147],[71.1544,40.6572],[71.148,40.6597],[71.1075,40.6902],[71.0894,40.7227],[71.1189,40.7499],[71.1269,40.7586],[71.1269,40.7622],[70.9808,40.7605],[70.9078,40.7505],[70.8025,40.7299],[70.802,40.7296],[70.7987,40.7271],[70.7962,40.7257],[70.7974,40.7199],[70.7949,40.7198],[70.7915,40.7201],[70.7882,40.7198],[70.7861,40.7194],[70.7815,40.7185],[70.7788,40.7178],[70.7768,40.7165],[70.7755,40.7142],[70.7748,40.7115],[70.7736,40.7076],[70.7729,40.7049],[70.7718,40.7033],[70.7693,40.7004],[70.7687,40.6984],[70.7691,40.6958],[70.7686,40.6928],[70.7667,40.688],[70.7643,40.6857],[70.7609,40.6836],[70.7575,40.6827],[70.7538,40.6826],[70.7495,40.6832],[70.7458,40.6844],[70.7406,40.6868],[70.7381,40.6877],[70.735,40.688],[70.7327,40.6878],[70.7308,40.6867],[70.73,40.6849],[70.7295,40.6814],[70.7316,40.6744],[70.7345,40.6698],[70.7366,40.6659],[70.7375,40.6615],[70.7351,40.6581],[70.7321,40.656],[70.7274,40.6551],[70.7239,40.6561],[70.7226,40.6586],[70.7193,40.6616],[70.7144,40.6635],[70.7074,40.6635],[70.703,40.6624],[70.6998,40.6595],[70.6972,40.6563],[70.6937,40.6531],[70.6867,40.6525],[70.6811,40.6496],[70.6752,40.6456],[70.6707,40.6415],[70.6657,40.6354],[70.6586,40.629],[70.6542,40.6278],[70.6455,40.6287],[70.6429,40.6285],[70.6366,40.6243],[70.6328,40.6201],[70.6276,40.6145],[70.6245,40.61],[70.6234,40.6077],[70.6221,40.6061],[70.6201,40.6024],[70.6178,40.5995],[70.6139,40.5927],[70.6118,40.5878],[70.6085,40.5834],[70.5874,40.566],[70.578,40.5633],[70.5625,40.563],[70.5522,40.5571],[70.5355,40.5582],[70.5324,40.5579],[70.5228,40.5569],[70.5141,40.5533],[70.5099,40.5467],[70.5095,40.5448],[70.5069,40.532],[70.4973,40.5247],[70.4948,40.5114],[70.4847,40.5045],[70.4706,40.5046],[70.4673,40.5046],[70.4564,40.5006],[70.431,40.4906],[70.4138,40.4883],[70.3993,40.4832],[70.3956,40.4827],[70.3855,40.4768],[70.3547,40.468],[70.3518,40.4662],[70.3466,40.4651],[70.3342,40.4626],[70.3315,40.4593],[70.3283,40.4452],[70.3376,40.434],[70.3448,40.4295],[70.348,40.4255],[70.3503,40.4119],[70.3505,40.4087],[70.3537,40.4066],[70.3562,40.4059],[70.3598,40.4037],[70.3649,40.3975],[70.369,40.3933],[70.379,40.3865],[70.3868,40.3838],[70.4037,40.3801],[70.4167,40.3788],[70.4221,40.3783],[70.4271,40.3758],[70.4328,40.3694],[70.4361,40.3686],[70.4454,40.3683],[70.4525,40.3673],[70.456,40.3646],[70.4544,40.3629],[70.4542,40.3621],[70.4588,40.3597],[70.4635,40.3579],[70.4732,40.3538],[70.4838,40.3509],[70.4912,40.3507],[70.5079,40.3514],[70.5279,40.3529],[70.5553,40.3547],[70.56,40.3542],[70.5606,40.3524],[70.5613,40.347],[70.5616,40.346],[70.572,40.3424],[70.578,40.3383],[70.5773,40.336],[70.5733,40.333],[70.5626,40.3209],[70.5614,40.3176],[70.5602,40.3165],[70.5598,40.3121],[70.561,40.3099],[70.563,40.3059],[70.5655,40.3053],[70.5661,40.3045],[70.5669,40.3024],[70.5699,40.2929],[70.5759,40.2834],[70.5752,40.2732],[70.5742,40.2609],[70.5735,40.2512],[70.5728,40.242],[70.5748,40.2397],[70.5795,40.2344],[70.5851,40.2239],[70.5951,40.2131],[70.6061,40.2057],[70.6117,40.2011],[70.6164,40.195],[70.6273,40.1811],[70.6323,40.1773],[70.6476,40.1785],[70.663,40.1805],[70.6796,40.1831],[70.6916,40.1848],[70.7033,40.1881],[70.714,40.1899],[70.7186,40.1898],[70.7269,40.1893],[70.7443,40.1877],[70.7532,40.188],[70.7599,40.1882],[70.7676,40.192],[70.7763,40.1968],[70.7886,40.2021],[70.7936,40.2034],[70.8019,40.2046],[70.8193,40.2076],[70.836,40.2106],[70.8396,40.2122],[70.85,40.2175],[70.8653,40.2213],[70.8753,40.2212],[70.8946,40.2209],[70.9203,40.2202],[70.9483,40.2206],[70.9719,40.2213],[70.9825,40.2256],[70.9825,40.2325],[70.9805,40.2386],[70.9804,40.2421],[70.9803,40.2432],[70.9751,40.2501],[70.9766,40.2516],[70.9767,40.257],[70.9609,40.2676],[70.9592,40.2852],[70.9638,40.2883],[70.9723,40.2885],[70.9846,40.286],[71.0188,40.2961],[71.0311,40.289],[71.0207,40.2834],[71.0259,40.2812],[71.0315,40.2793],[71.0336,40.2794],[71.0349,40.2795],[71.0356,40.2799],[71.0384,40.2816],[71.0419,40.2832],[71.0473,40.2846],[71.0504,40.2853],[71.0517,40.2856],[71.054,40.2871],[71.0553,40.2875],[71.0567,40.2878],[71.0673,40.2888],[71.0694,40.2892],[71.0719,40.2898],[71.076,40.2923],[71.0776,40.2939],[71.0798,40.2961],[71.0829,40.2991],[71.0847,40.3008],[71.0877,40.3031],[71.0899,40.3043],[71.0909,40.3048],[71.0921,40.3051],[71.0931,40.3055],[71.0963,40.3075],[71.0979,40.3088],[71.0995,40.3106],[71.1013,40.3132],[71.1027,40.315],[71.1043,40.3163],[71.1068,40.3179],[71.1092,40.3192],[71.1232,40.3331],[71.124,40.3338],[71.1251,40.3347],[71.1263,40.3356],[71.1277,40.3364],[71.1284,40.3366],[71.1291,40.3365],[71.1307,40.3372],[71.1311,40.3381],[71.1454,40.3359],[71.1504,40.3362],[71.1558,40.3366],[71.159,40.3373],[71.1685,40.3393],[71.1784,40.3408],[71.1988,40.3443],[71.2035,40.3451],[71.2082,40.3443],[71.2111,40.3438],[71.2132,40.3434],[71.216,40.343],[71.2193,40.3427],[71.2248,40.3421],[71.2253,40.3421],[71.227,40.3418],[71.2321,40.3405],[71.2347,40.3397],[71.2428,40.3376],[71.2457,40.3361],[71.2472,40.3352],[71.2506,40.3332],[71.2518,40.3332],[71.2525,40.3326],[71.2524,40.3315],[71.2519,40.3295],[71.249,40.3271],[71.248,40.3267],[71.2474,40.3263],[71.2471,40.3261],[71.2458,40.3258],[71.2446,40.3254],[71.243,40.3246],[71.2425,40.3242],[71.2421,40.3237],[71.2412,40.3236],[71.2403,40.3229],[71.2402,40.3227],[71.2411,40.322],[71.2431,40.3232],[71.2445,40.324],[71.2454,40.3243],[71.2457,40.3242],[71.2463,40.3245],[71.2474,40.3248],[71.2477,40.3241],[71.2475,40.3235],[71.2481,40.3233],[71.2484,40.3241],[71.2483,40.3246],[71.2487,40.3253],[71.249,40.3257],[71.2501,40.3262],[71.2513,40.3266],[71.2521,40.3273],[71.2529,40.3279],[71.254,40.3297],[71.2548,40.3312],[71.2561,40.3309],[71.2568,40.3315],[71.2568,40.3319],[71.2574,40.3324],[71.2586,40.3326],[71.2603,40.3334],[71.2619,40.334],[71.2636,40.3348],[71.2651,40.3355],[71.2659,40.336],[71.266,40.3363],[71.2676,40.3372],[71.2681,40.3376],[71.2685,40.3382],[71.2689,40.3386],[71.2694,40.3394],[71.2706,40.3396],[71.2721,40.3419],[71.2726,40.3426],[71.2729,40.3425],[71.2738,40.3436],[71.2764,40.3432],[71.2792,40.3424],[71.2828,40.3415],[71.285,40.3404],[71.2859,40.3393],[71.2903,40.337],[71.2908,40.3366],[71.2914,40.3361],[71.2923,40.3358],[71.2941,40.3351],[71.2971,40.3324],[71.2983,40.3317],[71.3007,40.3308],[71.2986,40.3287],[71.2946,40.327],[71.2928,40.3257],[71.2947,40.3217],[71.2959,40.32],[71.2969,40.3179],[71.2977,40.3163],[71.2985,40.3147],[71.2997,40.314],[71.303,40.3119],[71.308,40.3085],[71.3096,40.3074],[71.3107,40.3072],[71.3122,40.3091],[71.3128,40.3098],[71.3139,40.3101],[71.3152,40.3104],[71.3177,40.3109],[71.3183,40.3112],[71.3219,40.3155],[71.3234,40.3173],[71.3241,40.3178],[71.3258,40.3178],[71.3277,40.3178],[71.3303,40.3177],[71.3317,40.3178],[71.333,40.3177],[71.3343,40.3176],[71.3355,40.3173],[71.3342,40.314],[71.3353,40.3137],[71.3365,40.3134],[71.3379,40.3134],[71.3411,40.3142],[71.3432,40.3143],[71.3442,40.3145],[71.3455,40.3145],[71.347,40.3149],[71.3461,40.318],[71.3462,40.3187],[71.3474,40.3184],[71.3495,40.3191],[71.3496,40.3197],[71.3527,40.3204],[71.3537,40.3189],[71.3569,40.3189],[71.3575,40.3185],[71.3582,40.3166],[71.3616,40.317],[71.3626,40.3169],[71.364,40.3171],[71.3669,40.3186],[71.369,40.3189],[71.37,40.3183],[71.3703,40.3177],[71.3717,40.3154],[71.3753,40.3166],[71.3762,40.3154],[71.3767,40.3141],[71.3757,40.3129],[71.3749,40.3121],[71.3716,40.3109],[71.3696,40.3099],[71.3677,40.3092],[71.3676,40.3078],[71.3673,40.3061],[71.37,40.3059],[71.3716,40.3063],[71.3733,40.3067],[71.3766,40.3076],[71.3797,40.3072],[71.3815,40.3064],[71.3901,40.3091],[71.3911,40.3091],[71.3929,40.3084],[71.3948,40.3069],[71.3957,40.3071],[71.3971,40.3063],[71.3981,40.3041],[71.3988,40.3019],[71.3994,40.3018],[71.4,40.3018],[71.4012,40.3012],[71.4141,40.2912],[71.4176,40.2902],[71.4232,40.2867],[71.4246,40.2854],[71.4255,40.2851],[71.4262,40.285],[71.428,40.284],[71.4397,40.2812],[71.4426,40.2808],[71.4489,40.2792],[71.4548,40.2786],[71.4597,40.2771],[71.4719,40.2771],[71.4777,40.2749],[71.4797,40.2748],[71.4851,40.2767],[71.4905,40.2742],[71.4932,40.2748],[71.4958,40.2754],[71.4977,40.2759],[71.4993,40.2765],[71.5008,40.2772],[71.5015,40.2771],[71.502,40.2767],[71.5042,40.2748],[71.5052,40.2732],[71.5064,40.2712],[71.5073,40.2707],[71.5094,40.2698],[71.5115,40.2682],[71.5111,40.2675],[71.5107,40.2671],[71.5107,40.2667],[71.5109,40.2661],[71.5112,40.2661],[71.5114,40.2656],[71.512,40.2656],[71.5126,40.2636],[71.5113,40.2589],[71.5116,40.2585],[71.5119,40.2582],[71.5121,40.2577],[71.5116,40.2576],[71.5113,40.2573],[71.511,40.2572],[71.5118,40.2561],[71.5116,40.256],[71.5115,40.2536],[71.5116,40.2534],[71.5113,40.253],[71.5115,40.2524],[71.5121,40.2519],[71.5129,40.2504],[71.5127,40.2495],[71.5127,40.2485],[71.5115,40.2442],[71.5175,40.2391],[71.5176,40.2387],[71.5168,40.2374],[71.5157,40.2357],[71.5155,40.2355],[71.5144,40.2338],[71.5141,40.233],[71.5129,40.231],[71.5132,40.2308],[71.5147,40.2301],[71.5152,40.2298],[71.516,40.2293],[71.5171,40.229],[71.5172,40.2282],[71.5188,40.2271],[71.5223,40.2262],[71.5249,40.2262],[71.529,40.2258],[71.5302,40.2256],[71.5337,40.2248],[71.5366,40.2242],[71.5405,40.2227],[71.5456,40.2205],[71.5511,40.2187],[71.5541,40.2178],[71.5594,40.2164],[71.5605,40.2164],[71.5625,40.2162],[71.5692,40.2144],[71.57,40.2143],[71.5708,40.2145],[71.5725,40.216],[71.5735,40.2157],[71.5737,40.2158],[71.5741,40.2157],[71.5742,40.2158],[71.5744,40.216],[71.5746,40.2161],[71.5749,40.2161],[71.5753,40.2169],[71.5754,40.217],[71.5769,40.2167],[71.5782,40.2167],[71.5784,40.2166],[71.5784,40.2164],[71.5782,40.2148],[71.5796,40.2145],[71.58,40.2142],[71.5803,40.216],[71.5799,40.2168],[71.58,40.2179],[71.5803,40.2187],[71.5822,40.2188],[71.5827,40.2187],[71.584,40.2187],[71.5842,40.2184],[71.5856,40.218],[71.5869,40.2179],[71.5895,40.2177],[71.591,40.2181],[71.5926,40.218],[71.5929,40.2176],[71.593,40.2174],[71.5937,40.2149],[71.5941,40.2124],[71.5954,40.2123],[71.5956,40.2115],[71.5961,40.2115],[71.5965,40.2113],[71.5971,40.211],[71.5981,40.2108],[71.599,40.2107],[71.6008,40.2104],[71.6016,40.2103],[71.6024,40.2103],[71.6034,40.2102],[71.6058,40.2096],[71.6061,40.2097],[71.6077,40.2093],[71.6086,40.2088],[71.6096,40.2085],[71.611,40.2081],[71.6128,40.2078],[71.6129,40.2077],[71.6137,40.2076],[71.6163,40.2067],[71.618,40.2068],[71.6192,40.2074],[71.6197,40.2094],[71.62,40.2098],[71.621,40.2133],[71.6203,40.2138],[71.62,40.2142],[71.6186,40.2153],[71.6178,40.2154],[71.6177,40.2164],[71.6172,40.2166],[71.6167,40.2164],[71.6161,40.2165],[71.6156,40.2165],[71.6154,40.2173],[71.6153,40.2181],[71.6179,40.218],[71.6217,40.2169],[71.6228,40.2167],[71.6268,40.2154],[71.6278,40.2158],[71.6289,40.2177],[71.629,40.2179],[71.6262,40.22],[71.6255,40.2207],[71.6251,40.2214],[71.6253,40.2223],[71.6242,40.2243],[71.6244,40.2252],[71.6247,40.2258],[71.6247,40.226],[71.6245,40.2264],[71.624,40.2308],[71.6224,40.2319],[71.6214,40.2362],[71.6197,40.2377],[71.6196,40.2381],[71.6197,40.2384],[71.6207,40.2441],[71.6211,40.2449],[71.6213,40.2459],[71.6214,40.2466],[71.6214,40.2471],[71.6218,40.2479],[71.6223,40.249],[71.6216,40.249],[71.6207,40.2491],[71.6201,40.2494],[71.6195,40.2499],[71.619,40.2503],[71.6187,40.2508],[71.6186,40.2518],[71.6186,40.2522],[71.6184,40.2524],[71.6183,40.2525],[71.6185,40.2529],[71.6189,40.2533],[71.6192,40.2536],[71.6192,40.2538],[71.6191,40.2543],[71.6191,40.2544],[71.619,40.2547],[71.6187,40.2549],[71.6186,40.2549],[71.6184,40.255],[71.6182,40.2552],[71.6181,40.2554],[71.6181,40.2555],[71.6182,40.2556],[71.6183,40.2557],[71.6199,40.2557],[71.6202,40.2573],[71.6189,40.2575],[71.6189,40.2577],[71.6189,40.2588],[71.6192,40.26],[71.62,40.2645],[71.6198,40.2648],[71.6197,40.2651],[71.6197,40.2653],[71.6198,40.2654],[71.6198,40.2657],[71.6198,40.266],[71.6199,40.2663],[71.6201,40.2666],[71.6201,40.2668],[71.6201,40.267],[71.6201,40.2671],[71.6219,40.2672],[71.6231,40.2675],[71.6246,40.2676],[71.6265,40.2675],[71.6293,40.2679],[71.6307,40.2663],[71.6312,40.266],[71.6315,40.2649],[71.6338,40.2647],[71.635,40.265],[71.6359,40.265],[71.6367,40.2652],[71.6406,40.2666],[71.6437,40.2672],[71.6436,40.268],[71.6443,40.2687],[71.6445,40.2687],[71.6452,40.2698],[71.6496,40.2705],[71.6528,40.2713],[71.658,40.271],[71.6641,40.271],[71.6681,40.271],[71.6728,40.2696],[71.6736,40.2688],[71.68,40.2701],[71.6805,40.2699],[71.6808,40.2694],[71.6808,40.2684],[71.6809,40.2646],[71.681,40.2643],[71.681,40.264],[71.6809,40.2637],[71.6813,40.2615],[71.6803,40.2608],[71.68,40.2597],[71.6799,40.259],[71.681,40.2578],[71.6825,40.2551],[71.6833,40.2546],[71.6849,40.2543],[71.6861,40.254],[71.6876,40.2534],[71.6886,40.2528],[71.6905,40.2516],[71.6917,40.251],[71.6926,40.251],[71.6937,40.2507],[71.6945,40.2504],[71.6953,40.2483],[71.6987,40.244],[71.6993,40.2422],[71.6998,40.2416],[71.7,40.2406],[71.6998,40.2401],[71.7001,40.2391],[71.7003,40.2389],[71.7008,40.2373],[71.7008,40.2358],[71.7001,40.2334],[71.6996,40.2325],[71.6983,40.2317],[71.6979,40.2309],[71.6967,40.2295],[71.6959,40.228],[71.6951,40.2275],[71.695,40.2269],[71.6947,40.2268],[71.6946,40.2258],[71.6942,40.2247],[71.6951,40.2242],[71.6955,40.2239],[71.6964,40.2225],[71.6973,40.2212],[71.6977,40.2209],[71.6979,40.2198],[71.6982,40.2187],[71.6983,40.218],[71.698,40.217],[71.6981,40.2167],[71.6989,40.216],[71.699,40.2158],[71.699,40.2152],[71.699,40.215],[71.6991,40.2148],[71.6995,40.2146],[71.6997,40.2143],[71.7002,40.2132],[71.7012,40.2118],[71.7016,40.2115],[71.7022,40.2106],[71.7023,40.2102],[71.7025,40.2097],[71.704,40.2081],[71.7039,40.2072],[71.7043,40.2064],[71.7043,40.2055],[71.705,40.2042],[71.7058,40.2038],[71.7066,40.2027],[71.7062,40.202],[71.7062,40.2014],[71.7028,40.2032],[71.7016,40.2037],[71.7013,40.2045],[71.701,40.205],[71.7001,40.2071],[71.6998,40.2076],[71.6992,40.2074],[71.6986,40.2072],[71.6983,40.207],[71.698,40.2067],[71.6978,40.2066],[71.6979,40.2063],[71.6974,40.2061],[71.6967,40.206],[71.6928,40.2052],[71.6934,40.2028],[71.6941,40.2016],[71.6943,40.2011],[71.6943,40.2007],[71.6945,40.2003],[71.6946,40.1997],[71.6948,40.1993],[71.6951,40.1991],[71.6954,40.1984],[71.6956,40.198],[71.6956,40.1977],[71.6952,40.1974],[71.6951,40.1971],[71.6955,40.1969],[71.6959,40.1965],[71.6964,40.196],[71.6967,40.1958],[71.697,40.1952],[71.6973,40.1948],[71.6979,40.1943],[71.6989,40.1938],[71.6992,40.1934],[71.7,40.1931],[71.7007,40.1927],[71.701,40.1925],[71.6994,40.1925],[71.6945,40.194],[71.693,40.1941],[71.6922,40.1943],[71.6912,40.1945],[71.6904,40.1946],[71.6903,40.1949],[71.6895,40.1948],[71.6885,40.1951],[71.688,40.1953],[71.6877,40.1958],[71.6872,40.1959],[71.6866,40.1954],[71.6858,40.1957],[71.6843,40.1959],[71.6833,40.1956],[71.6819,40.1965],[71.6805,40.1968],[71.6792,40.1969],[71.6777,40.1967],[71.677,40.1961],[71.677,40.1959],[71.6781,40.1955],[71.6834,40.1942],[71.6832,40.193],[71.6832,40.1922],[71.6831,40.1918],[71.6827,40.1915],[71.6824,40.1907],[71.6819,40.19],[71.6816,40.1893],[71.6814,40.189],[71.6821,40.189],[71.6825,40.189],[71.6826,40.189],[71.6827,40.1889],[71.6842,40.1891],[71.6845,40.1892],[71.685,40.1891],[71.6851,40.1888],[71.6852,40.1885],[71.6851,40.1883],[71.6855,40.1869],[71.6864,40.1868],[71.6869,40.1868],[71.6872,40.187],[71.6876,40.1869],[71.6879,40.1868],[71.6886,40.1871],[71.6893,40.1873],[71.6899,40.1867],[71.6907,40.1863],[71.6919,40.1856],[71.692,40.185],[71.6924,40.1843],[71.6926,40.184],[71.694,40.1832],[71.6956,40.1824],[71.6972,40.1814],[71.6985,40.1803],[71.6995,40.179],[71.7005,40.1791],[71.7016,40.1781],[71.7026,40.1783],[71.7035,40.1782],[71.7046,40.178],[71.7057,40.178],[71.7062,40.1778],[71.707,40.1777],[71.7078,40.1777],[71.7083,40.1774],[71.7091,40.1775],[71.7103,40.1774],[71.712,40.1798],[71.7128,40.1794],[71.7135,40.1788],[71.7149,40.1775],[71.7156,40.1773],[71.7163,40.1767],[71.7181,40.1753],[71.7201,40.1731],[71.7208,40.1722],[71.7215,40.1711],[71.723,40.1671],[71.7239,40.1652],[71.7233,40.1628],[71.7228,40.1614],[71.7227,40.1602],[71.7229,40.1588],[71.7234,40.1578],[71.7241,40.1566],[71.7243,40.1554],[71.7246,40.1542],[71.7251,40.153],[71.7257,40.1513],[71.7263,40.15],[71.7264,40.1499],[71.7269,40.149],[71.7275,40.1485],[71.7285,40.1491],[71.7295,40.1489],[71.731,40.1485],[71.7314,40.15],[71.7319,40.1517],[71.732,40.1537],[71.7324,40.1544],[71.7338,40.1584],[71.7346,40.1609],[71.7344,40.1617],[71.7347,40.1625],[71.7356,40.163],[71.7371,40.1634],[71.7399,40.1644],[71.7426,40.166],[71.7439,40.1664],[71.7451,40.1672],[71.7474,40.1684],[71.747,40.1696],[71.7442,40.1712],[71.7444,40.1714],[71.7454,40.1728],[71.7463,40.1736],[71.7466,40.1738],[71.748,40.1736],[71.7484,40.1736],[71.7491,40.1739],[71.7496,40.1739],[71.7503,40.1739],[71.7519,40.1746],[71.7524,40.1748],[71.7529,40.1756],[71.7537,40.1757],[71.7552,40.1778],[71.7562,40.1793],[71.7569,40.1799],[71.7587,40.1807],[71.7607,40.1818],[71.7634,40.1833],[71.7659,40.1847],[71.7676,40.1857],[71.7686,40.1864],[71.7703,40.188],[71.7723,40.1901],[71.7824,40.2003],[71.7851,40.203],[71.7864,40.2038],[71.806,40.2103],[71.8113,40.2119],[71.8109,40.212],[71.8115,40.2126],[71.8138,40.2135],[71.8141,40.214],[71.8148,40.2143],[71.8153,40.2132],[71.8243,40.2162],[71.8312,40.2185],[71.8301,40.2281],[71.8286,40.2411],[71.8307,40.2425],[71.8315,40.2432],[71.8313,40.2458],[71.8383,40.2479],[71.8385,40.2482],[71.8391,40.2514],[71.8392,40.2522],[71.8393,40.2525],[71.8397,40.2528],[71.84,40.2532],[71.8406,40.2534],[71.8412,40.2538],[71.8422,40.2541],[71.843,40.2531],[71.8449,40.2533],[71.8463,40.2535],[71.8494,40.2542],[71.8509,40.2545],[71.8519,40.2548],[71.8532,40.2552],[71.8545,40.2555],[71.8572,40.2565],[71.8582,40.2571],[71.8596,40.2574],[71.86,40.2574],[71.8603,40.2573],[71.8632,40.2574],[71.8642,40.2576],[71.8654,40.2577],[71.8673,40.2585],[71.8689,40.259],[71.8702,40.2591],[71.8707,40.2594],[71.871,40.26],[71.8718,40.2609],[71.8724,40.2614],[71.8738,40.262],[71.8752,40.2622],[71.8764,40.2622],[71.8782,40.2628],[71.8788,40.2625],[71.8794,40.2618],[71.8821,40.2624],[71.8831,40.2624],[71.8839,40.2626],[71.8846,40.2626],[71.8853,40.2622],[71.8859,40.2614],[71.8865,40.26],[71.8877,40.2602],[71.8882,40.2601],[71.8887,40.2602],[71.8894,40.2599],[71.89,40.26],[71.89,40.2605],[71.8906,40.2605],[71.8908,40.2604],[71.891,40.2604],[71.8914,40.2606],[71.8923,40.2603],[71.8928,40.2593],[71.8934,40.2593],[71.8943,40.2596],[71.8948,40.2597],[71.8967,40.2584],[71.897,40.2587],[71.8978,40.2582],[71.8983,40.2583],[71.8985,40.2584],[71.8987,40.2586],[71.8994,40.2587],[71.8996,40.2586],[71.9006,40.2573],[71.9022,40.2573],[71.904,40.2571],[71.9056,40.2577],[71.9074,40.2577],[71.9101,40.2575],[71.912,40.2573],[71.9157,40.2565],[71.9166,40.2553],[71.9171,40.2551],[71.9177,40.2547],[71.9189,40.2548],[71.9198,40.2547],[71.9206,40.2547],[71.9214,40.2548],[71.9221,40.2543],[71.9227,40.2535],[71.924,40.2534],[71.9261,40.2526],[71.9269,40.2515],[71.927,40.2506],[71.9271,40.249],[71.927,40.2472],[71.927,40.2465],[71.9272,40.2445],[71.927,40.2419],[71.9272,40.242],[71.9274,40.2422],[71.9281,40.2426],[71.9303,40.2425],[71.9308,40.2423],[71.9315,40.2422],[71.9317,40.242],[71.9333,40.2413],[71.9339,40.241],[71.9338,40.24],[71.9359,40.2406],[71.9358,40.2401],[71.9388,40.2396],[71.9396,40.2391],[71.94,40.2389],[71.9401,40.2382],[71.9404,40.2381],[71.9407,40.2377],[71.9417,40.2375],[71.9434,40.2376],[71.9465,40.238],[71.9481,40.2383],[71.9494,40.2391],[71.9543,40.2402],[71.9576,40.2405],[71.9591,40.2403],[71.9609,40.2406],[71.9618,40.2406],[71.9631,40.2408],[71.9649,40.2418],[71.9654,40.2426],[71.9658,40.2437],[71.9668,40.2447],[71.9623,40.2458],[71.9614,40.2458],[71.9593,40.2463],[71.9589,40.2458],[71.9573,40.2462],[71.9562,40.248],[71.9515,40.2487],[71.9508,40.2484],[71.9395,40.2502],[71.9396,40.2503],[71.9409,40.251],[71.9433,40.2525],[71.9492,40.2562],[71.9522,40.2561],[71.9588,40.2566],[71.9719,40.2564],[71.9785,40.2566],[71.9786,40.2567],[71.9795,40.2584],[71.9809,40.2588],[71.9829,40.2597],[71.985,40.2613],[71.9863,40.2638],[71.9902,40.2682],[71.9926,40.2696],[71.9976,40.2723],[72.0016,40.2743],[72.0044,40.2758],[72.0061,40.2754],[72.008,40.2747],[72.0124,40.2727],[72.0163,40.2693],[72.0172,40.2687],[72.0188,40.2688],[72.0206,40.2664],[72.0244,40.2647],[72.0249,40.2654],[72.0255,40.2669],[72.0245,40.268],[72.0244,40.2685],[72.0322,40.2725],[72.0358,40.2742],[72.0397,40.2748],[72.0404,40.275],[72.0409,40.2748],[72.0421,40.2751],[72.0429,40.275],[72.0435,40.2759],[72.0452,40.2756],[72.0474,40.276],[72.0504,40.277],[72.0522,40.2788],[72.0523,40.2808],[72.0522,40.2828],[72.0528,40.2846],[72.0513,40.2869],[72.0482,40.288],[72.0442,40.2889],[72.0432,40.2904],[72.033,40.2918],[72.0264,40.2928],[72.0227,40.2932],[72.0185,40.2933],[72.0151,40.2939],[72.0052,40.2984],[71.9916,40.301],[71.9788,40.3091],[71.9701,40.3141],[71.9664,40.3194],[71.9774,40.3286],[71.9817,40.3302],[71.9853,40.3323],[71.9875,40.3333],[71.9904,40.3359],[71.9955,40.3377],[71.9984,40.3378],[71.998,40.3389],[72.0007,40.3408],[71.9998,40.3417],[72.0023,40.3435],[72.0073,40.3467],[72.0085,40.3475],[72.0111,40.3489],[72.0152,40.3513],[72.0195,40.3543],[72.0265,40.3603],[72.0324,40.3628],[72.0335,40.3635],[72.0341,40.3644],[72.0393,40.3665],[72.0455,40.3691],[72.0483,40.3708],[72.0485,40.3714],[72.0472,40.3738],[72.045,40.3769],[72.0438,40.3783],[72.0476,40.38],[72.0545,40.3807],[72.0551,40.381],[72.0571,40.3857],[72.0612,40.3858],[72.0633,40.3902],[72.0664,40.3954],[72.068,40.3957],[72.0761,40.4001],[72.0768,40.4007],[72.0822,40.4011],[72.0892,40.4052],[72.0869,40.4098],[72.0859,40.4117],[72.0886,40.4142],[72.09,40.4221],[72.0927,40.431],[72.0905,40.439],[72.0885,40.4458],[72.0868,40.4511],[72.09,40.4519],[72.1043,40.4561],[72.1195,40.4585],[72.1229,40.4571],[72.1252,40.4573],[72.126,40.4572],[72.1262,40.4577],[72.1301,40.4567],[72.1281,40.4597],[72.1296,40.4611],[72.1312,40.4621],[72.1323,40.4625],[72.1481,40.4733],[72.1592,40.4832],[72.1721,40.4857],[72.1725,40.4946],[72.173,40.4955],[72.1739,40.4959],[72.1762,40.4951],[72.1765,40.4925],[72.1863,40.4961],[72.1869,40.4924],[72.1875,40.4854],[72.1883,40.4839],[72.1931,40.4811],[72.1987,40.4813],[72.2003,40.4855],[72.2005,40.4869],[72.2033,40.4864],[72.2143,40.4864],[72.2227,40.4851],[72.2233,40.5555],[72.2222,40.5605],[72.22,40.5652],[72.2167,40.5694],[72.13,40.5905],[72.1248,40.5912],[72.0814,40.598],[72.0761,40.5952],[72.0689,40.5952],[71.9028,40.6158],[71.8689,40.621],[71.8611,40.6285],[71.8589,40.6333],[71.8455,40.6497],[71.8282,40.6728],[71.8273,40.6735],[71.7988,40.688],[71.7848,40.6935],[71.7591,40.7047],[71.7481,40.7121],[71.7297,40.7083],[71.7081,40.7138],[71.6815,40.7187],[71.6821,40.7234],[71.6775,40.7251],[71.6543,40.7469],[71.6439,40.738],[71.6354,40.7332],[71.6295,40.722],[71.6291,40.7148],[71.632,40.7135],[71.6343,40.7083],[71.63,40.6956],[71.6244,40.6902],[71.6383,40.6669],[71.6231,40.6631],[71.5861,40.6294],[71.5815,40.6508],[71.5376,40.714],[71.4954,40.7345],[71.5814,40.7544],[71.5693,40.7727]]],[[[70.9994,40.1835],[70.9999,40.1827],[71.0004,40.1813],[71.0006,40.1804],[71.0003,40.1793],[71.0008,40.1781],[71.0014,40.1772],[71.0022,40.1758],[71.0055,40.1724],[71.0074,40.1698],[71.0087,40.1669],[71.01,40.1615],[71.0121,40.1519],[71.0129,40.1486],[71.0139,40.1442],[71.0148,40.1403],[71.0156,40.1365],[71.0165,40.1328],[71.0174,40.1291],[71.0184,40.1241],[71.0193,40.1202],[71.019,40.1181],[71.0188,40.1156],[71.0182,40.1118],[71.0176,40.1072],[71.0166,40.1014],[71.0159,40.0975],[71.0154,40.0946],[71.0153,40.0937],[71.0151,40.0924],[71.0146,40.091],[71.014,40.0897],[71.0128,40.0875],[71.0115,40.0862],[71.01,40.085],[71.0084,40.0839],[71.0062,40.0823],[71.0049,40.0814],[71.0059,40.0747],[71.0069,40.0695],[71.0077,40.0636],[71.0088,40.0572],[71.0093,40.0544],[71.0102,40.051],[71.0124,40.0485],[71.0151,40.0455],[71.0178,40.0426],[71.0216,40.0387],[71.0231,40.0375],[71.0242,40.0365],[71.0257,40.0356],[71.0303,40.033],[71.0348,40.0304],[71.0401,40.0273],[71.0433,40.0254],[71.0466,40.0233],[71.0495,40.0235],[71.0531,40.0238],[71.0573,40.0238],[71.0592,40.0241],[71.0618,40.0246],[71.0641,40.0245],[71.0667,40.0248],[71.0698,40.0248],[71.0724,40.0248],[71.0749,40.0246],[71.0778,40.0243],[71.0803,40.0241],[71.0821,40.024],[71.0837,40.0238],[71.085,40.0237],[71.0869,40.0229],[71.0883,40.0223],[71.0897,40.0219],[71.092,40.021],[71.095,40.0201],[71.0967,40.0193],[71.0977,40.0193],[71.0992,40.0193],[71.1008,40.0198],[71.1019,40.0197],[71.1042,40.0199],[71.1057,40.0203],[71.1073,40.0207],[71.1088,40.0207],[71.11,40.0207],[71.1108,40.0203],[71.1113,40.0196],[71.1122,40.0181],[71.1129,40.0168],[71.1136,40.0153],[71.1143,40.0142],[71.1143,40.013],[71.1143,40.0118],[71.1147,40.0096],[71.1145,40.0087],[71.1138,40.007],[71.1131,40.005],[71.1132,40.0037],[71.1135,40.0026],[71.1136,40.0013],[71.1135,40.0001],[71.1139,39.9981],[71.1146,39.9968],[71.1153,39.9951],[71.1146,39.9939],[71.1136,39.9932],[71.1114,39.9923],[71.1097,39.9916],[71.1082,39.9909],[71.1069,39.9908],[71.106,39.9915],[71.1052,39.9925],[71.1041,39.9939],[71.1034,39.9951],[71.1027,39.9973],[71.1019,39.9988],[71.1005,39.9989],[71.0988,39.9984],[71.0976,39.9978],[71.0962,39.997],[71.0944,39.9962],[71.0933,39.9957],[71.093,39.9941],[71.0927,39.9932],[71.0921,39.9923],[71.0912,39.9916],[71.0903,39.991],[71.0899,39.9904],[71.0907,39.9889],[71.0922,39.9862],[71.0933,39.9847],[71.0949,39.9836],[71.0965,39.9831],[71.094,39.9806],[71.096,39.9801],[71.0988,39.9792],[71.0987,39.9782],[71.1006,39.979],[71.1014,39.9784],[71.1012,39.9775],[71.1,39.9777],[71.1003,39.9767],[71.0997,39.9761],[71.0998,39.9751],[71.0999,39.9744],[71.1008,39.973],[71.1012,39.9722],[71.1025,39.9707],[71.1039,39.9698],[71.1042,39.9698],[71.1049,39.97],[71.1057,39.9694],[71.1061,39.9685],[71.1075,39.9678],[71.108,39.967],[71.1099,39.9673],[71.113,39.9693],[71.1153,39.97],[71.1167,39.9691],[71.1182,39.9682],[71.118,39.9661],[71.1181,39.9645],[71.1191,39.9623],[71.1194,39.9612],[71.1202,39.9602],[71.1201,39.9595],[71.1192,39.9595],[71.1173,39.9593],[71.1154,39.959],[71.1137,39.9584],[71.1112,39.9577],[71.1091,39.9564],[71.1077,39.9554],[71.1058,39.9543],[71.1046,39.9534],[71.1039,39.9532],[71.1027,39.9533],[71.1018,39.9536],[71.1007,39.9541],[71.0997,39.954],[71.0988,39.9532],[71.0983,39.9524],[71.0973,39.9517],[71.0962,39.9512],[71.0953,39.9507],[71.0938,39.9503],[71.0924,39.9496],[71.0912,39.9484],[71.0901,39.9473],[71.0888,39.9463],[71.0868,39.9449],[71.0842,39.9435],[71.0827,39.9425],[71.0814,39.9414],[71.0807,39.9406],[71.08,39.9394],[71.0792,39.9379],[71.0781,39.936],[71.0775,39.934],[71.0768,39.9325],[71.0761,39.9294],[71.0759,39.9277],[71.0759,39.9262],[71.0761,39.9246],[71.0766,39.9231],[71.0776,39.9209],[71.0785,39.9193],[71.0792,39.9183],[71.0792,39.9175],[71.0792,39.9165],[71.0785,39.9153],[71.0778,39.9142],[71.0761,39.9137],[71.0747,39.9131],[71.0729,39.912],[71.0714,39.9111],[71.0688,39.9103],[71.0671,39.9096],[71.0651,39.909],[71.064,39.9081],[71.0633,39.9071],[71.0627,39.9065],[71.0614,39.9062],[71.0599,39.906],[71.0583,39.9057],[71.0569,39.9052],[71.0555,39.9043],[71.0546,39.9034],[71.0531,39.9024],[71.0518,39.9013],[71.0509,39.9005],[71.0514,39.9],[71.0522,39.8997],[71.0533,39.8997],[71.0539,39.8996],[71.0543,39.899],[71.0548,39.8985],[71.056,39.8977],[71.0579,39.8975],[71.0599,39.8975],[71.0625,39.8974],[71.0634,39.8968],[71.0648,39.8958],[71.0662,39.8956],[71.0678,39.8956],[71.0695,39.8956],[71.0715,39.8957],[71.0732,39.8959],[71.0742,39.8961],[71.0761,39.8967],[71.0775,39.8968],[71.0782,39.8968],[71.0797,39.8966],[71.0805,39.8965],[71.0815,39.8961],[71.0825,39.8951],[71.0835,39.8939],[71.0847,39.8928],[71.0857,39.8923],[71.0871,39.8922],[71.0886,39.8922],[71.09,39.8921],[71.0913,39.8918],[71.0927,39.8909],[71.0932,39.8902],[71.0932,39.8889],[71.0933,39.8876],[71.0936,39.8866],[71.0942,39.8854],[71.0956,39.8854],[71.0963,39.886],[71.0971,39.8865],[71.0982,39.8874],[71.0991,39.8886],[71.0997,39.8893],[71.0997,39.89],[71.0993,39.8912],[71.0986,39.8922],[71.0979,39.8928],[71.0973,39.8931],[71.0954,39.8943],[71.0954,39.8954],[71.0951,39.8963],[71.0948,39.8976],[71.0949,39.8987],[71.0949,39.8996],[71.0959,39.9009],[71.0969,39.9019],[71.0976,39.9026],[71.0973,39.9036],[71.0972,39.9045],[71.0969,39.9056],[71.0969,39.9074],[71.0976,39.9089],[71.0977,39.909],[71.0984,39.9101],[71.0999,39.911],[71.1007,39.9102],[71.101,39.9088],[71.1015,39.9074],[71.1017,39.9071],[71.1026,39.9073],[71.1039,39.9074],[71.1047,39.9078],[71.1055,39.9083],[71.1063,39.909],[71.1063,39.9102],[71.1062,39.9113],[71.106,39.9131],[71.1064,39.9141],[71.1075,39.915],[71.1081,39.9153],[71.1084,39.9161],[71.1088,39.9169],[71.1098,39.9176],[71.1107,39.9181],[71.1118,39.9192],[71.1129,39.9199],[71.1141,39.92],[71.1152,39.9204],[71.1163,39.9206],[71.1175,39.9209],[71.1187,39.9221],[71.1199,39.9225],[71.1206,39.9225],[71.1212,39.9217],[71.1222,39.921],[71.1237,39.9198],[71.1247,39.9188],[71.1256,39.9177],[71.1261,39.9164],[71.1268,39.9149],[71.1283,39.9131],[71.13,39.9116],[71.1325,39.9099],[71.1337,39.9085],[71.134,39.9082],[71.1341,39.9079],[71.134,39.9066],[71.1337,39.9056],[71.1331,39.9048],[71.1329,39.9043],[71.1329,39.9034],[71.1324,39.9027],[71.1318,39.9024],[71.1311,39.9009],[71.1308,39.8994],[71.1303,39.8989],[71.1299,39.8987],[71.1286,39.8982],[71.1282,39.8969],[71.1281,39.8955],[71.1284,39.8941],[71.1285,39.8925],[71.1289,39.8899],[71.1292,39.8882],[71.1297,39.8872],[71.1308,39.8863],[71.1319,39.8862],[71.1334,39.8862],[71.135,39.8862],[71.1365,39.8865],[71.1394,39.8863],[71.1419,39.8865],[71.1431,39.8867],[71.1444,39.8873],[71.1455,39.8881],[71.1473,39.8885],[71.1492,39.8883],[71.1505,39.8879],[71.1521,39.8874],[71.1536,39.8867],[71.1544,39.8864],[71.1552,39.8865],[71.156,39.8869],[71.1575,39.8878],[71.1583,39.8884],[71.1597,39.8891],[71.1611,39.8891],[71.1618,39.8889],[71.1629,39.8882],[71.1639,39.8874],[71.1652,39.887],[71.1661,39.8871],[71.1668,39.888],[71.168,39.8895],[71.1691,39.8912],[71.1705,39.8924],[71.1717,39.8936],[71.1732,39.8945],[71.1743,39.8951],[71.1759,39.8953],[71.1773,39.8953],[71.1789,39.8949],[71.18,39.8946],[71.1816,39.8946],[71.1834,39.8948],[71.1847,39.8951],[71.1865,39.8956],[71.1883,39.8957],[71.191,39.8959],[71.1938,39.8965],[71.1956,39.8974],[71.1967,39.8986],[71.1977,39.8998],[71.1988,39.901],[71.1997,39.902],[71.1996,39.9028],[71.1987,39.9034],[71.1977,39.9039],[71.1965,39.9048],[71.1952,39.905],[71.1942,39.9053],[71.1937,39.9058],[71.1933,39.9065],[71.1938,39.9074],[71.1947,39.9085],[71.1956,39.9098],[71.1966,39.911],[71.1977,39.9115],[71.199,39.912],[71.2006,39.9124],[71.2029,39.9127],[71.2048,39.9132],[71.2074,39.9135],[71.2097,39.9138],[71.2119,39.9139],[71.2136,39.9136],[71.2147,39.9128],[71.2153,39.9126],[71.2159,39.9122],[71.2164,39.9125],[71.2168,39.9132],[71.2172,39.9143],[71.2176,39.9153],[71.2176,39.9163],[71.2172,39.9168],[71.2157,39.9179],[71.2149,39.9188],[71.2145,39.9197],[71.2143,39.9209],[71.2136,39.9219],[71.2131,39.9222],[71.2142,39.922],[71.2151,39.9219],[71.2166,39.9221],[71.2173,39.9222],[71.2181,39.9224],[71.2178,39.9231],[71.2174,39.924],[71.2176,39.9245],[71.219,39.9243],[71.2208,39.9238],[71.222,39.923],[71.2231,39.9236],[71.2242,39.9242],[71.2254,39.9248],[71.2261,39.9259],[71.2257,39.9268],[71.225,39.9274],[71.2249,39.9283],[71.2256,39.9293],[71.2252,39.9305],[71.2243,39.9316],[71.2229,39.9325],[71.2213,39.9336],[71.2176,39.9356],[71.2137,39.9373],[71.2107,39.9385],[71.2079,39.9395],[71.204,39.9405],[71.2008,39.9408],[71.1979,39.9412],[71.1958,39.9425],[71.1933,39.9442],[71.1916,39.9454],[71.1907,39.9471],[71.1933,39.947],[71.1956,39.9471],[71.1987,39.9471],[71.2005,39.9471],[71.2027,39.9468],[71.2056,39.9472],[71.2079,39.9482],[71.2108,39.9492],[71.2126,39.9496],[71.2143,39.9501],[71.2154,39.9509],[71.2154,39.9518],[71.2143,39.9521],[71.213,39.9524],[71.2099,39.953],[71.208,39.9532],[71.2062,39.953],[71.2045,39.9524],[71.203,39.9519],[71.201,39.9513],[71.1987,39.9509],[71.1964,39.9503],[71.1944,39.9501],[71.192,39.951],[71.1899,39.9509],[71.1876,39.951],[71.1845,39.952],[71.1806,39.9524],[71.1791,39.9524],[71.1768,39.9522],[71.175,39.9519],[71.173,39.9518],[71.1707,39.9513],[71.1697,39.9507],[71.1689,39.9501],[71.1681,39.9498],[71.1663,39.9498],[71.1646,39.9499],[71.163,39.9502],[71.162,39.9504],[71.1602,39.9507],[71.1586,39.9511],[71.1567,39.9517],[71.1545,39.9519],[71.1525,39.9519],[71.1505,39.9515],[71.1481,39.9514],[71.1459,39.9514],[71.1434,39.9515],[71.1414,39.9515],[71.1397,39.952],[71.1383,39.9527],[71.1367,39.9529],[71.1355,39.9536],[71.1345,39.9544],[71.134,39.9545],[71.1331,39.9548],[71.1331,39.9555],[71.1331,39.9565],[71.1329,39.9576],[71.1334,39.9579],[71.1347,39.9584],[71.1361,39.9587],[71.1378,39.9588],[71.1398,39.959],[71.1408,39.9595],[71.1424,39.9601],[71.1445,39.9608],[71.1466,39.9614],[71.148,39.9621],[71.1492,39.9628],[71.154,39.9651],[71.1557,39.9656],[71.1574,39.9662],[71.1591,39.9666],[71.1607,39.9671],[71.1619,39.9679],[71.163,39.9688],[71.1642,39.9698],[71.165,39.9708],[71.1655,39.972],[71.1652,39.9733],[71.1648,39.9743],[71.1646,39.9764],[71.165,39.9784],[71.1659,39.9802],[71.1668,39.9819],[71.1676,39.983],[71.1682,39.9847],[71.1683,39.9862],[71.1676,39.9873],[71.1662,39.9882],[71.165,39.9889],[71.1639,39.9899],[71.1629,39.9909],[71.1621,39.9913],[71.1611,39.9917],[71.16,39.9922],[71.1585,39.9928],[71.1567,39.9929],[71.1543,39.9935],[71.1525,39.9942],[71.1511,39.9954],[71.1494,39.9967],[71.1477,39.9974],[71.1458,39.9979],[71.1445,39.9985],[71.1435,39.9992],[71.1423,40.0002],[71.1431,40.0009],[71.1441,40.0013],[71.145,40.0014],[71.1465,40.0013],[71.1479,40.0012],[71.1496,40.001],[71.1514,40.0009],[71.1539,40.0009],[71.1584,40.0007],[71.1601,40.0006],[71.1633,40.0006],[71.1658,40.0006],[71.1666,40.0008],[71.1671,40.0013],[71.1682,40.0019],[71.1695,40.0017],[71.1708,40.001],[71.1719,40.0004],[71.1728,40.0004],[71.1743,40.0008],[71.1761,40.0008],[71.1783,40.0008],[71.1804,40.0007],[71.182,40.0007],[71.1833,40.0008],[71.1843,40.0012],[71.1854,40.0014],[71.1862,40.0021],[71.1866,40.0028],[71.186,40.0037],[71.1854,40.0046],[71.1853,40.0055],[71.1854,40.0062],[71.186,40.0074],[71.1865,40.0085],[71.1866,40.0099],[71.1869,40.0107],[71.1876,40.0113],[71.1889,40.0121],[71.1902,40.0125],[71.1912,40.0135],[71.1927,40.014],[71.194,40.0145],[71.1951,40.0148],[71.1958,40.0154],[71.1961,40.0163],[71.1966,40.0174],[71.1968,40.0188],[71.1972,40.0203],[71.1974,40.0209],[71.1983,40.0218],[71.1993,40.0229],[71.1999,40.0236],[71.2005,40.0245],[71.201,40.0256],[71.2017,40.0269],[71.2024,40.0275],[71.2036,40.029],[71.2048,40.0314],[71.206,40.0334],[71.2072,40.0355],[71.2075,40.037],[71.2074,40.0376],[71.2067,40.0379],[71.2058,40.0379],[71.2042,40.0379],[71.2028,40.0378],[71.201,40.0374],[71.2002,40.037],[71.1988,40.0364],[71.1978,40.0359],[71.197,40.0353],[71.1956,40.0351],[71.1941,40.0351],[71.1925,40.0349],[71.1912,40.0343],[71.1901,40.0336],[71.1887,40.0331],[71.1864,40.0325],[71.1851,40.0319],[71.1841,40.0312],[71.1832,40.0302],[71.1825,40.0293],[71.1813,40.0281],[71.1801,40.0275],[71.1788,40.0276],[71.1768,40.0277],[71.1747,40.0278],[71.1713,40.0282],[71.1687,40.0285],[71.1673,40.0282],[71.1656,40.0279],[71.1644,40.0275],[71.1627,40.027],[71.1597,40.0262],[71.1583,40.0258],[71.1568,40.0256],[71.155,40.0254],[71.1527,40.0257],[71.1495,40.026],[71.1471,40.0261],[71.1436,40.0265],[71.1422,40.0263],[71.1415,40.0261],[71.1405,40.0249],[71.1397,40.0238],[71.139,40.0223],[71.138,40.0207],[71.1374,40.0197],[71.1358,40.0188],[71.1347,40.0181],[71.1329,40.0172],[71.1312,40.0169],[71.1293,40.0162],[71.1268,40.0158],[71.1249,40.0154],[71.1229,40.0155],[71.1213,40.0158],[71.1197,40.0161],[71.1177,40.0174],[71.1161,40.0183],[71.1148,40.0196],[71.1149,40.0207],[71.1155,40.0223],[71.1161,40.0238],[71.1168,40.025],[71.117,40.0261],[71.117,40.0277],[71.1168,40.0293],[71.1162,40.031],[71.1162,40.0323],[71.1153,40.0346],[71.1148,40.0362],[71.114,40.0387],[71.1129,40.0413],[71.113,40.0416],[71.1118,40.0436],[71.11,40.0453],[71.1085,40.0469],[71.1075,40.0479],[71.106,40.0498],[71.1045,40.0523],[71.1039,40.0541],[71.1028,40.0562],[71.1024,40.0583],[71.1024,40.0598],[71.1025,40.0613],[71.1027,40.0621],[71.1022,40.0641],[71.1018,40.0645],[71.102,40.066],[71.1018,40.0669],[71.1015,40.069],[71.1015,40.0699],[71.1012,40.0711],[71.1017,40.0728],[71.1018,40.0739],[71.1018,40.0749],[71.1007,40.0762],[71.1,40.0774],[71.1,40.0784],[71.1005,40.0796],[71.1007,40.0807],[71.1012,40.0819],[71.102,40.0823],[71.103,40.083],[71.103,40.0839],[71.1027,40.0848],[71.1016,40.0874],[71.1004,40.0889],[71.0996,40.0896],[71.0989,40.0903],[71.0987,40.0904],[71.0966,40.0916],[71.0944,40.0919],[71.0931,40.0929],[71.0924,40.0937],[71.0924,40.095],[71.0931,40.0962],[71.0937,40.098],[71.094,40.0992],[71.0944,40.0999],[71.0949,40.1011],[71.0946,40.1022],[71.0941,40.1041],[71.0935,40.1054],[71.092,40.1076],[71.0909,40.1117],[71.0897,40.114],[71.0878,40.1162],[71.0865,40.1184],[71.0845,40.1206],[71.0833,40.1223],[71.0824,40.1243],[71.0822,40.1267],[71.0822,40.1301],[71.0817,40.1328],[71.0817,40.1348],[71.0811,40.1363],[71.0808,40.138],[71.0798,40.1399],[71.0789,40.142],[71.0783,40.1449],[71.0783,40.1472],[71.0778,40.1486],[71.0772,40.1508],[71.0766,40.1531],[71.0758,40.1549],[71.0753,40.1568],[71.0734,40.1601],[71.0708,40.1628],[71.0684,40.1656],[71.0674,40.1669],[71.0649,40.1686],[71.063,40.1701],[71.0606,40.1718],[71.0587,40.1739],[71.0557,40.1759],[71.0533,40.1772],[71.0517,40.1789],[71.049,40.1811],[71.0487,40.1813],[71.0464,40.1827],[71.0451,40.1836],[71.044,40.1835],[71.0435,40.1832],[71.0428,40.1827],[71.0418,40.1818],[71.0418,40.1807],[71.0422,40.1797],[71.0424,40.1787],[71.0417,40.1778],[71.0409,40.1772],[71.0393,40.177],[71.0387,40.178],[71.0375,40.1793],[71.0367,40.1802],[71.036,40.1808],[71.0343,40.1803],[71.0328,40.1801],[71.0308,40.1795],[71.0281,40.1792],[71.0255,40.1787],[71.024,40.1783],[71.0222,40.1781],[71.0209,40.1781],[71.0195,40.1785],[71.0186,40.1789],[71.0168,40.1794],[71.0143,40.1809],[71.0122,40.1818],[71.0102,40.1824],[71.0085,40.1824],[71.007,40.1825],[71.0046,40.1834],[71.0029,40.1842],[71.0006,40.1851],[70.9996,40.1845],[70.9994,40.1835]]],[[[71.7145,39.9661],[71.715,39.9645],[71.7152,39.963],[71.7153,39.9618],[71.7163,39.9602],[71.7168,39.959],[71.7168,39.9578],[71.7166,39.956],[71.7169,39.9547],[71.7171,39.9537],[71.7169,39.9532],[71.7168,39.9522],[71.7179,39.9522],[71.7187,39.9522],[71.7193,39.9525],[71.7195,39.9538],[71.7195,39.9553],[71.7198,39.9569],[71.7204,39.958],[71.7218,39.9587],[71.7232,39.9588],[71.7249,39.9588],[71.7265,39.9587],[71.7278,39.9584],[71.7294,39.9579],[71.7313,39.9573],[71.7331,39.9568],[71.735,39.9565],[71.7367,39.9562],[71.7389,39.956],[71.7411,39.956],[71.7432,39.9556],[71.7453,39.9549],[71.7466,39.9543],[71.7473,39.9536],[71.7474,39.9529],[71.7473,39.9518],[71.7471,39.9508],[71.7464,39.9492],[71.7459,39.9479],[71.7455,39.9465],[71.7454,39.9454],[71.7453,39.9442],[71.7446,39.9426],[71.7443,39.941],[71.7433,39.9397],[71.7425,39.938],[71.7425,39.9368],[71.7431,39.9356],[71.7434,39.9347],[71.7444,39.9343],[71.7451,39.9337],[71.7463,39.9338],[71.7473,39.9343],[71.7495,39.9349],[71.7506,39.935],[71.7524,39.9347],[71.7539,39.9349],[71.7545,39.9355],[71.7552,39.9364],[71.7566,39.9379],[71.7593,39.9402],[71.7607,39.9411],[71.7623,39.9418],[71.7639,39.9427],[71.7648,39.9436],[71.766,39.9449],[71.767,39.946],[71.7684,39.9468],[71.7696,39.9475],[71.7724,39.9488],[71.7733,39.9496],[71.7743,39.9503],[71.7752,39.9516],[71.7759,39.9525],[71.7764,39.9534],[71.777,39.9548],[71.7774,39.9564],[71.7776,39.9583],[71.7776,39.9596],[71.7776,39.9608],[71.7776,39.9619],[71.7785,39.963],[71.7802,39.964],[71.7817,39.9651],[71.7836,39.9659],[71.7855,39.9663],[71.7872,39.9666],[71.7887,39.9667],[71.7905,39.9663],[71.7916,39.9653],[71.7927,39.9644],[71.7938,39.9631],[71.7947,39.9615],[71.7956,39.9601],[71.7968,39.9591],[71.7977,39.9585],[71.7991,39.9583],[71.8003,39.9578],[71.8025,39.9573],[71.8035,39.9573],[71.8055,39.9571],[71.8077,39.9568],[71.8095,39.9567],[71.8114,39.9563],[71.8148,39.9562],[71.8163,39.9561],[71.8186,39.9562],[71.8206,39.9562],[71.8226,39.9564],[71.8248,39.9564],[71.8265,39.9563],[71.8289,39.9557],[71.8307,39.955],[71.8323,39.9541],[71.8339,39.9528],[71.8359,39.9516],[71.8373,39.9505],[71.8387,39.9493],[71.8403,39.9479],[71.842,39.9465],[71.8434,39.9454],[71.8441,39.9454],[71.8447,39.9457],[71.8454,39.9464],[71.8461,39.9474],[71.8467,39.9487],[71.8472,39.9501],[71.8475,39.9514],[71.8478,39.9532],[71.8479,39.9553],[71.8478,39.957],[71.8479,39.9583],[71.8479,39.9596],[71.8479,39.9607],[71.8484,39.9617],[71.8493,39.9627],[71.8506,39.9642],[71.8521,39.9658],[71.8537,39.9677],[71.855,39.9693],[71.855,39.9704],[71.8552,39.972],[71.8555,39.9736],[71.8558,39.9752],[71.8561,39.9765],[71.8566,39.9777],[71.8571,39.9792],[71.8576,39.9809],[71.8579,39.982],[71.8585,39.9834],[71.8589,39.9842],[71.8585,39.9849],[71.8577,39.985],[71.8568,39.985],[71.8553,39.985],[71.8537,39.985],[71.8518,39.985],[71.8496,39.9848],[71.8472,39.985],[71.8446,39.9855],[71.8423,39.9855],[71.8399,39.9856],[71.8372,39.9856],[71.8342,39.9858],[71.8325,39.986],[71.8308,39.9858],[71.8291,39.9856],[71.8275,39.986],[71.8254,39.9868],[71.8227,39.9877],[71.8213,39.9884],[71.8199,39.9893],[71.8197,39.99],[71.8197,39.9908],[71.8199,39.9916],[71.8202,39.9925],[71.8204,39.9935],[71.82,39.995],[71.8195,39.9961],[71.819,39.9979],[71.8185,39.9996],[71.8182,40.0003],[71.8176,40.0009],[71.8167,40.0016],[71.8157,40.0023],[71.8147,40.0029],[71.8135,40.0032],[71.8122,40.0036],[71.8108,40.0038],[71.8095,40.0038],[71.808,40.0039],[71.8069,40.0038],[71.8059,40.0037],[71.805,40.0035],[71.8034,40.0033],[71.8021,40.0031],[71.8009,40.0032],[71.7999,40.0037],[71.7989,40.0044],[71.7979,40.0052],[71.7969,40.0061],[71.7959,40.0069],[71.7952,40.0075],[71.7945,40.008],[71.7932,40.0087],[71.7921,40.0097],[71.7909,40.0108],[71.7898,40.012],[71.7892,40.0131],[71.7888,40.0138],[71.7882,40.0145],[71.7868,40.0156],[71.7858,40.0161],[71.7846,40.0169],[71.7834,40.0176],[71.7824,40.0185],[71.7819,40.0193],[71.7813,40.02],[71.7807,40.0207],[71.78,40.0212],[71.779,40.0213],[71.7778,40.0211],[71.7772,40.0207],[71.7761,40.0199],[71.7763,40.0195],[71.7771,40.0193],[71.7782,40.0188],[71.7796,40.0179],[71.7803,40.0172],[71.7809,40.0166],[71.7812,40.0161],[71.7817,40.0155],[71.7822,40.0148],[71.783,40.0138],[71.7839,40.0128],[71.7846,40.0118],[71.7855,40.0109],[71.7863,40.01],[71.7869,40.0085],[71.7881,40.0068],[71.7888,40.0058],[71.7896,40.0049],[71.79,40.0042],[71.7894,40.0032],[71.7889,40.0024],[71.7884,40.0017],[71.7879,40.0008],[71.7875,40.0002],[71.7848,39.9989],[71.7836,39.9979],[71.7826,39.9967],[71.7816,39.9953],[71.7821,39.9947],[71.7828,39.9939],[71.7837,39.9933],[71.7849,39.9934],[71.7863,39.9934],[71.7876,39.9933],[71.7884,39.9926],[71.7885,39.9918],[71.7877,39.991],[71.7864,39.9903],[71.7851,39.9897],[71.7836,39.9894],[71.781,39.9892],[71.779,39.9887],[71.777,39.9878],[71.7755,39.9868],[71.7743,39.9857],[71.7729,39.9845],[71.7717,39.9833],[71.7703,39.9826],[71.769,39.9819],[71.7672,39.9816],[71.7658,39.981],[71.7651,39.9803],[71.7642,39.9792],[71.7637,39.9779],[71.763,39.9774],[71.7617,39.977],[71.7605,39.9768],[71.7587,39.9765],[71.7561,39.9765],[71.7543,39.9765],[71.7518,39.9771],[71.7503,39.9775],[71.7492,39.9775],[71.7477,39.9774],[71.7466,39.9774],[71.7454,39.9774],[71.7434,39.9775],[71.7418,39.9776],[71.7406,39.9773],[71.7387,39.977],[71.7374,39.9761],[71.7362,39.9753],[71.7356,39.9746],[71.7332,39.9735],[71.73,39.9718],[71.7265,39.9703],[71.7241,39.9692],[71.7183,39.9679],[71.7153,39.9672],[71.7145,39.9661]]],[[[71.029,40.2399],[71.0292,40.2372],[71.0313,40.2346],[71.034,40.2326],[71.0346,40.2305],[71.0353,40.2283],[71.0368,40.2275],[71.0388,40.2275],[71.04,40.2283],[71.0409,40.2293],[71.0416,40.2314],[71.0418,40.2328],[71.0411,40.2344],[71.0401,40.2354],[71.0398,40.2372],[71.0396,40.2386],[71.0396,40.243],[71.0407,40.2454],[71.0427,40.2489],[71.0432,40.2504],[71.0439,40.2518],[71.044,40.2536],[71.0438,40.2548],[71.0435,40.2563],[71.0427,40.2574],[71.0419,40.2584],[71.0403,40.2587],[71.0389,40.2587],[71.0376,40.2583],[71.0365,40.2575],[71.0358,40.2568],[71.0339,40.2547],[71.033,40.2539],[71.032,40.2528],[71.0311,40.2517],[71.0303,40.25],[71.0298,40.248],[71.0294,40.2463],[71.0292,40.2436],[71.029,40.2399]]],[[[71.6548,40.2064],[71.6549,40.2057],[71.6552,40.2052],[71.6559,40.2044],[71.6572,40.2035],[71.6588,40.2026],[71.6603,40.2018],[71.6618,40.2012],[71.6637,40.2007],[71.6651,40.1997],[71.6669,40.1991],[71.6685,40.1984],[71.6704,40.1974],[71.6713,40.1972],[71.6716,40.1975],[71.672,40.1987],[71.672,40.1995],[71.6722,40.2009],[71.6719,40.2019],[71.6709,40.2026],[71.6694,40.2038],[71.6681,40.2049],[71.6666,40.2055],[71.6649,40.2062],[71.6632,40.2066],[71.6613,40.2071],[71.6599,40.2073],[71.659,40.2073],[71.6573,40.2073],[71.6559,40.2072],[71.6548,40.2064]]]]}},{"type":"Feature","properties":{"shapeISO":"UZ-QR","shapeName":"Republic of Karakalpakstan"},"geometry":{"type":"Polygon","coordinates":[[[62.0041,43.5054],[61.928,43.572],[61.4254,43.9995],[61.2524,44.1358],[61.1378,44.2258],[61.1066,44.3604],[61.0642,44.3728],[60.9904,44.4126],[60.8301,44.5104],[60.5702,44.6671],[59.9914,45.003],[59.8659,45.0407],[59.8633,45.0252],[59.8587,44.9853],[59.8492,44.9659],[59.8013,44.9361],[59.7975,44.9336],[59.7846,44.9275],[59.7767,44.9264],[59.7691,44.926],[59.7647,44.9203],[59.7623,44.9121],[59.7585,44.9105],[59.7522,44.9141],[59.744,44.9172],[59.7359,44.9173],[59.7297,44.9087],[59.7291,44.9],[59.7272,44.8938],[59.7184,44.8919],[59.7083,44.8951],[59.7033,44.8947],[59.7006,44.891],[59.7039,44.8844],[59.705,44.8767],[59.7029,44.8739],[59.6971,44.8726],[59.6894,44.8649],[59.6803,44.8614],[59.6671,44.8604],[59.6643,44.8635],[59.6655,44.879],[59.6606,44.8846],[59.6416,44.9028],[59.6338,44.9026],[59.6226,44.8959],[59.606,44.8903],[59.5803,44.8842],[59.5667,44.8895],[59.5555,44.9034],[59.5515,44.9174],[59.5506,44.9334],[59.553,44.939],[59.5611,44.9463],[59.567,44.9591],[59.567,44.97],[59.5586,44.9747],[59.5622,44.9834],[59.555,44.9898],[59.5557,44.9956],[59.5641,44.9976],[59.5708,44.9942],[59.5755,44.9975],[59.5739,45.003],[59.5699,45.0087],[59.5634,45.0097],[59.5618,45.0112],[59.565,45.0138],[59.5701,45.0171],[59.5673,45.0265],[59.5606,45.0318],[59.5615,45.0461],[59.5722,45.0608],[59.5638,45.0757],[59.5667,45.1057],[59.5661,45.1094],[59.5617,45.1321],[59.5617,45.1322],[59.4979,45.1513],[59.0966,45.3229],[58.7588,45.5004],[58.7474,45.5064],[58.7409,45.4967],[58.7375,45.4928],[58.7366,45.4891],[58.7328,45.4838],[58.7315,45.4825],[58.7305,45.4788],[58.7289,45.4769],[58.7283,45.4752],[58.7273,45.4735],[58.7257,45.4722],[58.723,45.471],[58.7122,45.4625],[58.7009,45.4557],[58.6987,45.4527],[58.6934,45.4499],[58.6913,45.4474],[58.6915,45.4452],[58.6881,45.4427],[58.6864,45.4426],[58.6854,45.4394],[58.6843,45.4379],[58.6822,45.4382],[58.6816,45.4364],[58.6825,45.4352],[58.6815,45.4341],[58.6799,45.4337],[58.6789,45.4318],[58.6763,45.4301],[58.6765,45.4282],[58.6778,45.4257],[58.6777,45.4236],[58.6744,45.4226],[58.6735,45.4175],[58.6689,45.4063],[58.6621,45.4],[58.6627,45.3978],[58.6645,45.3955],[58.6637,45.3937],[58.6607,45.3919],[58.6584,45.3872],[58.6598,45.384],[58.657,45.3781],[58.6559,45.3745],[58.6563,45.3704],[58.6553,45.3678],[58.6555,45.3646],[58.6539,45.3587],[58.6509,45.3554],[58.6514,45.3518],[58.6541,45.3528],[58.653,45.3508],[58.6518,45.35],[58.6513,45.3489],[58.6533,45.3491],[58.6543,45.3438],[58.6542,45.3353],[58.6523,45.3331],[58.6505,45.3327],[58.6491,45.3312],[58.6463,45.3284],[58.6458,45.3251],[58.6499,45.32],[58.65,45.3171],[58.6469,45.3067],[58.6488,45.3037],[58.6465,45.3002],[58.6453,45.2969],[58.6459,45.2901],[58.6428,45.2853],[58.6439,45.2797],[58.6454,45.2789],[58.645,45.2767],[58.6455,45.2736],[58.6482,45.2721],[58.6493,45.2729],[58.6486,45.2745],[58.6494,45.2747],[58.6506,45.2744],[58.6515,45.2746],[58.6519,45.273],[58.6513,45.2713],[58.65,45.27],[58.6469,45.2669],[58.6475,45.2631],[58.6512,45.2669],[58.6529,45.2677],[58.6543,45.2665],[58.6529,45.2636],[58.6551,45.2632],[58.6559,45.2623],[58.6518,45.2549],[58.653,45.2544],[58.6529,45.2558],[58.6558,45.2579],[58.658,45.26],[58.6591,45.2597],[58.6596,45.2589],[58.6572,45.2551],[58.6571,45.2539],[58.6608,45.2542],[58.6595,45.2522],[58.6597,45.2504],[58.6586,45.2495],[58.6586,45.2476],[58.6566,45.2478],[58.658,45.2456],[58.6604,45.2416],[58.6673,45.2374],[58.6703,45.2327],[58.6683,45.2285],[58.6692,45.2269],[58.67,45.2257],[58.6717,45.2231],[58.6725,45.2209],[58.6786,45.2167],[58.6802,45.214],[58.6761,45.2149],[58.6798,45.2123],[58.6819,45.2123],[58.6831,45.2114],[58.6851,45.2096],[58.6803,45.2108],[58.6807,45.2098],[58.6838,45.2087],[58.6836,45.2073],[58.6882,45.2025],[58.6877,45.1987],[58.686,45.1976],[58.6878,45.1956],[58.6887,45.1947],[58.6883,45.1927],[58.6874,45.1913],[58.6879,45.1898],[58.6885,45.1871],[58.6869,45.1807],[58.687,45.1776],[58.6868,45.176],[58.6847,45.1783],[58.6864,45.1751],[58.6859,45.1749],[58.6857,45.172],[58.6901,45.1652],[58.6914,45.1566],[58.6917,45.1491],[58.6916,45.1425],[58.6894,45.1321],[58.6856,45.1185],[58.6814,45.1096],[58.6731,45.0981],[58.6582,45.0814],[58.6466,45.071],[58.6444,45.0689],[58.6407,45.0647],[58.6405,45.0634],[58.6395,45.0626],[58.6367,45.0594],[58.6338,45.0567],[58.6301,45.0528],[58.6303,45.0507],[58.6294,45.0502],[58.6288,45.0497],[58.6266,45.0488],[58.6259,45.047],[58.6241,45.0464],[58.6225,45.0471],[58.6215,45.0438],[58.6211,45.0437],[58.621,45.0419],[58.6208,45.0411],[58.6212,45.0404],[58.6208,45.0401],[58.621,45.0387],[58.6208,45.0384],[58.6207,45.0381],[58.6212,45.038],[58.6214,45.0361],[58.6213,45.0357],[58.6215,45.0357],[58.6228,45.0359],[58.6226,45.0354],[58.6222,45.0351],[58.6215,45.0348],[58.6208,45.0342],[58.6207,45.0335],[58.6208,45.0318],[58.6203,45.0312],[58.6195,45.0305],[58.6189,45.0289],[58.6179,45.0279],[58.6178,45.0276],[58.6179,45.0248],[58.6174,45.0235],[58.6168,45.0219],[58.6165,45.0198],[58.617,45.0184],[58.6159,45.0189],[58.6153,45.02],[58.614,45.0207],[58.6137,45.0191],[58.6141,45.0174],[58.6148,45.0153],[58.6147,45.0117],[58.6153,45.0085],[58.6135,45.0113],[58.6132,45.0123],[58.6123,45.0117],[58.6138,45.0075],[58.6139,45.0064],[58.6135,45.0063],[58.6124,45.0076],[58.6117,45.0095],[58.611,45.009],[58.6108,45.0054],[58.6103,45.0019],[58.6109,44.9939],[58.6104,44.9925],[58.6102,44.9911],[58.608,44.9867],[58.605,44.983],[58.6017,44.9799],[58.6006,44.9769],[58.5978,44.9733],[58.5967,44.969],[58.5952,44.9655],[58.5955,44.9631],[58.5961,44.9607],[58.5954,44.9577],[58.5971,44.9543],[58.5931,44.9461],[58.5898,44.9391],[58.5885,44.9319],[58.5923,44.9254],[58.599,44.9185],[58.6065,44.9149],[58.6134,44.9133],[58.6242,44.912],[58.6371,44.9078],[58.6471,44.8986],[58.6584,44.8805],[58.6596,44.8535],[58.6563,44.8105],[58.6505,44.7962],[58.6375,44.7801],[58.6198,44.7684],[58.5995,44.7503],[58.5851,44.7208],[58.5704,44.6867],[58.5869,44.5699],[58.5353,44.4973],[58.4847,44.474],[58.4741,44.4637],[58.4741,44.4625],[58.4733,44.4615],[58.4715,44.4615],[58.4689,44.4593],[58.4689,44.4577],[58.4666,44.4552],[58.4637,44.4548],[58.455,44.4475],[58.4488,44.4418],[58.4435,44.4384],[58.4303,44.4305],[58.4112,44.4211],[58.3776,44.4118],[58.3283,44.4057],[58.3113,44.4066],[58.2886,44.411],[58.2699,44.4165],[58.2606,44.4202],[58.2484,44.4286],[58.2444,44.4333],[58.2413,44.4385],[58.2351,44.4543],[58.2323,44.4661],[58.2314,44.4782],[58.2307,44.4888],[58.2315,44.5043],[58.2314,44.5057],[58.2323,44.5108],[58.2353,44.5219],[58.2382,44.5284],[58.244,44.5389],[58.2537,44.5522],[58.2581,44.5572],[58.2652,44.5628],[58.2671,44.5642],[58.2691,44.565],[58.274,44.5663],[58.2781,44.5668],[58.2865,44.5664],[58.2921,44.5658],[58.2945,44.566],[58.2977,44.565],[58.2991,44.5651],[58.3005,44.5662],[58.3007,44.5672],[58.3034,44.5708],[58.3078,44.5796],[58.3107,44.5865],[58.3128,44.5946],[58.3144,44.603],[58.3141,44.6049],[58.3145,44.606],[58.3143,44.61],[58.3138,44.6117],[58.3139,44.6121],[58.3137,44.6131],[58.3132,44.6138],[58.3132,44.6154],[58.3124,44.6192],[58.3107,44.6283],[58.3086,44.6339],[58.3065,44.6375],[58.3068,44.6386],[58.3066,44.6392],[58.3063,44.6394],[58.306,44.6404],[58.3056,44.6408],[58.3047,44.6427],[58.3037,44.6459],[58.3022,44.6481],[58.3017,44.6503],[58.3002,44.6526],[58.3004,44.6529],[58.2998,44.6541],[58.2983,44.6567],[58.295,44.6627],[58.29,44.6708],[58.2865,44.6762],[58.2862,44.6762],[58.2859,44.6763],[58.2858,44.6767],[58.2858,44.6768],[58.2859,44.6769],[58.2861,44.677],[58.2822,44.6826],[58.279,44.6869],[58.2785,44.6878],[58.2777,44.6885],[58.2765,44.6901],[58.2706,44.6982],[58.268,44.7025],[58.2661,44.7064],[58.2638,44.7097],[58.2537,44.7268],[58.247,44.7396],[58.2368,44.7609],[58.2295,44.7786],[58.2272,44.787],[58.223,44.8077],[58.2183,44.8396],[58.2171,44.859],[58.218,44.8692],[58.2199,44.8766],[58.2252,44.8898],[58.2266,44.8932],[58.2263,44.8936],[58.2313,44.9042],[58.2408,44.9198],[58.2495,44.9317],[58.2706,44.956],[58.2749,44.9619],[58.2768,44.9652],[58.2784,44.9694],[58.2803,44.98],[58.2824,44.9882],[58.2843,44.9944],[58.2892,45.0036],[58.2906,45.0083],[58.292,45.01],[58.2943,45.0164],[58.2966,45.0255],[58.2974,45.0316],[58.2984,45.0373],[58.3005,45.0426],[58.3032,45.0488],[58.3135,45.0658],[58.3192,45.074],[58.3257,45.0813],[58.335,45.0894],[58.3406,45.0931],[58.3473,45.0982],[58.3487,45.1001],[58.3494,45.1018],[58.35,45.1033],[58.3529,45.1061],[58.3604,45.1182],[58.3672,45.1314],[58.37,45.1421],[58.3728,45.1616],[58.3793,45.1906],[58.3819,45.1997],[58.3848,45.2062],[58.3893,45.2131],[58.3974,45.2223],[58.401,45.227],[58.4025,45.2294],[58.4023,45.2304],[58.4039,45.2331],[58.4054,45.2394],[58.4051,45.2404],[58.4043,45.2459],[58.4043,45.2542],[58.4071,45.266],[58.4129,45.28],[58.4173,45.2889],[58.4296,45.3061],[58.4538,45.3323],[58.4547,45.3342],[58.4607,45.3409],[58.4636,45.3452],[58.4675,45.3493],[58.4722,45.3526],[58.4812,45.3577],[58.4847,45.3592],[58.5011,45.3691],[58.5058,45.374],[58.5084,45.3776],[58.5124,45.3815],[58.5185,45.3883],[58.5242,45.3934],[58.5369,45.4012],[58.5385,45.4022],[58.5404,45.4026],[58.5392,45.4032],[58.5391,45.4039],[58.5396,45.4047],[58.541,45.4054],[58.5427,45.4057],[58.5436,45.4065],[58.5437,45.4119],[58.5464,45.4264],[58.5486,45.4393],[58.5502,45.4482],[58.5514,45.4658],[58.551,45.4675],[58.5535,45.477],[58.5545,45.4777],[58.5547,45.4785],[58.5561,45.4803],[58.5559,45.4808],[58.5566,45.481],[58.5577,45.4825],[58.558,45.4832],[58.5585,45.4842],[58.5587,45.4852],[58.5603,45.4868],[58.5626,45.4916],[58.5641,45.4965],[58.5653,45.4993],[58.5649,45.5008],[58.5655,45.5034],[58.5662,45.5036],[58.5661,45.5075],[58.5671,45.5117],[58.5662,45.5134],[58.5667,45.5145],[58.5674,45.5182],[58.5672,45.5207],[58.5673,45.524],[58.5694,45.5296],[58.5719,45.5333],[58.5757,45.5374],[58.585,45.5446],[58.594,45.557],[58.5954,45.5606],[58.5969,45.5652],[58.5986,45.5716],[58.6007,45.5769],[58.6033,45.5805],[58.6045,45.5813],[58.5876,45.5901],[57.9989,45.4598],[57.6879,45.3909],[57.4328,45.3343],[57.152,45.2717],[57.001,45.2379],[56.7441,45.1772],[56.6527,45.1566],[55.9987,45.0003],[55.999,44.9],[55.9992,44.8964],[55.9991,44.8954],[55.999,44.8951],[55.9988,44.8943],[55.9985,44.8905],[55.9978,44.8798],[55.998,44.8638],[55.9984,44.6315],[55.9987,44.4368],[55.9987,44.1566],[55.9986,43.7533],[56.0018,41.3243],[56.0473,41.3171],[56.123,41.3138],[56.1304,41.3132],[56.1346,41.3129],[56.1358,41.3129],[56.1553,41.3123],[56.2045,41.3116],[56.2711,41.3066],[56.3165,41.3039],[56.3571,41.3042],[56.4294,41.3001],[56.4325,41.2999],[56.463,41.2964],[56.508,41.2931],[56.5533,41.2894],[56.5597,41.2889],[56.601,41.2879],[56.6077,41.2876],[56.6414,41.2876],[56.6706,41.2858],[56.7292,41.2833],[56.7875,41.2807],[56.8124,41.2778],[56.8772,41.2712],[56.8906,41.2702],[56.9189,41.2682],[56.9462,41.2669],[56.9629,41.2656],[57.0019,41.2584],[57.0304,41.2584],[57.0309,41.2586],[57.0424,41.2632],[57.0531,41.2721],[57.06,41.2829],[57.0608,41.2981],[57.0608,41.3074],[57.0652,41.3151],[57.0708,41.3218],[57.0889,41.3347],[57.1317,41.3459],[57.1335,41.3467],[57.1431,41.3513],[57.1517,41.3578],[57.1587,41.3694],[57.1578,41.3778],[57.1485,41.3843],[57.1238,41.3791],[57.1188,41.3778],[57.1063,41.3745],[57.0865,41.3749],[57.0816,41.378],[57.068,41.3961],[57.0464,41.418],[57.0382,41.4297],[57.0316,41.4459],[57.0225,41.497],[57.0227,41.5224],[57.0226,41.5323],[57.0226,41.535],[57.0269,41.5547],[57.025,41.5677],[57.0199,41.5864],[57.0084,41.6032],[57.0007,41.6058],[57.0012,41.6097],[56.9985,41.6124],[56.9931,41.6178],[56.9843,41.6339],[56.9764,41.6541],[56.9722,41.6724],[56.974,41.6939],[56.9751,41.7166],[56.9714,41.7486],[56.9686,41.76],[56.9687,41.7769],[56.9676,41.8046],[56.9705,41.8177],[56.9705,41.8179],[56.9774,41.8343],[56.984,41.8673],[56.9858,41.8713],[56.988,41.8765],[56.9979,41.8907],[57.0015,41.896],[57.0039,41.8983],[57.0081,41.9014],[57.0181,41.908],[57.0225,41.911],[57.0383,41.9181],[57.0524,41.9213],[57.055,41.9356],[57.061,41.9575],[57.072,41.9817],[57.0821,42.0149],[57.0921,42.0489],[57.0934,42.0584],[57.0989,42.0775],[57.108,42.0984],[57.1214,42.1247],[57.1319,42.1485],[57.137,42.1607],[57.1429,42.1761],[57.146,42.1875],[57.1554,42.2092],[57.1654,42.2268],[57.1772,42.2481],[57.1884,42.2649],[57.1976,42.2799],[57.204,42.2866],[57.2157,42.3006],[57.2272,42.3111],[57.2395,42.3191],[57.2462,42.3228],[57.2548,42.3247],[57.2641,42.3299],[57.2847,42.3395],[57.2967,42.3461],[57.319,42.3542],[57.342,42.3591],[57.3602,42.3606],[57.3753,42.3601],[57.3811,42.3586],[57.3894,42.3578],[57.4052,42.3537],[57.4155,42.3456],[57.4227,42.3393],[57.4289,42.3291],[57.4398,42.3169],[57.4532,42.3121],[57.4666,42.3103],[57.4968,42.3073],[57.5229,42.3009],[57.5397,42.2946],[57.5696,42.2814],[57.582,42.2725],[57.6002,42.254],[57.6173,42.2298],[57.6309,42.2011],[57.6331,42.1858],[57.6335,42.1646],[57.6329,42.1556],[57.6379,42.1534],[57.6468,42.1494],[57.6597,42.1491],[57.6756,42.152],[57.6901,42.1586],[57.6924,42.1597],[57.7132,42.167],[57.7303,42.172],[57.7551,42.1786],[57.7692,42.1813],[57.7913,42.1785],[57.8355,42.1729],[57.8441,42.1728],[57.8542,42.1749],[57.8584,42.1816],[57.8507,42.196],[57.8489,42.1994],[57.837,42.2132],[57.8338,42.2187],[57.8412,42.238],[57.8472,42.2463],[57.8496,42.2479],[57.8567,42.248],[57.8902,42.2376],[57.8926,42.2368],[57.9111,42.2363],[57.9212,42.2389],[57.9285,42.2451],[57.9324,42.2548],[57.9366,42.2807],[57.9349,42.2907],[57.9341,42.3056],[57.9358,42.3114],[57.9394,42.3235],[57.9387,42.3462],[57.9468,42.3629],[57.9473,42.3716],[57.9403,42.389],[57.9308,42.4006],[57.9115,42.4137],[57.9042,42.4262],[57.9103,42.451],[57.9151,42.4572],[57.9299,42.4605],[57.9371,42.4475],[57.96,42.4281],[57.9612,42.4277],[57.9668,42.4261],[57.9759,42.4507],[57.9767,42.4533],[57.9848,42.4757],[57.9785,42.479],[57.9772,42.4842],[57.9829,42.4846],[57.9964,42.4817],[58.0007,42.4845],[58.004,42.4927],[58.0147,42.4935],[58.0289,42.4982],[58.0312,42.5001],[58.0402,42.5042],[58.0468,42.5047],[58.0533,42.5045],[58.0687,42.5047],[58.0913,42.5011],[58.1175,42.4924],[58.1258,42.4889],[58.1377,42.4804],[58.1343,42.4547],[58.1335,42.4435],[58.1382,42.4484],[58.1441,42.4516],[58.1625,42.4556],[58.1704,42.4595],[58.1814,42.4623],[58.1989,42.4705],[58.2185,42.4682],[58.2436,42.4644],[58.2828,42.4575],[58.3033,42.4552],[58.3203,42.4487],[58.3234,42.4481],[58.3356,42.4407],[58.3395,42.4374],[58.3463,42.4322],[58.3627,42.4209],[58.3706,42.4121],[58.3796,42.3987],[58.3824,42.3905],[58.3875,42.3789],[58.3925,42.3642],[58.4006,42.3393],[58.3987,42.3123],[58.3976,42.2975],[58.3965,42.2925],[58.3953,42.2874],[58.3952,42.2872],[58.3954,42.2871],[58.4044,42.2887],[58.4141,42.2919],[58.4157,42.2924],[58.4296,42.2946],[58.4461,42.2955],[58.4504,42.2952],[58.4561,42.294],[58.4619,42.2938],[58.4642,42.2933],[58.4701,42.2927],[58.4778,42.29],[58.4898,42.2863],[58.4953,42.2838],[58.5013,42.2808],[58.5088,42.2786],[58.5202,42.2733],[58.5262,42.2831],[58.5321,42.2886],[58.5243,42.2918],[58.518,42.2934],[58.5161,42.2956],[58.5159,42.3003],[58.5207,42.3103],[58.5223,42.3117],[58.5231,42.3185],[58.5218,42.3215],[58.5197,42.3232],[58.5147,42.3267],[58.5034,42.3306],[58.4971,42.3345],[58.4884,42.3401],[58.4712,42.3502],[58.4484,42.3641],[58.4354,42.3735],[58.4347,42.374],[58.4258,42.3799],[58.4159,42.3967],[58.4114,42.4013],[58.4047,42.4052],[58.3923,42.4161],[58.3642,42.4489],[58.3466,42.4811],[58.3338,42.4985],[58.3269,42.514],[58.3247,42.5193],[58.3065,42.5483],[58.2968,42.5569],[58.2928,42.5583],[58.2677,42.5609],[58.2463,42.567],[58.2276,42.5737],[58.195,42.5882],[58.1883,42.5923],[58.1819,42.5964],[58.1713,42.6014],[58.1648,42.605],[58.1599,42.61],[58.1555,42.6195],[58.1571,42.6263],[58.1622,42.6307],[58.1648,42.6296],[58.1683,42.6308],[58.1709,42.6311],[58.175,42.6323],[58.177,42.6327],[58.1789,42.6335],[58.1801,42.6348],[58.1832,42.637],[58.1865,42.6412],[58.1956,42.6464],[58.2018,42.6512],[58.2067,42.6545],[58.225,42.6601],[58.2421,42.6683],[58.2541,42.677],[58.2812,42.6852],[58.3022,42.6838],[58.3296,42.6803],[58.353,42.676],[58.3616,42.6747],[58.3936,42.6664],[58.4178,42.6593],[58.4437,42.6561],[58.4453,42.6554],[58.4587,42.6541],[58.4727,42.6503],[58.4959,42.6513],[58.5343,42.6576],[58.5532,42.6592],[58.5734,42.6535],[58.578,42.6533],[58.5886,42.6581],[58.5954,42.6659],[58.6045,42.7008],[58.5989,42.7074],[58.5861,42.7152],[58.584,42.7165],[58.584,42.7193],[58.587,42.7231],[58.5895,42.7264],[58.5951,42.7293],[58.6088,42.7294],[58.6206,42.7244],[58.6296,42.7241],[58.637,42.7276],[58.6407,42.7358],[58.6398,42.7404],[58.6326,42.7466],[58.6239,42.7511],[58.6205,42.7546],[58.6183,42.7633],[58.625,42.782],[58.6254,42.7919],[58.6264,42.7976],[58.6307,42.7946],[58.6372,42.7898],[58.6621,42.7712],[58.6715,42.764],[58.6743,42.7593],[58.6999,42.742],[58.714,42.7321],[58.7458,42.7117],[58.7798,42.6825],[58.7878,42.6768],[58.7951,42.6704],[58.8016,42.6665],[58.8105,42.6597],[58.8184,42.6526],[58.8449,42.6326],[58.8707,42.6114],[58.8926,42.6037],[58.9104,42.593],[58.9275,42.582],[58.9317,42.5793],[58.9391,42.5746],[58.9494,42.5676],[58.9661,42.5552],[58.9732,42.5505],[58.9879,42.5416],[58.9991,42.5374],[59.0026,42.5359],[59.005,42.5349],[59.0146,42.527],[59.028,42.5273],[59.0582,42.5274],[59.075,42.5214],[59.0755,42.5194],[59.0764,42.5192],[59.154,42.5283],[59.1608,42.529],[59.1695,42.528],[59.1792,42.5243],[59.184,42.5225],[59.1911,42.5187],[59.1936,42.5174],[59.2037,42.5101],[59.2144,42.4987],[59.2225,42.4901],[59.238,42.4763],[59.2451,42.47],[59.2569,42.4595],[59.2652,42.4517],[59.2691,42.4309],[59.2698,42.4237],[59.2586,42.4145],[59.2724,42.397],[59.2751,42.3891],[59.2987,42.373],[59.301,42.3709],[59.3011,42.367],[59.3047,42.3612],[59.312,42.3585],[59.3207,42.3571],[59.3272,42.3549],[59.3359,42.3537],[59.3643,42.3432],[59.3834,42.3346],[59.3962,42.3315],[59.4177,42.3256],[59.4181,42.3254],[59.4183,42.3249],[59.4194,42.3114],[59.4205,42.3091],[59.4204,42.3066],[59.4314,42.3006],[59.4343,42.2927],[59.4378,42.2915],[59.4474,42.29],[59.4634,42.2898],[59.4677,42.2925],[59.4699,42.2929],[59.4799,42.2899],[59.4866,42.2894],[59.4895,42.2898],[59.5183,42.2901],[59.5233,42.2924],[59.5292,42.2916],[59.5312,42.291],[59.5362,42.2923],[59.5412,42.2952],[59.5473,42.2946],[59.5484,42.2947],[59.5548,42.2921],[59.5553,42.2925],[59.5602,42.2877],[59.5605,42.2876],[59.5609,42.2877],[59.5611,42.2876],[59.5612,42.2872],[59.5644,42.2835],[59.5656,42.2816],[59.569,42.2831],[59.576,42.2846],[59.581,42.2859],[59.591,42.2881],[59.5994,42.2907],[59.603,42.2926],[59.6076,42.2965],[59.6088,42.2975],[59.6136,42.2976],[59.6166,42.297],[59.6267,42.2933],[59.6397,42.2901],[59.6426,42.2892],[59.6411,42.2806],[59.6507,42.2822],[59.659,42.2826],[59.6751,42.2865],[59.7176,42.286],[59.7293,42.2827],[59.7342,42.284],[59.7392,42.2831],[59.7477,42.2802],[59.7539,42.2774],[59.78,42.2722],[59.7803,42.2722],[59.7827,42.2722],[59.793,42.2686],[59.8041,42.2688],[59.8116,42.2746],[59.8122,42.2757],[59.8193,42.2915],[59.8219,42.2977],[59.8316,42.3012],[59.8359,42.3003],[59.8407,42.299],[59.8506,42.2928],[59.8696,42.2881],[59.8935,42.2824],[59.8934,42.2809],[59.9061,42.2761],[59.9213,42.2752],[59.9214,42.2744],[59.9282,42.2676],[59.941,42.2624],[59.9419,42.2581],[59.9403,42.2495],[59.9408,42.2474],[59.9551,42.2316],[59.9724,42.233],[59.9863,42.2257],[59.9853,42.218],[59.9925,42.21],[59.9942,42.2101],[59.9979,42.215],[59.9979,42.2168],[60.0028,42.2162],[60.0128,42.2129],[60.0157,42.2117],[60.0136,42.2091],[60.011,42.1954],[60.0211,42.1916],[60.0213,42.1876],[60.0196,42.1851],[60.0218,42.1787],[60.0156,42.1647],[59.9674,42.1787],[59.9717,42.1575],[59.9651,42.157],[59.9644,42.1547],[59.9636,42.1527],[59.9632,42.1522],[59.9622,42.1514],[59.9603,42.1503],[59.957,42.1484],[59.953,42.1461],[59.9504,42.1444],[59.9499,42.1439],[59.9502,42.1432],[59.952,42.1416],[59.9537,42.14],[59.9591,42.1351],[59.9696,42.1292],[59.9765,42.1248],[59.9847,42.1216],[59.9934,42.1193],[60.0057,42.1156],[60.008,42.1186],[60.0137,42.1187],[60.0195,42.1177],[60.0204,42.1179],[60.0344,42.1055],[60.0384,42.1034],[60.0419,42.0999],[60.0449,42.0998],[60.0501,42.0975],[60.0514,42.096],[60.0511,42.0946],[60.052,42.0939],[60.0535,42.0935],[60.0545,42.0913],[60.0567,42.0894],[60.0523,42.0865],[60.05,42.0831],[60.0493,42.0806],[60.0484,42.0801],[60.0478,42.0762],[60.0468,42.0737],[60.0477,42.072],[60.0493,42.0685],[60.0496,42.0601],[60.047,42.0525],[60.0447,42.048],[60.0448,42.0459],[60.0409,42.0372],[60.0423,42.0351],[60.0435,42.0277],[60.0437,42.0201],[60.0427,42.0163],[60.0386,42.0146],[60.0328,42.0046],[60.0225,42.0025],[59.9814,42.0005],[59.9767,42.0002],[59.9614,41.9992],[59.9493,41.992],[59.9452,41.9866],[59.9493,41.9735],[59.958,41.9668],[59.9683,41.9439],[59.9806,41.9428],[59.992,41.9524],[60.0101,41.9555],[60.0282,41.9499],[60.0271,41.9422],[60.045,41.9164],[60.0626,41.9082],[60.1047,41.8979],[60.1151,41.8948],[60.1269,41.8885],[60.1377,41.8787],[60.1455,41.8729],[60.1683,41.8894],[60.154,41.9028],[60.151,41.9091],[60.134,41.9205],[60.1343,41.9223],[60.1391,41.9242],[60.1479,41.9409],[60.1762,41.9484],[60.187,41.9479],[60.196,41.9453],[60.1911,41.9334],[60.209,41.9257],[60.2133,41.9234],[60.2222,41.9316],[60.225,41.9302],[60.2268,41.9359],[60.2317,41.9412],[60.2563,41.9574],[60.2627,41.9605],[60.2515,41.9754],[60.2858,41.9749],[60.2842,41.9849],[60.2903,41.986],[60.2979,41.9883],[60.3312,41.979],[60.3334,41.9795],[60.3362,41.979],[60.3493,41.9762],[60.3547,41.9751],[60.3636,41.9732],[60.3792,41.9699],[60.4286,41.9588],[60.433,41.9576],[60.4485,41.9438],[60.4571,41.9367],[60.4517,41.8863],[60.4515,41.8813],[60.458,41.8717],[60.4615,41.8688],[60.4649,41.8672],[60.4701,41.8664],[60.4716,41.8669],[60.4724,41.8671],[60.4767,41.8669],[60.4815,41.8663],[60.4886,41.8625],[60.4959,41.8619],[60.498,41.8626],[60.4997,41.8616],[60.5039,41.8609],[60.5037,41.8593],[60.5048,41.8563],[60.5074,41.8546],[60.5132,41.8519],[60.5172,41.8494],[60.5161,41.846],[60.5138,41.8403],[60.5187,41.8404],[60.521,41.8406],[60.5222,41.8385],[60.5214,41.8335],[60.52,41.8281],[60.5184,41.8248],[60.5181,41.8199],[60.5182,41.8097],[60.5271,41.7944],[60.5983,41.7705],[60.6174,41.76],[60.623,41.7569],[60.6251,41.7555],[60.6342,41.7482],[60.6489,41.7321],[60.6519,41.7277],[60.6519,41.7205],[60.6678,41.7034],[60.6742,41.6833],[60.6908,41.6721],[60.6952,41.6673],[60.6938,41.6651],[60.6939,41.6632],[60.6956,41.6609],[60.6959,41.6593],[60.7024,41.6547],[60.7197,41.6468],[60.7343,41.6435],[60.741,41.6402],[60.7535,41.6417],[60.7589,41.6384],[60.7704,41.6372],[60.7719,41.63],[60.79,41.6222],[60.796,41.6016],[60.8116,41.6001],[60.8212,41.5989],[60.8252,41.5951],[60.8333,41.5946],[60.8405,41.5914],[60.841,41.5858],[60.8622,41.5781],[60.8922,41.5499],[60.897,41.5455],[60.9016,41.5397],[60.908,41.5351],[60.9121,41.5333],[60.9209,41.5309],[60.9323,41.5266],[60.9347,41.5227],[60.944,41.5186],[60.9521,41.5117],[60.9692,41.5093],[60.9672,41.4976],[60.9613,41.4891],[60.9577,41.4809],[60.9609,41.4768],[60.9794,41.4625],[60.9936,41.4604],[61.0196,41.4477],[61.0612,41.4253],[61.0725,41.4202],[61.0822,41.4167],[61.1053,41.4117],[61.1099,41.4103],[61.1273,41.4005],[61.1382,41.3961],[61.1504,41.3939],[61.1628,41.3879],[61.1896,41.3761],[61.2065,41.3687],[61.2199,41.3631],[61.2301,41.3516],[61.2394,41.3461],[61.257,41.3478],[61.2639,41.3408],[61.2555,41.3317],[61.2532,41.3267],[61.2545,41.3203],[61.2619,41.3161],[61.2779,41.307],[61.2733,41.2923],[61.275,41.2828],[61.2777,41.2726],[61.2835,41.2614],[61.2933,41.2546],[61.2991,41.2511],[61.3036,41.2454],[61.313,41.2388],[61.3202,41.2358],[61.3303,41.2292],[61.3365,41.2235],[61.3436,41.2176],[61.3553,41.214],[61.3915,41.2117],[61.397,41.2112],[61.4042,41.2121],[61.4084,41.2146],[61.4062,41.2207],[61.3985,41.2229],[61.3927,41.2426],[61.3898,41.2514],[61.3877,41.2586],[61.3856,41.2651],[61.3865,41.2697],[61.3882,41.28],[61.3938,41.2972],[61.3935,41.3105],[61.3898,41.3318],[61.3976,41.3409],[61.4302,41.3548],[61.6481,41.3276],[61.8338,41.3246],[62.0802,41.0856],[62.0871,41.0791],[62.2136,40.9804],[62.2458,40.9988],[62.3858,41.0497],[62.4761,41.0817],[62.4494,41.1108],[62.3983,41.1647],[62.2177,41.4329],[62.1041,41.5711],[61.9434,41.7427],[61.794,41.9446],[61.7956,41.9555],[61.8009,41.9599],[62.0224,42.0473],[62.061,42.0621],[62.0816,42.0755],[62.089,42.0865],[62.0894,42.0914],[62.0876,42.0977],[62.0829,42.1042],[62.0669,42.1231],[62.0266,42.1883],[61.9901,42.2833],[61.9957,42.4242],[62.0447,42.6492],[62.2486,42.931],[62.2811,42.9758],[62.4572,43.2186],[62.483,43.2553],[62.258,43.3],[62.185,43.3136],[62.1492,43.3214],[62.0041,43.5054]]]}},{"type":"Feature","properties":{"shapeISO":"UZ-XO","shapeName":"Xorazm Region"},"geometry":{"type":"MultiPolygon","coordinates":[[[[60.1455,41.8729],[60.149,41.8702],[60.1557,41.8584],[60.1643,41.8501],[60.1722,41.8447],[60.1906,41.8347],[60.2022,41.8306],[60.2378,41.8247],[60.2648,41.8154],[60.2694,41.8126],[60.2784,41.8045],[60.29,41.794],[60.3145,41.7797],[60.3258,41.7684],[60.3252,41.7633],[60.325,41.7613],[60.3187,41.7509],[60.3144,41.7535],[60.3126,41.7537],[60.3112,41.7543],[60.3099,41.7535],[60.3065,41.7528],[60.2979,41.7523],[60.2803,41.7566],[60.2634,41.7669],[60.2451,41.7656],[60.2377,41.7663],[60.21,41.7834],[60.1975,41.787],[60.186,41.7919],[60.186,41.791],[60.1711,41.7949],[60.158,41.7982],[60.1447,41.7998],[60.1432,41.8037],[60.1274,41.8069],[60.1254,41.8077],[60.1245,41.8062],[60.1289,41.7971],[60.1022,41.8019],[60.0992,41.8039],[60.1008,41.8067],[60.0957,41.8092],[60.0941,41.8093],[60.0931,41.8095],[60.0925,41.81],[60.0921,41.8111],[60.0893,41.811],[60.0798,41.7992],[60.0795,41.7989],[60.0789,41.7974],[60.0796,41.7968],[60.0807,41.7963],[60.08,41.7954],[60.0802,41.794],[60.0817,41.7928],[60.0789,41.79],[60.078,41.7865],[60.0751,41.7748],[60.0619,41.7698],[60.0573,41.766],[60.0579,41.7636],[60.0667,41.7528],[60.0696,41.7471],[60.0725,41.7395],[60.0733,41.7362],[60.075,41.7285],[60.0914,41.7084],[60.115,41.6816],[60.1195,41.6785],[60.1456,41.6587],[60.1581,41.6464],[60.1601,41.6434],[60.1613,41.6415],[60.1719,41.6265],[60.1725,41.6161],[60.1772,41.6068],[60.1741,41.6053],[60.1725,41.6027],[60.1759,41.5948],[60.179,41.5914],[60.1783,41.5884],[60.1736,41.588],[60.1724,41.5844],[60.1765,41.5777],[60.1723,41.5761],[60.1637,41.5796],[60.1579,41.5791],[60.1428,41.5677],[60.1456,41.564],[60.1407,41.5623],[60.141,41.5559],[60.1283,41.5501],[60.1227,41.5537],[60.1039,41.5421],[60.1036,41.5371],[60.0908,41.5004],[60.0741,41.4575],[60.0775,41.4487],[60.0759,41.4418],[60.0769,41.4348],[60.0931,41.4132],[60.1097,41.4062],[60.1304,41.3953],[60.1518,41.3799],[60.1693,41.3693],[60.2063,41.3499],[60.23,41.3372],[60.2426,41.3334],[60.2763,41.3304],[60.2834,41.3264],[60.2891,41.3236],[60.3014,41.3172],[60.3125,41.3116],[60.3428,41.2954],[60.355,41.2872],[60.369,41.2778],[60.4057,41.2531],[60.4253,41.2435],[60.4303,41.241],[60.4599,41.228],[60.4758,41.2214],[60.4915,41.2175],[60.512,41.2165],[60.5196,41.2174],[60.5323,41.219],[60.5534,41.2215],[60.5683,41.2234],[60.5791,41.2235],[60.6127,41.2341],[60.6844,41.2571],[60.7669,41.2586],[60.816,41.2588],[60.8822,41.253],[60.9159,41.2504],[60.9449,41.2478],[60.9667,41.2463],[60.999,41.2423],[61.0005,41.2432],[61.0016,41.2336],[61.025,41.2223],[61.0298,41.2227],[61.0302,41.2595],[61.0281,41.2597],[61.0289,41.2629],[61.0307,41.2627],[61.0317,41.2658],[61.0335,41.2692],[61.0339,41.2676],[61.0341,41.2621],[61.0376,41.2612],[61.0422,41.2657],[61.045,41.2649],[61.0429,41.2557],[61.0516,41.2459],[61.0542,41.2557],[61.0548,41.2576],[61.055,41.2577],[61.0553,41.2574],[61.0551,41.2551],[61.056,41.2547],[61.0597,41.2542],[61.0603,41.2544],[61.0606,41.2549],[61.0611,41.255],[61.0621,41.2557],[61.065,41.2543],[61.0648,41.2481],[61.0658,41.2469],[61.0656,41.2437],[61.0681,41.2399],[61.0755,41.2268],[61.0801,41.2167],[61.0824,41.2147],[61.0851,41.2169],[61.0862,41.2258],[61.0904,41.2301],[61.1014,41.2117],[61.1027,41.2105],[61.1126,41.2031],[61.1286,41.1902],[61.1416,41.1851],[61.1571,41.1788],[61.1713,41.1732],[61.1785,41.1701],[61.1853,41.167],[61.2043,41.16],[61.2404,41.1453],[61.2523,41.1458],[61.2637,41.1462],[61.2878,41.1471],[61.2921,41.1474],[61.3149,41.148],[61.329,41.1486],[61.3305,41.1478],[61.3591,41.1698],[61.3677,41.1765],[61.3808,41.1863],[61.3881,41.1921],[61.3916,41.1941],[61.3961,41.1958],[61.3975,41.1965],[61.3979,41.1973],[61.3973,41.1979],[61.3971,41.1986],[61.3975,41.199],[61.3977,41.1997],[61.3977,41.2004],[61.3988,41.2008],[61.3995,41.2014],[61.4003,41.2024],[61.402,41.2041],[61.4049,41.2097],[61.4042,41.2121],[61.397,41.2112],[61.3915,41.2117],[61.3553,41.214],[61.3436,41.2176],[61.3365,41.2235],[61.3303,41.2292],[61.3202,41.2358],[61.313,41.2388],[61.3036,41.2454],[61.2991,41.2511],[61.2933,41.2546],[61.2835,41.2614],[61.2777,41.2726],[61.275,41.2828],[61.2733,41.2923],[61.2779,41.307],[61.2619,41.3161],[61.2545,41.3203],[61.2532,41.3267],[61.2555,41.3317],[61.2639,41.3408],[61.257,41.3478],[61.2394,41.3461],[61.2301,41.3516],[61.2199,41.3631],[61.2065,41.3687],[61.1896,41.3761],[61.1628,41.3879],[61.1504,41.3939],[61.1382,41.3961],[61.1273,41.4005],[61.1099,41.4103],[61.1053,41.4117],[61.0822,41.4167],[61.0725,41.4202],[61.0612,41.4253],[61.0196,41.4477],[60.9936,41.4604],[60.9794,41.4625],[60.9609,41.4768],[60.9577,41.4809],[60.9613,41.4891],[60.9672,41.4976],[60.9692,41.5093],[60.9521,41.5117],[60.944,41.5186],[60.9347,41.5227],[60.9323,41.5266],[60.9209,41.5309],[60.9121,41.5333],[60.908,41.5351],[60.9016,41.5397],[60.897,41.5455],[60.8922,41.5499],[60.8622,41.5781],[60.841,41.5858],[60.8405,41.5914],[60.8333,41.5946],[60.8252,41.5951],[60.8212,41.5989],[60.8116,41.6001],[60.796,41.6016],[60.79,41.6222],[60.7719,41.63],[60.7704,41.6372],[60.7589,41.6384],[60.7535,41.6417],[60.741,41.6402],[60.7343,41.6435],[60.7197,41.6468],[60.7024,41.6547],[60.6959,41.6593],[60.6956,41.6609],[60.6939,41.6632],[60.6938,41.6651],[60.6952,41.6673],[60.6908,41.6721],[60.6742,41.6833],[60.6678,41.7034],[60.6519,41.7205],[60.6519,41.7277],[60.6489,41.7321],[60.6342,41.7482],[60.6251,41.7555],[60.623,41.7569],[60.6174,41.76],[60.5983,41.7705],[60.5271,41.7944],[60.5182,41.8097],[60.5181,41.8199],[60.5184,41.8248],[60.52,41.8281],[60.5214,41.8335],[60.5222,41.8385],[60.521,41.8406],[60.5187,41.8404],[60.5138,41.8403],[60.5161,41.846],[60.5172,41.8494],[60.5132,41.8519],[60.5074,41.8546],[60.5048,41.8563],[60.5037,41.8593],[60.5039,41.8609],[60.4997,41.8616],[60.498,41.8626],[60.4959,41.8619],[60.4886,41.8625],[60.4815,41.8663],[60.4767,41.8669],[60.4724,41.8671],[60.4716,41.8669],[60.4701,41.8664],[60.4649,41.8672],[60.4615,41.8688],[60.458,41.8717],[60.4515,41.8813],[60.4517,41.8863],[60.4571,41.9367],[60.4485,41.9438],[60.433,41.9576],[60.4286,41.9588],[60.3792,41.9699],[60.3636,41.9732],[60.3547,41.9751],[60.3493,41.9762],[60.3362,41.979],[60.3334,41.9795],[60.3312,41.979],[60.2979,41.9883],[60.2903,41.986],[60.2842,41.9849],[60.2858,41.9749],[60.2515,41.9754],[60.2627,41.9605],[60.2563,41.9574],[60.2317,41.9412],[60.2268,41.9359],[60.225,41.9302],[60.2222,41.9316],[60.2133,41.9234],[60.209,41.9257],[60.1911,41.9334],[60.196,41.9453],[60.187,41.9479],[60.1762,41.9484],[60.1479,41.9409],[60.1391,41.9242],[60.1343,41.9223],[60.134,41.9205],[60.151,41.9091],[60.154,41.9028],[60.1683,41.8894],[60.1455,41.8729]]],[[[61.4062,41.2207],[61.4023,41.2513],[61.4054,41.2637],[61.4086,41.2743],[61.4085,41.2878],[61.4318,41.2909],[61.4464,41.2891],[61.4591,41.2861],[61.481,41.2867],[61.4936,41.2823],[61.5159,41.2721],[61.5308,41.2665],[61.5454,41.2615],[61.5547,41.264],[61.56,41.268],[61.5682,41.2688],[61.5702,41.2662],[61.585,41.2622],[61.5989,41.2565],[61.6092,41.2562],[61.624,41.2623],[61.6269,41.265],[61.6301,41.2603],[61.6351,41.2531],[61.6411,41.2376],[61.6499,41.2314],[61.6606,41.2259],[61.675,41.2221],[61.7024,41.22],[61.7128,41.2151],[61.7347,41.1957],[61.7367,41.1939],[61.7462,41.184],[61.7567,41.1757],[61.7807,41.1632],[61.789,41.1593],[61.8132,41.1536],[61.8507,41.124],[61.8541,41.1213],[61.8752,41.1162],[61.8827,41.1101],[61.8857,41.1072],[61.8895,41.0978],[61.8985,41.078],[61.8988,41.0769],[61.9005,41.069],[61.8981,41.0612],[61.8973,41.0581],[61.901,41.0534],[61.9126,41.0506],[61.9241,41.0482],[61.947,41.037],[61.9547,41.0345],[61.9555,41.0339],[61.9637,41.0274],[61.9709,41.0191],[61.9772,41.0059],[61.9766,40.9954],[61.9806,40.9836],[61.9916,40.9801],[61.9964,40.9735],[61.9949,40.9663],[61.9936,40.9588],[61.9914,40.9469],[61.9927,40.9313],[61.9956,40.923],[61.9958,40.9166],[61.9969,40.9003],[62.0001,40.8924],[61.9869,40.8715],[61.9934,40.8521],[61.9886,40.8461],[61.9857,40.8369],[61.9898,40.8263],[61.996,40.8168],[62.0033,40.8101],[62.0129,40.8033],[62.0264,40.7868],[62.0322,40.7699],[62.0421,40.7577],[62.045,40.7187],[62.0455,40.7121],[62.052,40.6989],[62.0602,40.6928],[62.0625,40.6911],[62.0668,40.6888],[62.0782,40.6763],[62.081,40.6721],[62.091,40.657],[62.0978,40.643],[62.0992,40.6407],[62.1055,40.6293],[62.1069,40.6159],[62.1073,40.6121],[62.1104,40.6017],[62.1131,40.5961],[62.1263,40.579],[62.1281,40.5744],[62.1349,40.5658],[62.1355,40.565],[62.1443,40.5565],[62.1489,40.5538],[62.1711,40.5411],[62.1885,40.5311],[62.1964,40.5205],[62.199,40.5177],[62.335,40.6433],[62.4342,40.7278],[62.4514,40.7903],[62.4519,40.8155],[62.4372,40.8344],[62.3094,40.9442],[62.2617,40.9833],[62.2458,40.9988],[62.2136,40.9804],[62.0871,41.0791],[62.0802,41.0856],[61.8338,41.3246],[61.6481,41.3276],[61.4302,41.3548],[61.3976,41.3409],[61.3898,41.3318],[61.3935,41.3105],[61.3938,41.2972],[61.3882,41.28],[61.3865,41.2697],[61.3856,41.2651],[61.3877,41.2586],[61.3898,41.2514],[61.3927,41.2426],[61.3985,41.2229],[61.4062,41.2207]]]]}},{"type":"Feature","properties":{"shapeISO":"UZ-NW","shapeName":"Navoiy Region"},"geometry":{"type":"Polygon","coordinates":[[[62.2177,41.4329],[62.2648,41.4368],[62.5625,41.4667],[62.5853,41.468],[62.6575,41.3589],[62.6875,41.3253],[62.7342,41.2875],[62.7858,41.2622],[62.813,41.2519],[62.8625,41.2311],[62.8964,41.2053],[62.9414,41.1342],[62.9717,41.05],[62.9839,41.0272],[63.0031,41.0286],[63.0128,41.0347],[63.0569,41.0356],[63.1253,41.0205],[63.2417,40.9828],[63.4742,40.9305],[63.6378,40.8136],[63.6836,40.7861],[63.6958,40.7689],[63.703,40.7444],[63.6928,40.7078],[63.6975,40.7069],[63.7664,40.7092],[63.8233,40.7131],[63.8353,40.7161],[63.9517,40.9164],[63.9742,40.9344],[63.9961,40.9436],[64.0217,40.9536],[64.0405,40.9511],[64.0767,40.9194],[64.0789,40.7944],[64.2642,40.7775],[64.4292,40.7633],[64.4333,40.7714],[64.4511,40.8453],[64.4633,40.8483],[64.5719,40.8578],[64.6539,40.8589],[64.703,40.865],[64.7275,40.9092],[64.743,40.9436],[64.7528,40.9467],[64.7739,40.943],[64.7908,40.8967],[64.8372,40.7303],[64.8619,40.7122],[64.8792,40.7053],[64.9014,40.6997],[65.088,40.68],[65.2164,40.6697],[65.3879,40.7144],[65.3689,40.6549],[65.3663,40.5983],[65.3772,40.5464],[65.3609,40.5344],[65.2545,40.5301],[65.2217,40.4293],[65.18,40.3997],[65.1637,40.3559],[65.1591,40.3362],[65.0921,40.3413],[65.0602,40.3475],[65.0119,40.3518],[64.997,40.3556],[64.9751,40.3651],[64.9652,40.3681],[64.9431,40.3708],[64.9204,40.3711],[64.9091,40.3704],[64.8981,40.3687],[64.8877,40.3653],[64.8786,40.3606],[64.8703,40.355],[64.8593,40.3456],[64.8399,40.3223],[64.8787,40.2869],[64.8863,40.277],[64.8893,40.2695],[64.8912,40.2577],[64.8935,40.2262],[64.8994,40.2064],[64.9001,40.2003],[64.8986,40.191],[64.8933,40.1717],[64.8909,40.1561],[64.8802,40.1514],[64.8608,40.1475],[64.8249,40.1443],[64.8184,40.1356],[64.7971,40.1211],[64.7923,40.0778],[64.7885,40.064],[64.7343,40.0387],[64.7166,40.0317],[64.6589,39.9982],[64.6114,39.9562],[64.6063,39.9162],[64.6205,39.9002],[64.6768,39.8359],[64.7094,39.807],[64.7468,39.7753],[64.7986,39.7308],[64.8219,39.7297],[64.8914,39.7428],[64.9908,39.685],[64.9975,39.6811],[65.0925,39.5239],[65.1003,39.5047],[65.1054,39.4489],[65.1208,39.4564],[65.1319,39.4617],[65.1492,39.468],[65.1608,39.4711],[65.1792,39.4742],[65.2172,39.4778],[65.2355,39.4808],[65.2469,39.4844],[65.2519,39.4872],[65.2555,39.4916],[65.2317,39.5264],[65.2275,39.5303],[65.2097,39.5553],[65.1922,39.5855],[65.1886,39.5992],[65.1894,39.6097],[65.203,39.6333],[65.2147,39.6489],[65.2258,39.6733],[65.2275,39.6786],[65.2294,39.6894],[65.2278,39.6992],[65.2003,39.7767],[65.195,39.785],[65.1875,39.7933],[65.18,39.8008],[65.1589,39.8144],[65.14,39.8286],[65.1269,39.84],[65.1239,39.8436],[65.1197,39.8528],[65.1214,39.8589],[65.1264,39.8622],[65.1322,39.8647],[65.3194,39.9133],[65.3411,39.9053],[65.3808,39.8944],[65.3878,39.8931],[65.4028,39.8905],[65.4097,39.8903],[65.4155,39.8908],[65.4216,39.8933],[65.4267,39.8958],[65.4317,39.9],[65.4355,39.9053],[65.4422,39.9172],[65.4817,40.0094],[65.4833,40.0158],[65.4875,40.0657],[65.4908,40.1058],[65.4897,40.1219],[65.5001,40.1317],[65.5127,40.1449],[65.5184,40.1561],[65.5264,40.1565],[65.5333,40.1543],[65.6524,40.1105],[65.6574,40.1067],[65.6739,40.0847],[65.6794,40.0722],[65.6839,40.0675],[65.6947,40.062],[65.7292,40.0486],[65.7644,40.0369],[65.8455,40.0102],[65.8649,40.0069],[65.8719,40.0069],[65.954,40.0195],[65.9547,40.0185],[65.9568,40.0182],[65.9589,40.0178],[65.9618,40.0179],[66.0647,40.0392],[66.1,40.0517],[66.115,40.0614],[66.1755,40.1064],[66.1847,40.1167],[66.1878,40.1353],[66.1839,40.1428],[66.1661,40.1439],[66.1353,40.1286],[66.118,40.1303],[66.1136,40.1467],[66.1633,40.2472],[66.1819,40.2694],[66.2011,40.3708],[66.2047,40.4083],[66.1966,40.4203],[66.185,40.4236],[66.1797,40.4294],[66.1817,40.4492],[66.1925,40.5106],[66.2389,40.5878],[66.2586,40.6056],[66.2825,40.6086],[66.3083,40.6072],[66.3306,40.5817],[66.353,40.5686],[66.3928,40.5644],[66.4225,40.5664],[66.4733,40.5875],[66.5191,40.6192],[66.5317,40.6147],[66.5525,40.5964],[66.5928,40.5525],[66.62,40.4951],[66.6244,40.5067],[66.6358,40.5247],[66.7317,40.6664],[66.7789,40.73],[66.7916,40.745],[66.7991,40.7539],[66.8005,40.7565],[66.8053,40.7661],[66.776,40.8635],[66.7741,40.8697],[66.7719,40.877],[66.7714,40.8789],[66.7694,40.8836],[66.7664,40.8875],[66.7608,40.8914],[66.6989,40.9042],[66.6686,40.9086],[66.648,40.9181],[66.6405,40.9258],[66.6353,40.9343],[66.6325,40.9389],[66.6305,40.9444],[66.6292,40.9533],[66.608,41.1133],[66.6453,41.1147],[66.6667,41.1142],[66.6832,41.1147],[66.7531,41.1169],[66.7562,41.1413],[66.7066,41.1416],[66.6456,41.3448],[66.6066,41.4936],[66.5715,41.6887],[66.5324,41.8774],[65.9987,41.9372],[66.0019,42.3607],[66.0707,42.3379],[66.095,42.5662],[66.0967,42.9381],[65.8442,42.8583],[65.7418,42.9998],[65.6439,43.1554],[65.5593,43.2895],[65.5321,43.3151],[65.4955,43.3329],[65.1849,43.4952],[65.0022,43.7154],[64.9323,43.7354],[64.7231,43.6494],[64.6399,43.6147],[64.5349,43.5707],[63.8576,43.5993],[63.3491,43.6505],[62.2425,43.5186],[62.0041,43.5054],[62.1492,43.3214],[62.185,43.3136],[62.258,43.3],[62.483,43.2553],[62.4572,43.2186],[62.2811,42.9758],[62.2486,42.931],[62.0447,42.6492],[61.9957,42.4242],[61.9901,42.2833],[62.0266,42.1883],[62.0669,42.1231],[62.0829,42.1042],[62.0876,42.0977],[62.0894,42.0914],[62.089,42.0865],[62.0816,42.0755],[62.061,42.0621],[62.0224,42.0473],[61.8009,41.9599],[61.7956,41.9555],[61.794,41.9446],[61.9434,41.7427],[62.1041,41.5711],[62.2177,41.4329]]]}},{"type":"Feature","properties":{"shapeISO":"UZ-SU","shapeName":"Surxondaryo Region"},"geometry":{"type":"Polygon","coordinates":[[[66.672,37.9661],[66.6766,37.962],[66.6837,37.9483],[66.6843,37.9329],[66.6792,37.9187],[66.6698,37.9119],[66.6243,37.8922],[66.6205,37.889],[66.6161,37.8847],[66.6083,37.8766],[66.5968,37.8548],[66.5801,37.8417],[66.5642,37.8224],[66.5533,37.7997],[66.5482,37.7918],[66.5394,37.7497],[66.5386,37.7383],[66.5385,37.7281],[66.5448,37.7018],[66.5418,37.6814],[66.5388,37.662],[66.5327,37.6051],[66.5304,37.5776],[66.5256,37.5582],[66.5277,37.5379],[66.5319,37.5292],[66.5727,37.5061],[66.5848,37.4701],[66.5844,37.4437],[66.5799,37.4385],[66.5823,37.4309],[66.5564,37.4184],[66.5308,37.403],[66.5277,37.3994],[66.5262,37.3966],[66.5258,37.3856],[66.5207,37.3795],[66.5216,37.3751],[66.5228,37.375],[66.5286,37.3718],[66.5359,37.3708],[66.5421,37.3685],[66.5466,37.3672],[66.5524,37.3642],[66.5541,37.3554],[66.5605,37.3625],[66.5633,37.3636],[66.5654,37.3646],[66.5673,37.3658],[66.5715,37.3678],[66.5738,37.3686],[66.5751,37.3692],[66.5765,37.3694],[66.5789,37.3696],[66.5837,37.3699],[66.5887,37.3696],[66.5937,37.3687],[66.5957,37.3675],[66.5967,37.3663],[66.5973,37.366],[66.5981,37.3655],[66.5996,37.3652],[66.602,37.3648],[66.604,37.3637],[66.6055,37.3623],[66.6063,37.3614],[66.6071,37.3607],[66.6087,37.3589],[66.6097,37.3572],[66.6103,37.3552],[66.6101,37.3532],[66.61,37.3512],[66.61,37.3497],[66.6102,37.3491],[66.6117,37.3476],[66.6134,37.3461],[66.6153,37.3449],[66.6171,37.3434],[66.6197,37.3403],[66.621,37.3384],[66.6219,37.3365],[66.6223,37.3345],[66.6223,37.333],[66.6229,37.332],[66.6254,37.3302],[66.6269,37.3296],[66.6292,37.3289],[66.6306,37.3286],[66.6368,37.3288],[66.6375,37.329],[66.6437,37.3287],[66.6454,37.3284],[66.6468,37.328],[66.6487,37.3274],[66.6496,37.3267],[66.6501,37.326],[66.6507,37.3255],[66.6522,37.3236],[66.6532,37.3231],[66.6543,37.323],[66.6554,37.323],[66.6567,37.3232],[66.6591,37.3242],[66.6616,37.3256],[66.6632,37.3263],[66.6638,37.3268],[66.6658,37.3277],[66.6672,37.3287],[66.6687,37.3304],[66.6696,37.3321],[66.6703,37.3329],[66.6718,37.3364],[66.6723,37.3384],[66.6722,37.3395],[66.6718,37.3403],[66.6716,37.341],[66.6716,37.3416],[66.6721,37.3421],[66.6741,37.3433],[66.6751,37.3442],[66.6767,37.3452],[66.6859,37.3516],[66.6883,37.3542],[66.6892,37.3548],[66.6903,37.3557],[66.6913,37.3564],[66.6926,37.357],[66.6939,37.3573],[66.695,37.3575],[66.6974,37.3575],[66.6999,37.3572],[66.7048,37.3564],[66.7085,37.3561],[66.7106,37.3564],[66.7144,37.3571],[66.7179,37.3579],[66.721,37.3593],[66.7234,37.3606],[66.7256,37.3617],[66.7279,37.3626],[66.7303,37.3636],[66.7313,37.3637],[66.7329,37.3637],[66.7347,37.3629],[66.7369,37.3616],[66.7385,37.3602],[66.7399,37.3584],[66.741,37.3568],[66.7428,37.3554],[66.7453,37.3546],[66.7493,37.354],[66.7512,37.3538],[66.7533,37.3547],[66.7554,37.3555],[66.7575,37.3565],[66.7597,37.3578],[66.7619,37.3586],[66.7667,37.3602],[66.769,37.3609],[66.7714,37.3609],[66.7739,37.3611],[66.7788,37.361],[66.7814,37.3611],[66.7862,37.3621],[66.7885,37.3625],[66.7934,37.3631],[66.7965,37.3632],[66.7995,37.3633],[66.8009,37.3633],[66.8031,37.3624],[66.8054,37.3617],[66.8066,37.3614],[66.8079,37.3613],[66.8097,37.361],[66.8113,37.3603],[66.814,37.3586],[66.8166,37.3575],[66.8196,37.3569],[66.8239,37.356],[66.8312,37.3557],[66.8361,37.356],[66.8402,37.3561],[66.8411,37.3563],[66.8434,37.3558],[66.8444,37.3551],[66.8461,37.3537],[66.8473,37.3535],[66.8512,37.3535],[66.8521,37.3539],[66.8552,37.3569],[66.8576,37.3584],[66.8611,37.3601],[66.8634,37.3612],[66.8651,37.3622],[66.8691,37.3645],[66.8705,37.3652],[66.8712,37.3654],[66.8727,37.3664],[66.8736,37.3667],[66.8757,37.3673],[66.8782,37.3678],[66.8805,37.3686],[66.8853,37.3697],[66.8875,37.3702],[66.8972,37.372],[66.8996,37.3728],[66.9017,37.3739],[66.9028,37.3745],[66.9041,37.3749],[66.9075,37.3775],[66.9092,37.3791],[66.9108,37.3804],[66.9124,37.3819],[66.9143,37.3834],[66.9188,37.3853],[66.9221,37.3859],[66.9233,37.3863],[66.9253,37.3875],[66.9273,37.3885],[66.931,37.3912],[66.9353,37.3939],[66.9375,37.3949],[66.9398,37.3958],[66.9451,37.398],[66.9464,37.3984],[66.9475,37.3985],[66.95,37.3982],[66.9511,37.3979],[66.9535,37.3972],[66.9557,37.3965],[66.9579,37.3958],[66.9601,37.3949],[66.9626,37.3941],[66.9645,37.393],[66.9667,37.392],[66.9687,37.3908],[66.9699,37.3899],[66.971,37.3897],[66.9735,37.3894],[66.9745,37.3892],[66.9752,37.3885],[66.977,37.387],[66.9794,37.3859],[66.9816,37.3858],[66.9839,37.3854],[66.9864,37.3852],[66.9887,37.385],[66.9895,37.385],[66.9913,37.3844],[66.9923,37.384],[66.9932,37.3832],[66.996,37.3799],[66.9975,37.3784],[66.9989,37.3775],[67.0008,37.3769],[67.0029,37.3766],[67.0052,37.3764],[67.0072,37.3757],[67.01,37.3737],[67.0111,37.3734],[67.0135,37.3736],[67.0159,37.3739],[67.0207,37.3743],[67.0227,37.3746],[67.0294,37.3772],[67.0315,37.3781],[67.0338,37.3787],[67.0375,37.3794],[67.0387,37.3797],[67.0436,37.3804],[67.0448,37.3804],[67.0458,37.3802],[67.0481,37.3794],[67.0499,37.3782],[67.0516,37.3768],[67.0536,37.3756],[67.0574,37.3737],[67.0592,37.3725],[67.0608,37.371],[67.062,37.3695],[67.0635,37.3679],[67.0672,37.3627],[67.0683,37.361],[67.0691,37.3602],[67.0758,37.356],[67.0778,37.3548],[67.0798,37.3536],[67.0818,37.3523],[67.0839,37.3513],[67.086,37.3505],[67.0869,37.35],[67.0878,37.3492],[67.0879,37.3485],[67.0878,37.3477],[67.0869,37.3443],[67.0866,37.3426],[67.0868,37.3417],[67.0873,37.341],[67.0906,37.3383],[67.0925,37.3372],[67.0965,37.3349],[67.0987,37.3345],[67.101,37.3345],[67.1031,37.3342],[67.1046,37.3332],[67.1076,37.3305],[67.1084,37.33],[67.1101,37.3294],[67.112,37.3281],[67.1124,37.3271],[67.1124,37.3259],[67.1121,37.3233],[67.1121,37.3209],[67.1124,37.3199],[67.1133,37.3178],[67.1137,37.316],[67.1136,37.3149],[67.1133,37.314],[67.1124,37.3122],[67.1119,37.3111],[67.1111,37.3082],[67.1109,37.3063],[67.1105,37.3042],[67.1104,37.3022],[67.1104,37.2963],[67.1101,37.2923],[67.11,37.2899],[67.1108,37.2886],[67.1129,37.2872],[67.1152,37.2859],[67.12,37.2836],[67.1222,37.2819],[67.123,37.28],[67.1231,37.2785],[67.1233,37.2777],[67.1234,37.2758],[67.1239,37.2747],[67.1245,37.274],[67.1252,37.2732],[67.1279,37.2715],[67.1302,37.2708],[67.1325,37.2704],[67.135,37.2701],[67.1364,37.2701],[67.1388,37.2696],[67.1406,37.269],[67.1414,37.2684],[67.1416,37.2679],[67.1413,37.2662],[67.1431,37.2647],[67.1452,37.2637],[67.1473,37.2632],[67.1487,37.2629],[67.1515,37.2615],[67.1535,37.2608],[67.1559,37.2604],[67.1626,37.2586],[67.165,37.2583],[67.1775,37.2588],[67.1803,37.2592],[67.1822,37.2602],[67.1939,37.2607],[67.2058,37.2556],[67.2236,37.2439],[67.2342,37.216],[67.2462,37.189],[67.2574,37.1832],[67.27,37.1821],[67.3048,37.194],[67.3255,37.1977],[67.3403,37.2041],[67.3613,37.2096],[67.3773,37.2195],[67.4017,37.2175],[67.4186,37.2246],[67.4531,37.2365],[67.4564,37.2383],[67.4647,37.247],[67.4674,37.2506],[67.4743,37.2598],[67.4849,37.2656],[67.4937,37.2688],[67.5026,37.2696],[67.5168,37.2652],[67.5249,37.2596],[67.5374,37.2475],[67.5462,37.2365],[67.5582,37.2224],[67.566,37.2184],[67.5733,37.2172],[67.5764,37.2208],[67.5868,37.2352],[67.5977,37.2378],[67.6094,37.2375],[67.6191,37.2318],[67.6315,37.224],[67.6427,37.2211],[67.6815,37.22],[67.6892,37.2189],[67.7075,37.2189],[67.7233,37.219],[67.7429,37.2123],[67.7555,37.2071],[67.7692,37.1953],[67.7763,37.1852],[67.7824,37.1803],[67.7882,37.1772],[67.7885,37.1891],[67.7935,37.2017],[67.7962,37.2021],[67.8149,37.2461],[67.8135,37.25],[67.8106,37.2629],[67.8114,37.2646],[67.8132,37.2663],[67.8119,37.2684],[67.8124,37.2691],[67.8156,37.2697],[67.8174,37.271],[67.8194,37.2742],[67.8229,37.2762],[67.8263,37.2844],[67.8253,37.2883],[67.8267,37.2898],[67.8295,37.291],[67.8331,37.2971],[67.8374,37.3015],[67.8407,37.308],[67.842,37.3286],[67.8394,37.3348],[67.8312,37.3482],[67.8212,37.3577],[67.8149,37.3767],[67.8004,37.3883],[67.7992,37.397],[67.8005,37.3997],[67.7915,37.4116],[67.7899,37.4186],[67.795,37.4248],[67.7978,37.4263],[67.8003,37.4281],[67.8056,37.4337],[67.8069,37.4435],[67.8094,37.4621],[67.8088,37.4668],[67.8147,37.48],[67.8203,37.4856],[67.8277,37.502],[67.8335,37.5071],[67.8334,37.5104],[67.8352,37.5168],[67.8354,37.5233],[67.8314,37.534],[67.8315,37.5405],[67.8304,37.5443],[67.838,37.5541],[67.8384,37.5603],[67.8416,37.5687],[67.8456,37.5723],[67.8492,37.5779],[67.8522,37.5804],[67.8521,37.5842],[67.8531,37.5853],[67.8559,37.5858],[67.8602,37.5909],[67.8622,37.5916],[67.8629,37.5962],[67.8608,37.5969],[67.8596,37.6008],[67.8518,37.6124],[67.8674,37.6193],[67.8675,37.6313],[67.8663,37.6321],[67.8635,37.6369],[67.8787,37.6376],[67.9244,37.6234],[67.9319,37.6319],[67.9427,37.6463],[67.952,37.659],[67.9628,37.6729],[67.9644,37.674],[67.9669,37.6754],[67.9708,37.6764],[67.9745,37.6773],[67.9787,37.6781],[67.9827,37.6795],[67.9874,37.6817],[67.9906,37.6834],[67.9921,37.6852],[67.9945,37.6875],[67.9968,37.6914],[67.9996,37.6948],[68.0007,37.6957],[68.0033,37.698],[68.0052,37.6999],[68.0099,37.7073],[68.0112,37.7083],[68.0124,37.71],[68.0126,37.7122],[68.0122,37.7136],[68.0106,37.7198],[68.0119,37.7204],[68.0143,37.721],[68.0166,37.7221],[68.0191,37.7233],[68.0202,37.7245],[68.0204,37.726],[68.0204,37.728],[68.0205,37.7292],[68.0216,37.7312],[68.0231,37.733],[68.0262,37.7352],[68.029,37.737],[68.0365,37.7433],[68.038,37.7447],[68.0396,37.7468],[68.0405,37.7494],[68.0414,37.7523],[68.0429,37.7555],[68.0449,37.7587],[68.0556,37.7751],[68.0562,37.7779],[68.0575,37.781],[68.059,37.7845],[68.0625,37.7901],[68.0644,37.7922],[68.0681,37.7946],[68.0714,37.7968],[68.079,37.8054],[68.0807,37.8079],[68.0816,37.8096],[68.0824,37.8111],[68.0828,37.8129],[68.0826,37.8157],[68.0826,37.8257],[68.0839,37.8294],[68.0851,37.8311],[68.087,37.8325],[68.1019,37.8492],[68.1046,37.8523],[68.1073,37.857],[68.1083,37.8597],[68.1096,37.8627],[68.1148,37.8699],[68.1173,37.8767],[68.1182,37.8786],[68.1236,37.8882],[68.1243,37.8914],[68.1241,37.892],[68.1237,37.8931],[68.1247,37.8949],[68.125,37.896],[68.125,37.8967],[68.1244,37.8976],[68.1235,37.8989],[68.1231,37.9001],[68.1235,37.9019],[68.1247,37.9188],[68.1253,37.9239],[68.1269,37.9277],[68.1277,37.9289],[68.1298,37.9306],[68.1347,37.9335],[68.1367,37.9341],[68.1384,37.9342],[68.1403,37.934],[68.1429,37.9333],[68.1504,37.931],[68.1528,37.9309],[68.1553,37.931],[68.1569,37.9315],[68.1625,37.9345],[68.1637,37.9349],[68.1656,37.935],[68.1684,37.9347],[68.1716,37.9339],[68.1737,37.933],[68.1751,37.9326],[68.1759,37.9326],[68.1774,37.9331],[68.1793,37.934],[68.1814,37.9345],[68.185,37.9351],[68.1874,37.9354],[68.1912,37.935],[68.192,37.9338],[68.1935,37.9331],[68.1957,37.933],[68.198,37.933],[68.2006,37.9337],[68.2026,37.9338],[68.2062,37.9333],[68.2087,37.9329],[68.2119,37.933],[68.2163,37.9334],[68.2216,37.9328],[68.2255,37.9322],[68.2419,37.925],[68.2485,37.922],[68.2527,37.9198],[68.2557,37.9182],[68.2575,37.9153],[68.2594,37.9125],[68.261,37.9108],[68.262,37.9099],[68.2628,37.9094],[68.2644,37.899],[68.2643,37.8989],[68.2722,37.9068],[68.2785,37.9119],[68.2848,37.9267],[68.2759,37.9312],[68.2744,37.938],[68.2813,37.9437],[68.2824,37.9465],[68.2812,37.9506],[68.2818,37.952],[68.2839,37.9534],[68.2845,37.9552],[68.2828,37.9582],[68.2813,37.9612],[68.2798,37.9648],[68.2802,37.9657],[68.283,37.9672],[68.287,37.9703],[68.2874,37.9733],[68.2844,37.9768],[68.2844,37.9791],[68.2852,37.9807],[68.2872,37.9816],[68.2876,37.9827],[68.2857,37.9865],[68.2856,37.9884],[68.2875,37.9913],[68.2878,37.9958],[68.2884,37.9973],[68.2888,37.9993],[68.2904,38.0016],[68.2924,38.0039],[68.2971,38.0071],[68.2998,38.0101],[68.3004,38.0116],[68.3009,38.0172],[68.3018,38.0186],[68.3028,38.0214],[68.3048,38.0241],[68.3068,38.026],[68.3075,38.0292],[68.3086,38.0295],[68.312,38.03],[68.3138,38.0311],[68.3162,38.0325],[68.3184,38.0329],[68.3213,38.0324],[68.3222,38.0325],[68.3232,38.0337],[68.3235,38.037],[68.3242,38.0385],[68.3326,38.0432],[68.3348,38.0508],[68.3386,38.0535],[68.3418,38.055],[68.3428,38.0561],[68.3432,38.06],[68.3451,38.0617],[68.3473,38.0624],[68.3513,38.0624],[68.3547,38.0637],[68.3576,38.0643],[68.3588,38.0653],[68.36,38.0677],[68.3613,38.0685],[68.3651,38.0685],[68.3687,38.0718],[68.3713,38.0765],[68.3727,38.081],[68.3771,38.0845],[68.3773,38.0854],[68.3766,38.087],[68.3744,38.0894],[68.373,38.0927],[68.3731,38.0938],[68.3746,38.0951],[68.3747,38.0963],[68.3741,38.0983],[68.3754,38.0993],[68.3781,38.1011],[68.379,38.103],[68.3807,38.1046],[68.3801,38.1064],[68.3765,38.1103],[68.3782,38.1167],[68.3777,38.1184],[68.3787,38.1197],[68.3834,38.1251],[68.3855,38.1303],[68.3877,38.1329],[68.3884,38.1359],[68.3865,38.1409],[68.3872,38.1435],[68.3889,38.1438],[68.3938,38.1429],[68.3951,38.1441],[68.3952,38.1489],[68.3946,38.1541],[68.3961,38.1562],[68.3995,38.1579],[68.3993,38.1587],[68.3972,38.1612],[68.3965,38.1636],[68.3975,38.1655],[68.4013,38.1698],[68.4036,38.1734],[68.405,38.179],[68.4053,38.1807],[68.4041,38.1845],[68.4046,38.1861],[68.4041,38.1875],[68.4041,38.1893],[68.4021,38.1929],[68.4026,38.1939],[68.4034,38.195],[68.4047,38.1966],[68.4044,38.1979],[68.404,38.1989],[68.4013,38.1997],[68.3953,38.2023],[68.3917,38.2032],[68.3871,38.2042],[68.3799,38.2036],[68.3786,38.2073],[68.3786,38.217],[68.3759,38.2206],[68.374,38.2241],[68.3735,38.2331],[68.3738,38.242],[68.3708,38.2458],[68.3694,38.2452],[68.3658,38.2428],[68.3617,38.239],[68.3559,38.2377],[68.3485,38.2373],[68.3446,38.2381],[68.3408,38.2366],[68.3334,38.2343],[68.3292,38.235],[68.3191,38.2408],[68.3197,38.2436],[68.3194,38.2485],[68.3169,38.2507],[68.3128,38.2524],[68.3051,38.2537],[68.3024,38.2557],[68.3008,38.2589],[68.3002,38.2632],[68.2975,38.2707],[68.2932,38.2839],[68.2913,38.2903],[68.2907,38.2947],[68.2927,38.2983],[68.296,38.3086],[68.2969,38.3153],[68.293,38.3168],[68.2914,38.319],[68.2892,38.3231],[68.2856,38.3229],[68.2823,38.3244],[68.2779,38.3224],[68.2691,38.3205],[68.2636,38.3203],[68.2586,38.3229],[68.2559,38.3229],[68.2551,38.319],[68.2495,38.3184],[68.2424,38.3197],[68.2328,38.3219],[68.2262,38.3279],[68.2262,38.3346],[68.2237,38.338],[68.2193,38.3369],[68.2127,38.3363],[68.2097,38.3387],[68.2127,38.3415],[68.2139,38.3441],[68.2108,38.3481],[68.2075,38.3505],[68.2068,38.3549],[68.2042,38.3567],[68.2009,38.3574],[68.195,38.3617],[68.1918,38.3632],[68.1846,38.3652],[68.1827,38.3679],[68.1817,38.3687],[68.1701,38.3675],[68.1655,38.3686],[68.1572,38.3743],[68.1564,38.3791],[68.1528,38.3894],[68.1498,38.3933],[68.1459,38.3972],[68.1436,38.3984],[68.1432,38.3982],[68.141,38.3997],[68.1404,38.4018],[68.1375,38.4102],[68.1366,38.4107],[68.1355,38.4109],[68.1311,38.4098],[68.1124,38.4023],[68.1098,38.4021],[68.1039,38.397],[68.0996,38.3939],[68.0927,38.3893],[68.0891,38.3918],[68.0802,38.3882],[68.0795,38.3901],[68.0768,38.3898],[68.07,38.3919],[68.0665,38.3922],[68.0619,38.3927],[68.064,38.4039],[68.0648,38.4047],[68.0648,38.4069],[68.0642,38.4073],[68.0643,38.4083],[68.0649,38.4102],[68.0704,38.4199],[68.0771,38.4226],[68.0793,38.424],[68.0816,38.4261],[68.0942,38.4404],[68.0967,38.4432],[68.097,38.4439],[68.1018,38.4497],[68.1164,38.4681],[68.1091,38.4829],[68.1083,38.483],[68.1027,38.4879],[68.0999,38.4904],[68.0991,38.4911],[68.0984,38.4916],[68.0977,38.4922],[68.0969,38.4928],[68.1009,38.4991],[68.1032,38.5026],[68.1034,38.5029],[68.1041,38.5032],[68.105,38.5044],[68.1051,38.5049],[68.1048,38.5054],[68.1028,38.5082],[68.102,38.5121],[68.1012,38.5158],[68.0985,38.5187],[68.0968,38.5187],[68.0916,38.5163],[68.0852,38.5172],[68.0844,38.5221],[68.0861,38.5275],[68.0842,38.5333],[68.0773,38.534],[68.0709,38.5338],[68.0693,38.5389],[68.0679,38.5437],[68.0679,38.5497],[68.064,38.5561],[68.0613,38.5594],[68.0607,38.5639],[68.061,38.5678],[68.0607,38.5714],[68.0657,38.5774],[68.0676,38.5837],[68.0712,38.5852],[68.077,38.5869],[68.0795,38.5923],[68.079,38.5975],[68.0776,38.605],[68.0784,38.6119],[68.0801,38.6263],[68.0815,38.6317],[68.0851,38.6351],[68.0909,38.639],[68.0928,38.6425],[68.0873,38.6468],[68.0812,38.6526],[68.081,38.656],[68.0804,38.662],[68.0774,38.6668],[68.0791,38.6716],[68.0796,38.6744],[68.0774,38.6768],[68.0735,38.6828],[68.0746,38.6872],[68.0741,38.6902],[68.0716,38.6924],[68.0674,38.695],[68.0644,38.6976],[68.0636,38.7017],[68.0594,38.7077],[68.0569,38.7123],[68.0577,38.7164],[68.0605,38.7194],[68.0652,38.7211],[68.071,38.7242],[68.0829,38.7285],[68.0876,38.7294],[68.0945,38.729],[68.1034,38.729],[68.1144,38.7305],[68.1191,38.7324],[68.1238,38.7331],[68.128,38.7331],[68.1277,38.7344],[68.126,38.7361],[68.1258,38.7381],[68.1249,38.742],[68.1238,38.7467],[68.1213,38.7521],[68.1172,38.7556],[68.1119,38.761],[68.1058,38.7679],[68.1016,38.7725],[68.1014,38.7749],[68.1,38.7822],[68.0958,38.7874],[68.0914,38.7926],[68.0872,38.7939],[68.0817,38.7941],[68.0778,38.7948],[68.0767,38.7969],[68.0736,38.7969],[68.0706,38.7967],[68.0667,38.7989],[68.067,38.8017],[68.0692,38.8038],[68.0692,38.8051],[68.0678,38.8077],[68.0686,38.8097],[68.0695,38.8136],[68.0697,38.8183],[68.075,38.8179],[68.08,38.8166],[68.0866,38.8158],[68.0919,38.8138],[68.0952,38.8138],[68.0994,38.8162],[68.1019,38.8164],[68.1055,38.8164],[68.1118,38.8175],[68.1146,38.8186],[68.1174,38.8177],[68.1235,38.8177],[68.1265,38.8184],[68.1301,38.8195],[68.1337,38.8199],[68.1329,38.8221],[68.1315,38.8266],[68.1334,38.8277],[68.1387,38.8275],[68.1462,38.8273],[68.1542,38.827],[68.1575,38.829],[68.1612,38.8301],[68.1664,38.8312],[68.1714,38.8312],[68.1717,38.8335],[68.1717,38.8361],[68.172,38.8392],[68.1747,38.8422],[68.1764,38.8457],[68.18,38.8485],[68.1855,38.8509],[68.1875,38.8526],[68.1916,38.8543],[68.1983,38.8558],[68.2013,38.8567],[68.2013,38.8628],[68.2022,38.8651],[68.2013,38.8669],[68.1966,38.8684],[68.1908,38.8716],[68.1853,38.8742],[68.18,38.8801],[68.1794,38.8827],[68.1808,38.8855],[68.1811,38.8868],[68.1789,38.8907],[68.1789,38.8929],[68.18,38.8939],[68.1847,38.895],[68.1878,38.8957],[68.1922,38.8965],[68.1952,38.8983],[68.1958,38.9011],[68.1969,38.9045],[68.1969,38.9095],[68.1958,38.9132],[68.1969,38.9154],[68.2005,38.9171],[68.2055,38.9169],[68.2077,38.9182],[68.2072,38.9216],[68.2055,38.9229],[68.2033,38.9253],[68.2002,38.9305],[68.198,38.9355],[68.1961,38.9385],[68.1927,38.9394],[68.1886,38.9405],[68.1847,38.9422],[68.1769,38.9452],[68.173,38.9478],[68.1692,38.9483],[68.1631,38.9483],[68.1586,38.9491],[68.1528,38.9513],[68.15,38.9545],[68.1453,38.9569],[68.1406,38.96],[68.1361,38.9604],[68.1345,38.9628],[68.1353,38.966],[68.1347,38.9697],[68.1367,38.9721],[68.1397,38.9753],[68.1389,38.979],[68.135,38.982],[68.1339,38.9853],[68.1339,38.9887],[68.1317,38.9916],[68.1303,38.9939],[68.13,38.9974],[68.1267,38.9989],[68.1225,39.0009],[68.1192,39.0039],[68.1191,39.0069],[68.1183,39.0108],[68.115,39.0141],[68.1114,39.0151],[68.1077,39.0153],[68.1039,39.0151],[68.1005,39.0164],[68.0977,39.0199],[68.0944,39.0229],[68.0914,39.0225],[68.0866,39.0227],[68.0822,39.0246],[68.0788,39.0264],[68.0747,39.0238],[68.0713,39.024],[68.068,39.0248],[68.0661,39.0212],[68.0602,39.0173],[68.0541,39.0164],[68.0477,39.0168],[68.0419,39.0155],[68.038,39.0131],[68.0325,39.0107],[68.0278,39.0101],[68.0255,39.0116],[68.0202,39.014],[68.0144,39.0146],[68.008,39.0165],[67.9999,39.019],[67.9974,39.0208],[67.9933,39.0249],[67.9928,39.0286],[67.9898,39.0323],[67.9857,39.0337],[67.9815,39.0322],[67.9761,39.0284],[67.9736,39.0258],[67.9666,39.023],[67.9605,39.0239],[67.9555,39.0238],[67.9508,39.0225],[67.946,39.0219],[67.9402,39.0241],[67.9355,39.0242],[67.9308,39.0236],[67.9247,39.0241],[67.9216,39.0265],[67.9197,39.0259],[67.9152,39.0231],[67.9091,39.0207],[67.904,39.018],[67.9007,39.0187],[67.8949,39.0202],[67.8907,39.0192],[67.8887,39.0164],[67.8831,39.0136],[67.8823,39.0114],[67.8788,39.0054],[67.8744,39.0044],[67.8691,39.0014],[67.8646,39.0018],[67.858,39.0036],[67.8494,39.0065],[67.8431,39.0098],[67.8386,39.0101],[67.8345,39.0103],[67.8314,39.0125],[67.8262,39.0124],[67.8226,39.0141],[67.8201,39.0163],[67.8151,39.0151],[67.8106,39.0119],[67.8042,39.0121],[67.8006,39.0124],[67.7948,39.0116],[67.792,39.0129],[67.7859,39.0125],[67.7804,39.0145],[67.7767,39.0145],[67.7737,39.0146],[67.7679,39.0161],[67.7659,39.0148],[67.7625,39.0107],[67.7569,39.006],[67.7496,39.0015],[67.7477,39.0022],[67.7447,39.0037],[67.7402,39.0057],[67.7355,39.0034],[67.7274,39.001],[67.7221,39.0011],[67.7177,39.0033],[67.715,39.0046],[67.7094,39.0005],[67.7038,39.0006],[67.6986,39.0032],[67.6939,39.008],[67.6936,39.013],[67.6925,39.0139],[67.675,38.9997],[67.6653,38.9942],[67.6539,38.99],[67.6333,38.9878],[67.5972,38.9864],[67.5817,38.9872],[67.5675,38.9861],[67.5547,38.9836],[67.5489,38.9817],[67.5378,38.9775],[67.5233,38.9678],[67.5164,38.9589],[67.5136,38.9536],[67.5122,38.9469],[67.5222,38.8992],[67.5239,38.8939],[67.5341,38.8761],[67.5461,38.8583],[67.5542,38.8505],[67.5575,38.8417],[67.5603,38.7705],[67.5589,38.7636],[67.5314,38.6978],[67.5253,38.698],[67.5197,38.7008],[67.4991,38.7189],[67.4892,38.725],[67.4675,38.7305],[67.4592,38.7317],[67.4436,38.7322],[67.4366,38.7317],[67.4119,38.7261],[67.4022,38.7203],[67.3894,38.7094],[67.3719,38.6875],[67.3622,38.6733],[67.3461,38.6497],[67.2286,38.5567],[67.158,38.5028],[67.1539,38.4989],[67.1511,38.4939],[67.1492,38.4878],[67.1383,38.4419],[67.1355,38.4286],[67.1347,38.4161],[67.1266,38.3922],[67.1239,38.3869],[67.1169,38.3775],[67.0739,38.3428],[67.0647,38.3361],[67.025,38.3142],[66.9864,38.2979],[66.9708,38.2914],[66.96,38.2869],[66.9486,38.2828],[66.8428,38.1964],[66.7066,38.0839],[66.698,38.0761],[66.6922,38.065],[66.6886,38.0547],[66.6661,37.9816],[66.6703,37.9733],[66.672,37.9661]]]}},{"type":"Feature","properties":{"shapeISO":"UZ-SA","shapeName":"Samarqand Region"},"geometry":{"type":"Polygon","coordinates":[[[65.2555,39.4916],[65.2633,39.4894],[65.2705,39.4889],[65.4478,39.4839],[65.468,39.4833],[65.6503,39.48],[65.6703,39.4811],[65.6825,39.483],[65.7,39.4878],[65.7108,39.4922],[65.7211,39.4978],[65.7369,39.5067],[65.7417,39.5103],[65.7458,39.5147],[65.7466,39.5203],[65.84,39.5056],[65.9114,39.4417],[65.9714,39.3636],[65.9719,39.3483],[65.9733,39.3386],[65.978,39.335],[65.9936,39.3308],[66.0386,39.3211],[66.0603,39.3178],[66.0872,39.3172],[66.0933,39.3183],[66.125,39.3344],[66.1411,39.3417],[66.2064,39.368],[66.2119,39.3697],[66.3753,39.4011],[66.3825,39.4003],[66.3889,39.3983],[66.4142,39.3858],[66.4336,39.3717],[66.4497,39.3617],[66.4728,39.3483],[66.4853,39.3422],[66.5003,39.3367],[66.5067,39.3369],[66.5125,39.3386],[66.5803,39.3603],[66.5855,39.3631],[66.595,39.3703],[66.6033,39.3792],[66.6269,39.4092],[66.6355,39.4181],[66.645,39.425],[66.6564,39.4286],[66.6625,39.4297],[66.6883,39.4308],[66.7025,39.4292],[66.7603,39.4214],[66.8658,39.4067],[66.8736,39.405],[66.8839,39.398],[66.8872,39.3939],[66.8964,39.3764],[66.8978,39.3717],[66.8978,39.3617],[66.8955,39.3505],[66.8867,39.3275],[66.8855,39.3219],[66.8855,39.3169],[66.8869,39.3122],[66.8892,39.3078],[66.8939,39.3042],[66.9064,39.2978],[66.9142,39.2953],[66.9353,39.2928],[66.955,39.2928],[67.0389,39.2967],[67.0511,39.2986],[67.0566,39.3003],[67.0658,39.3083],[67.0681,39.3142],[67.0681,39.3242],[67.0655,39.3339],[67.0655,39.3389],[67.0667,39.3442],[67.0705,39.3494],[67.0758,39.3522],[67.0819,39.3531],[67.095,39.3531],[67.1097,39.3505],[67.1764,39.3353],[67.1914,39.3317],[67.2469,39.3133],[67.27,39.3072],[67.3181,39.3189],[67.3369,39.3055],[67.3432,39.3092],[67.3659,39.3099],[67.3868,39.3144],[67.4151,39.3136],[67.4492,39.3126],[67.4643,39.3192],[67.4747,39.3235],[67.4744,39.3338],[67.4703,39.3438],[67.474,39.3556],[67.4839,39.3741],[67.4876,39.3782],[67.483,39.4053],[67.4808,39.4101],[67.4602,39.423],[67.4621,39.4378],[67.4557,39.4411],[67.4572,39.4438],[67.4583,39.445],[67.4613,39.4505],[67.4635,39.4517],[67.4646,39.4564],[67.4645,39.4627],[67.4594,39.4702],[67.4582,39.4738],[67.455,39.4764],[67.4515,39.4799],[67.4484,39.4855],[67.4483,39.4874],[67.4473,39.4893],[67.4459,39.49],[67.4402,39.4955],[67.4364,39.4986],[67.4292,39.4903],[67.4022,39.5067],[67.3344,39.5525],[67.3122,39.57],[67.298,39.5861],[67.2947,39.5955],[67.2936,39.6019],[67.2919,39.6364],[67.2917,39.6475],[67.2925,39.6655],[67.293,39.6717],[67.2953,39.6778],[67.365,39.7653],[67.3725,39.7733],[67.3814,39.7805],[67.3964,39.7894],[67.4303,39.8028],[67.443,39.8067],[67.4558,39.8097],[67.4764,39.813],[67.4983,39.8136],[67.5044,39.8155],[67.5028,39.8325],[67.4704,39.921],[67.4548,39.9281],[67.4414,39.9382],[67.2183,39.978],[67.1394,39.9833],[67.1142,39.9847],[67.0683,39.998],[67.0625,40.0008],[66.9422,40.0633],[66.9394,40.0742],[66.9366,40.1017],[66.9347,40.125],[66.9369,40.1308],[66.9636,40.1356],[66.9689,40.1383],[66.9716,40.1428],[66.9786,40.1605],[66.98,40.1739],[66.9783,40.1789],[66.9489,40.2205],[66.9086,40.248],[66.8905,40.3161],[66.8897,40.3272],[66.8883,40.3692],[66.8883,40.3811],[66.8892,40.3878],[66.8914,40.3939],[66.9033,40.4139],[66.9072,40.4181],[66.9094,40.4242],[66.9091,40.4422],[66.9039,40.4514],[66.8883,40.4783],[66.8839,40.4792],[66.8766,40.4792],[66.7886,40.48],[66.6653,40.4897],[66.62,40.4951],[66.5928,40.5525],[66.5525,40.5964],[66.5317,40.6147],[66.5191,40.6192],[66.4733,40.5875],[66.4225,40.5664],[66.3928,40.5644],[66.353,40.5686],[66.3306,40.5817],[66.3083,40.6072],[66.2825,40.6086],[66.2586,40.6056],[66.2389,40.5878],[66.1925,40.5106],[66.1817,40.4492],[66.1797,40.4294],[66.185,40.4236],[66.1966,40.4203],[66.2047,40.4083],[66.2011,40.3708],[66.1819,40.2694],[66.1633,40.2472],[66.1136,40.1467],[66.118,40.1303],[66.1353,40.1286],[66.1661,40.1439],[66.1839,40.1428],[66.1878,40.1353],[66.1847,40.1167],[66.1755,40.1064],[66.115,40.0614],[66.1,40.0517],[66.0647,40.0392],[65.9618,40.0179],[65.9589,40.0178],[65.9568,40.0182],[65.9547,40.0185],[65.954,40.0195],[65.8719,40.0069],[65.8649,40.0069],[65.8455,40.0102],[65.7644,40.0369],[65.7292,40.0486],[65.6947,40.062],[65.6839,40.0675],[65.6794,40.0722],[65.6739,40.0847],[65.6574,40.1067],[65.6524,40.1105],[65.5333,40.1543],[65.5264,40.1565],[65.5184,40.1561],[65.5127,40.1449],[65.5001,40.1317],[65.4897,40.1219],[65.4908,40.1058],[65.4875,40.0657],[65.4833,40.0158],[65.4817,40.0094],[65.4422,39.9172],[65.4355,39.9053],[65.4317,39.9],[65.4267,39.8958],[65.4216,39.8933],[65.4155,39.8908],[65.4097,39.8903],[65.4028,39.8905],[65.3878,39.8931],[65.3808,39.8944],[65.3411,39.9053],[65.3194,39.9133],[65.1322,39.8647],[65.1264,39.8622],[65.1214,39.8589],[65.1197,39.8528],[65.1239,39.8436],[65.1269,39.84],[65.14,39.8286],[65.1589,39.8144],[65.18,39.8008],[65.1875,39.7933],[65.195,39.785],[65.2003,39.7767],[65.2278,39.6992],[65.2294,39.6894],[65.2275,39.6786],[65.2258,39.6733],[65.2147,39.6489],[65.203,39.6333],[65.1894,39.6097],[65.1886,39.5992],[65.1922,39.5855],[65.2097,39.5553],[65.2275,39.5303],[65.2317,39.5264],[65.2555,39.4916]]]}},{"type":"Feature","properties":{"shapeISO":"UZ-TO","shapeName":"Tashkent Region"},"geometry":{"type":"MultiPolygon","coordinates":[[[[70.4953,41.3975],[70.488,41.3982],[70.4833,41.401],[70.4792,41.4042],[70.4765,41.4059],[70.4734,41.4084],[70.4699,41.4088],[70.4692,41.4094],[70.4691,41.4102],[70.4701,41.4162],[70.4686,41.4195],[70.4671,41.4207],[70.4652,41.4229],[70.4649,41.4253],[70.4639,41.4269],[70.4621,41.4282],[70.4614,41.4287],[70.4556,41.4327],[70.452,41.4335],[70.4516,41.434],[70.4485,41.437],[70.4476,41.4384],[70.4421,41.4401],[70.4415,41.4429],[70.4395,41.4452],[70.4386,41.4464],[70.4339,41.4482],[70.4271,41.4513],[70.4266,41.4515],[70.4239,41.4519],[70.4222,41.452],[70.4188,41.4544],[70.4175,41.4565],[70.4166,41.4577],[70.4148,41.4583],[70.4132,41.4589],[70.411,41.4607],[70.4083,41.4663],[70.4074,41.468],[70.4075,41.4704],[70.4011,41.4701],[70.3961,41.471],[70.3951,41.47],[70.3925,41.4684],[70.3897,41.4682],[70.3809,41.4666],[70.3781,41.4683],[70.3778,41.4687],[70.376,41.471],[70.3756,41.4717],[70.372,41.4776],[70.3728,41.4796],[70.373,41.4809],[70.373,41.4818],[70.3727,41.4826],[70.3699,41.4861],[70.3693,41.4871],[70.3666,41.4894],[70.3651,41.4903],[70.3639,41.4917],[70.3635,41.4927],[70.3614,41.4929],[70.3578,41.4931],[70.3546,41.4926],[70.3525,41.493],[70.3503,41.4928],[70.348,41.493],[70.3461,41.4937],[70.345,41.4943],[70.3429,41.4958],[70.34,41.4964],[70.3389,41.4973],[70.3384,41.5004],[70.335,41.4994],[70.3333,41.4996],[70.3314,41.5],[70.3292,41.5],[70.325,41.5005],[70.3235,41.5014],[70.3231,41.5032],[70.3205,41.5068],[70.3109,41.5106],[70.3058,41.5162],[70.3061,41.5181],[70.3031,41.5206],[70.3002,41.5206],[70.299,41.5207],[70.2973,41.5199],[70.292,41.5177],[70.2892,41.5159],[70.2877,41.5149],[70.2817,41.5129],[70.2763,41.5117],[70.2751,41.511],[70.2745,41.5056],[70.2735,41.5043],[70.2732,41.5029],[70.2724,41.5018],[70.2712,41.5002],[70.2692,41.4991],[70.2673,41.4981],[70.2657,41.4977],[70.2615,41.4965],[70.2582,41.496],[70.2554,41.4956],[70.2528,41.4956],[70.2463,41.4933],[70.2404,41.4914],[70.2356,41.4916],[70.2292,41.4916],[70.2226,41.4942],[70.2193,41.4959],[70.2177,41.4996],[70.215,41.5022],[70.2112,41.5042],[70.2084,41.5042],[70.206,41.5056],[70.2036,41.5061],[70.1948,41.5066],[70.1862,41.5092],[70.1799,41.5124],[70.1775,41.5135],[70.1756,41.5144],[70.1729,41.5151],[70.1719,41.5152],[70.1693,41.5153],[70.1694,41.5157],[70.1704,41.5182],[70.1714,41.5202],[70.174,41.5234],[70.1771,41.5256],[70.1814,41.5273],[70.1833,41.5355],[70.1845,41.5424],[70.1876,41.545],[70.1868,41.5466],[70.1863,41.5474],[70.1853,41.5503],[70.1841,41.5525],[70.1822,41.5545],[70.1812,41.5553],[70.1804,41.5559],[70.1793,41.5575],[70.1808,41.5588],[70.1822,41.5595],[70.188,41.5622],[70.1898,41.5645],[70.1898,41.5669],[70.1901,41.5681],[70.1917,41.5691],[70.1929,41.5696],[70.1945,41.5701],[70.1975,41.5702],[70.2001,41.5714],[70.2029,41.5727],[70.2036,41.5727],[70.2056,41.5727],[70.2086,41.5733],[70.2098,41.5746],[70.21,41.5778],[70.2101,41.5791],[70.2147,41.5858],[70.2149,41.5889],[70.215,41.5911],[70.2158,41.595],[70.2142,41.5965],[70.2133,41.5979],[70.2111,41.601],[70.2083,41.6042],[70.2101,41.6066],[70.2102,41.6082],[70.2095,41.6098],[70.2095,41.6101],[70.2092,41.612],[70.2131,41.6108],[70.2156,41.6108],[70.2173,41.6109],[70.2207,41.611],[70.2236,41.6116],[70.231,41.6124],[70.2353,41.6149],[70.2419,41.6166],[70.2453,41.616],[70.2477,41.6143],[70.251,41.6132],[70.2531,41.6132],[70.2541,41.6128],[70.2566,41.6119],[70.2572,41.6115],[70.2588,41.6107],[70.2619,41.6088],[70.2632,41.6074],[70.2642,41.6075],[70.2653,41.608],[70.2666,41.6083],[70.267,41.6085],[70.2699,41.6109],[70.2729,41.6122],[70.2747,41.613],[70.2756,41.6146],[70.2762,41.6163],[70.2767,41.617],[70.279,41.6199],[70.2828,41.6204],[70.2839,41.6208],[70.2895,41.6217],[70.2926,41.6217],[70.2941,41.6231],[70.295,41.624],[70.2974,41.6276],[70.2982,41.6286],[70.2985,41.6288],[70.2995,41.6295],[70.3018,41.6312],[70.305,41.632],[70.3072,41.6332],[70.3126,41.6347],[70.3152,41.6355],[70.3213,41.6367],[70.322,41.6368],[70.3235,41.6367],[70.327,41.6366],[70.3301,41.6366],[70.3326,41.637],[70.3363,41.6375],[70.3369,41.6375],[70.3419,41.6382],[70.3446,41.6407],[70.3504,41.6429],[70.3556,41.6447],[70.3593,41.6458],[70.3671,41.6475],[70.3717,41.6516],[70.3758,41.6572],[70.3771,41.6618],[70.3828,41.6684],[70.3853,41.6716],[70.3857,41.6739],[70.3881,41.6758],[70.39,41.6782],[70.3906,41.6788],[70.3931,41.6815],[70.3966,41.6842],[70.4004,41.6858],[70.4034,41.6865],[70.4075,41.689],[70.4103,41.6898],[70.4143,41.6909],[70.4197,41.6904],[70.4214,41.6928],[70.424,41.6939],[70.4273,41.6951],[70.4307,41.6968],[70.4328,41.6981],[70.4364,41.7004],[70.4392,41.7006],[70.4447,41.7011],[70.4498,41.7025],[70.4524,41.7061],[70.4535,41.7076],[70.4568,41.711],[70.4604,41.7136],[70.4638,41.7162],[70.4649,41.7169],[70.4653,41.7182],[70.4668,41.7206],[70.4685,41.7207],[70.4706,41.7215],[70.4758,41.7223],[70.4797,41.7216],[70.4826,41.721],[70.4854,41.7207],[70.4949,41.7199],[70.4967,41.7197],[70.4985,41.7216],[70.5,41.7267],[70.5026,41.7322],[70.5034,41.7342],[70.5067,41.7366],[70.5057,41.7419],[70.5059,41.7429],[70.5067,41.7445],[70.5089,41.7468],[70.5058,41.7484],[70.5047,41.7506],[70.5049,41.7513],[70.5057,41.7542],[70.5067,41.7559],[70.5089,41.7613],[70.5081,41.7652],[70.508,41.7657],[70.5087,41.7721],[70.5106,41.7741],[70.5126,41.7779],[70.5149,41.7803],[70.5155,41.782],[70.5152,41.7843],[70.5175,41.786],[70.519,41.788],[70.5211,41.7899],[70.5241,41.7943],[70.5275,41.7986],[70.5311,41.7981],[70.5357,41.7993],[70.54,41.8005],[70.543,41.8014],[70.5456,41.804],[70.5502,41.8054],[70.5519,41.8063],[70.5529,41.8067],[70.5543,41.8078],[70.5605,41.8079],[70.5629,41.809],[70.5643,41.8108],[70.5667,41.8109],[70.5691,41.8106],[70.5719,41.8136],[70.5734,41.8158],[70.5749,41.8172],[70.5764,41.8189],[70.5785,41.8198],[70.5843,41.8193],[70.589,41.8183],[70.5942,41.818],[70.5967,41.8182],[70.5973,41.8189],[70.5993,41.8198],[70.5967,41.8244],[70.5966,41.8264],[70.5976,41.8287],[70.5977,41.8332],[70.5977,41.8353],[70.5993,41.8374],[70.5994,41.8393],[70.6009,41.844],[70.6011,41.8445],[70.6021,41.8485],[70.6034,41.8507],[70.606,41.8511],[70.6098,41.8516],[70.6141,41.8531],[70.616,41.8523],[70.617,41.8519],[70.6177,41.8515],[70.6191,41.8513],[70.6222,41.8514],[70.6269,41.8518],[70.6288,41.8533],[70.6298,41.8555],[70.6317,41.8598],[70.6342,41.8614],[70.6358,41.8634],[70.6361,41.8658],[70.6384,41.8674],[70.6398,41.8681],[70.6391,41.8698],[70.638,41.8721],[70.6391,41.8722],[70.6409,41.8723],[70.6435,41.8728],[70.6449,41.8735],[70.6459,41.8742],[70.6478,41.8764],[70.6483,41.8793],[70.6492,41.8822],[70.6527,41.8833],[70.6543,41.8844],[70.6558,41.8856],[70.6565,41.8866],[70.6579,41.8885],[70.6587,41.8902],[70.66,41.8923],[70.662,41.8939],[70.6625,41.8955],[70.6627,41.8973],[70.661,41.8994],[70.6609,41.9],[70.6608,41.9011],[70.6617,41.9023],[70.6627,41.9038],[70.6639,41.9055],[70.665,41.907],[70.6697,41.9073],[70.6734,41.9084],[70.6741,41.9096],[70.6765,41.9118],[70.6783,41.9129],[70.6791,41.9131],[70.6806,41.9131],[70.683,41.9133],[70.6864,41.9147],[70.6872,41.9156],[70.6897,41.9145],[70.6939,41.9146],[70.6994,41.9165],[70.7028,41.9172],[70.7049,41.9181],[70.7077,41.9198],[70.7137,41.9205],[70.721,41.92],[70.7274,41.9203],[70.7304,41.9205],[70.7306,41.9191],[70.7315,41.9177],[70.7385,41.9139],[70.7419,41.914],[70.7451,41.9131],[70.749,41.9123],[70.7527,41.9127],[70.7544,41.9134],[70.7557,41.9148],[70.7564,41.9156],[70.7573,41.9181],[70.7573,41.92],[70.7582,41.9239],[70.7582,41.9301],[70.7583,41.9323],[70.7581,41.9338],[70.7572,41.9364],[70.7631,41.936],[70.7667,41.9356],[70.7678,41.9338],[70.771,41.9311],[70.7733,41.9284],[70.778,41.928],[70.7803,41.9266],[70.7817,41.9264],[70.7841,41.9264],[70.79,41.9291],[70.7954,41.9272],[70.7965,41.9264],[70.7973,41.9263],[70.8069,41.9206],[70.8114,41.9242],[70.8132,41.9256],[70.8142,41.9263],[70.8156,41.9265],[70.8203,41.9264],[70.8215,41.9264],[70.8242,41.9265],[70.8261,41.9264],[70.829,41.9248],[70.8305,41.9248],[70.8348,41.9231],[70.8378,41.9268],[70.8426,41.9314],[70.8447,41.9336],[70.8456,41.9363],[70.8458,41.9389],[70.8476,41.94],[70.8502,41.9403],[70.8539,41.9415],[70.853,41.9454],[70.8519,41.9479],[70.8534,41.949],[70.8555,41.9505],[70.8559,41.953],[70.8558,41.9553],[70.8529,41.9573],[70.8524,41.9589],[70.8525,41.9611],[70.853,41.9632],[70.8507,41.9665],[70.8507,41.9714],[70.8487,41.9743],[70.8486,41.9765],[70.8499,41.9786],[70.8498,41.9814],[70.8518,41.9843],[70.8523,41.9856],[70.8523,41.9876],[70.852,41.989],[70.8482,41.9905],[70.8453,41.9921],[70.8431,41.9954],[70.8405,41.9971],[70.8379,41.9997],[70.8404,42.0021],[70.8423,42.0056],[70.8425,42.0075],[70.8424,42.0084],[70.8428,42.0093],[70.8424,42.0107],[70.8423,42.0126],[70.845,42.0141],[70.8473,42.0158],[70.847,42.0175],[70.8469,42.0185],[70.848,42.0195],[70.8522,42.0225],[70.8591,42.0268],[70.8598,42.0295],[70.8584,42.0318],[70.8573,42.0327],[70.8562,42.0333],[70.8565,42.0354],[70.8564,42.0369],[70.8556,42.0399],[70.8613,42.0428],[70.861,42.0461],[70.8608,42.0483],[70.8617,42.0494],[70.8636,42.0509],[70.8645,42.0525],[70.8652,42.0541],[70.8674,42.0529],[70.8708,42.0509],[70.8722,42.05],[70.8735,42.0485],[70.876,42.047],[70.8776,42.0469],[70.8783,42.0465],[70.879,42.0461],[70.8829,42.0462],[70.8853,42.0473],[70.8864,42.0492],[70.8881,42.0519],[70.8935,42.0503],[70.8961,42.0482],[70.8965,42.0453],[70.8967,42.044],[70.8979,42.043],[70.9006,42.0409],[70.9007,42.0409],[70.906,42.0403],[70.9103,42.0403],[70.9145,42.0419],[70.9195,42.0397],[70.9262,42.0368],[70.9297,42.0345],[70.9382,42.0327],[70.9396,42.0324],[70.9422,42.0312],[70.9486,42.031],[70.9547,42.0311],[70.9611,42.0308],[70.9665,42.0317],[70.9735,42.0328],[70.9792,42.0329],[70.983,42.0319],[70.9855,42.0309],[70.9927,42.0304],[70.9942,42.0311],[70.9976,42.0347],[70.9993,42.0376],[71.0022,42.041],[71.0019,42.0437],[71.0021,42.0441],[71.0056,42.046],[71.0106,42.0488],[71.011,42.0494],[71.0125,42.0509],[71.0135,42.0524],[71.0123,42.0544],[71.0094,42.0561],[71.0064,42.057],[71.0135,42.0602],[71.0154,42.0611],[71.0181,42.0613],[71.0227,42.061],[71.0247,42.0612],[71.025,42.0627],[71.0253,42.0642],[71.0264,42.065],[71.0279,42.066],[71.0286,42.0668],[71.029,42.0677],[71.0325,42.0656],[71.0344,42.0647],[71.0401,42.0637],[71.0418,42.0658],[71.0423,42.0668],[71.0433,42.068],[71.0442,42.0691],[71.0461,42.0705],[71.0467,42.0712],[71.0469,42.0723],[71.0461,42.0751],[71.0477,42.0769],[71.0486,42.0793],[71.0494,42.0811],[71.05,42.0812],[71.0549,42.0824],[71.0565,42.0828],[71.0564,42.0837],[71.0564,42.0852],[71.059,42.0851],[71.0615,42.0851],[71.0668,42.0852],[71.0682,42.0852],[71.0694,42.086],[71.0703,42.0861],[71.0712,42.0869],[71.0732,42.0888],[71.0738,42.0895],[71.0759,42.0907],[71.077,42.0909],[71.0781,42.0911],[71.0785,42.091],[71.0794,42.0918],[71.0808,42.0919],[71.0821,42.0928],[71.0835,42.0936],[71.0846,42.0944],[71.0866,42.0944],[71.0881,42.0944],[71.0919,42.0945],[71.0961,42.0944],[71.0997,42.0946],[71.1009,42.0979],[71.1017,42.101],[71.1027,42.104],[71.1027,42.107],[71.1023,42.1103],[71.1032,42.1122],[71.1036,42.1129],[71.1056,42.1148],[71.1076,42.1158],[71.1101,42.1147],[71.1136,42.1128],[71.1171,42.1127],[71.1192,42.1129],[71.1199,42.114],[71.1213,42.1147],[71.1254,42.1153],[71.1268,42.116],[71.1298,42.1165],[71.1319,42.1182],[71.1361,42.1234],[71.1364,42.1264],[71.1372,42.1283],[71.1388,42.1303],[71.14,42.1321],[71.1411,42.134],[71.1458,42.1326],[71.1485,42.1312],[71.1527,42.1303],[71.1585,42.134],[71.1633,42.1371],[71.1647,42.1391],[71.1671,42.1402],[71.1709,42.1413],[71.1722,42.1423],[71.1739,42.1438],[71.1755,42.1441],[71.1765,42.1438],[71.1787,42.1423],[71.1832,42.1417],[71.1842,42.1417],[71.1865,42.1418],[71.1881,42.1426],[71.1912,42.1427],[71.1954,42.1435],[71.1983,42.1403],[71.1995,42.1376],[71.2024,42.1377],[71.204,42.1377],[71.2078,42.1366],[71.2102,42.136],[71.2115,42.1361],[71.2125,42.1366],[71.2153,42.1369],[71.2179,42.1372],[71.2187,42.1377],[71.2204,42.1383],[71.2227,42.1396],[71.2235,42.1405],[71.2243,42.1415],[71.2266,42.1437],[71.2246,42.145],[71.2228,42.1458],[71.2217,42.1461],[71.2209,42.1469],[71.2202,42.1488],[71.2236,42.1494],[71.2252,42.1501],[71.228,42.1502],[71.2287,42.1505],[71.2329,42.1526],[71.2341,42.1528],[71.2356,42.1526],[71.2378,42.1532],[71.2379,42.1534],[71.2384,42.1541],[71.2394,42.1567],[71.2415,42.1587],[71.2443,42.1609],[71.2452,42.1618],[71.2472,42.166],[71.2504,42.1658],[71.2536,42.1651],[71.2569,42.1669],[71.2575,42.1673],[71.2584,42.1679],[71.2587,42.1699],[71.2592,42.1726],[71.2564,42.1742],[71.2549,42.1751],[71.2544,42.1753],[71.253,42.1768],[71.2517,42.1796],[71.2505,42.1818],[71.2507,42.1822],[71.2511,42.1825],[71.252,42.1826],[71.2545,42.1827],[71.2562,42.1835],[71.257,42.1852],[71.2581,42.188],[71.2585,42.1896],[71.2609,42.1914],[71.263,42.1935],[71.2645,42.1943],[71.2658,42.195],[71.2691,42.1964],[71.269,42.1969],[71.2674,42.1974],[71.2661,42.1987],[71.2654,42.2002],[71.2657,42.2015],[71.266,42.2023],[71.2667,42.2039],[71.2672,42.2053],[71.2609,42.2071],[71.2565,42.2092],[71.2553,42.2095],[71.2505,42.211],[71.2512,42.2135],[71.2461,42.2179],[71.2454,42.2192],[71.2451,42.22],[71.2452,42.2223],[71.2455,42.2243],[71.2453,42.2256],[71.2452,42.2259],[71.245,42.2278],[71.2445,42.2279],[71.2384,42.2273],[71.2358,42.2279],[71.2333,42.2294],[71.2307,42.2272],[71.2296,42.2258],[71.2293,42.2254],[71.2271,42.2237],[71.2246,42.2232],[71.2219,42.2229],[71.2208,42.2228],[71.2195,42.2227],[71.2173,42.2226],[71.2151,42.2225],[71.2142,42.2226],[71.2133,42.2229],[71.2119,42.2235],[71.2095,42.2243],[71.207,42.2257],[71.2062,42.2259],[71.2051,42.2276],[71.206,42.2294],[71.2069,42.2325],[71.2076,42.2348],[71.209,42.2371],[71.2027,42.2409],[71.2002,42.2436],[71.1993,42.2438],[71.1963,42.2415],[71.1933,42.2406],[71.1912,42.2412],[71.1898,42.2421],[71.187,42.2451],[71.1861,42.2458],[71.1843,42.2478],[71.1813,42.2485],[71.1796,42.2498],[71.1784,42.2516],[71.1772,42.2512],[71.1761,42.251],[71.174,42.251],[71.1722,42.2518],[71.1713,42.2522],[71.1699,42.2539],[71.1694,42.2548],[71.1683,42.2553],[71.1677,42.256],[71.1656,42.2588],[71.1593,42.261],[71.1559,42.2624],[71.1535,42.2627],[71.1518,42.2636],[71.1515,42.2638],[71.1511,42.2641],[71.1505,42.2646],[71.1493,42.2658],[71.1477,42.2681],[71.1476,42.2683],[71.1468,42.2685],[71.1458,42.2685],[71.1443,42.2696],[71.143,42.2708],[71.1403,42.2727],[71.1398,42.2732],[71.1399,42.275],[71.1404,42.2768],[71.1378,42.2784],[71.1358,42.28],[71.1335,42.2822],[71.1299,42.2822],[71.1291,42.2823],[71.1245,42.2835],[71.1234,42.2789],[71.1228,42.2785],[71.1216,42.2778],[71.1196,42.2777],[71.1178,42.2772],[71.1131,42.2747],[71.1104,42.2741],[71.1088,42.274],[71.1066,42.2739],[71.1038,42.2753],[71.1021,42.2771],[71.0978,42.2793],[71.0953,42.281],[71.092,42.2825],[71.089,42.2833],[71.0815,42.2843],[71.0801,42.2843],[71.0779,42.2835],[71.0764,42.2835],[71.0759,42.2837],[71.0744,42.2849],[71.0723,42.2872],[71.0705,42.2884],[71.0686,42.2886],[71.0678,42.2892],[71.0663,42.2907],[71.0652,42.2928],[71.0637,42.2949],[71.0584,42.2951],[71.0547,42.2932],[71.054,42.2928],[71.0517,42.2912],[71.0496,42.2907],[71.0492,42.2906],[71.0454,42.2914],[71.0433,42.2906],[71.0413,42.2905],[71.0398,42.2905],[71.0391,42.291],[71.0393,42.2915],[71.0406,42.2923],[71.0402,42.2944],[71.0391,42.2942],[71.0373,42.2923],[71.0357,42.2915],[71.0328,42.2932],[71.0285,42.2936],[71.0273,42.2933],[71.0261,42.293],[71.0251,42.2924],[71.022,42.289],[71.0209,42.2864],[71.0191,42.2822],[71.0177,42.2809],[71.0136,42.2794],[71.0102,42.2786],[71.0094,42.2784],[71.0086,42.2777],[71.0082,42.276],[71.0077,42.2733],[71.0069,42.2723],[71.0054,42.2711],[71.0045,42.2708],[71.0044,42.2701],[71.0057,42.2688],[71.0071,42.2671],[71.0077,42.2663],[71.0079,42.2654],[71.0072,42.2649],[71.0048,42.2644],[71.0044,42.2618],[71.0044,42.2601],[71.0018,42.2579],[71.0005,42.2561],[70.9994,42.2559],[70.9963,42.2561],[70.9931,42.254],[70.9885,42.2527],[70.9846,42.2544],[70.9809,42.2542],[70.9762,42.255],[70.9742,42.2555],[70.9726,42.2555],[70.967,42.2556],[70.9629,42.2563],[70.9583,42.2586],[70.9556,42.26],[70.9509,42.261],[70.9456,42.2643],[70.9433,42.2635],[70.9428,42.2627],[70.9421,42.2611],[70.9401,42.2592],[70.9383,42.2555],[70.936,42.2535],[70.9353,42.2518],[70.9348,42.2506],[70.9337,42.2498],[70.9303,42.2483],[70.9296,42.2479],[70.9289,42.2459],[70.9255,42.2429],[70.9254,42.2415],[70.9257,42.2403],[70.9264,42.2391],[70.9265,42.2375],[70.9237,42.2363],[70.9227,42.2362],[70.9217,42.236],[70.9201,42.2363],[70.9162,42.2371],[70.9136,42.236],[70.9125,42.2352],[70.9116,42.2339],[70.9106,42.2317],[70.9115,42.23],[70.9116,42.2288],[70.9117,42.2284],[70.9107,42.2276],[70.9098,42.2268],[70.9076,42.2262],[70.9053,42.2256],[70.9015,42.2255],[70.8983,42.2226],[70.896,42.2218],[70.8949,42.2211],[70.8938,42.221],[70.8911,42.2205],[70.8879,42.22],[70.8873,42.2192],[70.8875,42.2171],[70.8888,42.2151],[70.8886,42.2136],[70.8874,42.2124],[70.8868,42.2121],[70.8859,42.2116],[70.8837,42.2107],[70.8802,42.2113],[70.879,42.2118],[70.8748,42.2122],[70.8725,42.2118],[70.8705,42.2118],[70.8661,42.2118],[70.8629,42.2111],[70.8607,42.2101],[70.857,42.2089],[70.8546,42.2079],[70.8529,42.2057],[70.8526,42.203],[70.852,42.202],[70.8508,42.2],[70.8505,42.1986],[70.8496,42.1976],[70.8438,42.1963],[70.8392,42.1959],[70.836,42.1944],[70.8316,42.1952],[70.8299,42.1967],[70.8274,42.1985],[70.8264,42.1993],[70.8238,42.1994],[70.8227,42.1997],[70.8214,42.2002],[70.8207,42.2005],[70.8203,42.201],[70.8198,42.2018],[70.8187,42.2025],[70.8172,42.2033],[70.8155,42.2036],[70.8098,42.2051],[70.8049,42.2063],[70.7984,42.2075],[70.7938,42.2095],[70.7921,42.2091],[70.7915,42.2086],[70.79,42.2065],[70.7891,42.206],[70.7873,42.206],[70.7862,42.206],[70.7841,42.2055],[70.781,42.2041],[70.779,42.2028],[70.7779,42.2026],[70.7771,42.2026],[70.7759,42.2025],[70.7745,42.2018],[70.7731,42.2018],[70.7718,42.2011],[70.7706,42.201],[70.7699,42.2001],[70.7692,42.1987],[70.768,42.1936],[70.7613,42.1918],[70.7591,42.192],[70.7566,42.1921],[70.7521,42.1938],[70.7516,42.1937],[70.7509,42.1933],[70.7503,42.1927],[70.7479,42.1908],[70.7476,42.1902],[70.7462,42.1889],[70.7459,42.1887],[70.7438,42.1871],[70.7397,42.1844],[70.7392,42.1832],[70.7391,42.1824],[70.7391,42.1819],[70.7398,42.1802],[70.741,42.1789],[70.7424,42.1785],[70.744,42.1784],[70.7469,42.1777],[70.749,42.1777],[70.751,42.1772],[70.7523,42.1767],[70.7535,42.176],[70.754,42.1747],[70.7539,42.174],[70.7541,42.1727],[70.7556,42.1709],[70.7539,42.1704],[70.7527,42.17],[70.7516,42.169],[70.751,42.1665],[70.7509,42.1665],[70.7494,42.1658],[70.747,42.1665],[70.7442,42.1671],[70.7411,42.1664],[70.7376,42.1658],[70.7365,42.1644],[70.734,42.1626],[70.7307,42.1603],[70.7272,42.158],[70.726,42.1573],[70.7254,42.1563],[70.7246,42.1548],[70.7243,42.1537],[70.7246,42.1527],[70.7253,42.1514],[70.7262,42.1506],[70.7262,42.1493],[70.7263,42.1486],[70.7258,42.1478],[70.7227,42.146],[70.7199,42.1453],[70.7178,42.1442],[70.7165,42.1432],[70.7146,42.1421],[70.7149,42.1402],[70.7147,42.1386],[70.7139,42.138],[70.7118,42.1372],[70.7112,42.1356],[70.7096,42.1347],[70.7084,42.1342],[70.7079,42.1338],[70.7075,42.133],[70.7076,42.1323],[70.7074,42.132],[70.7072,42.1303],[70.7065,42.1298],[70.7056,42.1295],[70.7047,42.1293],[70.7036,42.1294],[70.7027,42.1294],[70.7007,42.1289],[70.6972,42.128],[70.695,42.1273],[70.6943,42.1267],[70.6933,42.1253],[70.6913,42.1237],[70.6886,42.122],[70.6872,42.1211],[70.6865,42.1191],[70.6866,42.1179],[70.6866,42.117],[70.6863,42.1154],[70.684,42.1097],[70.6823,42.1067],[70.6817,42.105],[70.6805,42.1001],[70.6787,42.0982],[70.6783,42.0961],[70.678,42.0935],[70.6793,42.0906],[70.6788,42.0884],[70.6774,42.0874],[70.6744,42.0858],[70.6727,42.0844],[70.6712,42.0815],[70.6686,42.0797],[70.6662,42.0776],[70.6657,42.0755],[70.6651,42.0711],[70.6639,42.0701],[70.6636,42.0698],[70.6603,42.068],[70.6581,42.0632],[70.6564,42.0619],[70.6557,42.0614],[70.6556,42.061],[70.6554,42.0567],[70.6549,42.0536],[70.6524,42.0482],[70.6511,42.0416],[70.6482,42.0393],[70.6474,42.0386],[70.6434,42.0335],[70.6415,42.0284],[70.6384,42.0257],[70.6386,42.0237],[70.6409,42.0215],[70.641,42.02],[70.638,42.0168],[70.6344,42.0154],[70.6269,42.0152],[70.6233,42.0148],[70.6128,42.0113],[70.6101,42.0087],[70.6076,42.0077],[70.6066,42.0069],[70.6047,42.0073],[70.5995,42.0087],[70.5929,42.0102],[70.5885,42.01],[70.587,42.0102],[70.5848,42.0122],[70.5824,42.0145],[70.5797,42.0161],[70.5775,42.0194],[70.5765,42.0204],[70.5719,42.0204],[70.5708,42.0206],[70.5701,42.021],[70.5676,42.022],[70.5646,42.0227],[70.5605,42.0231],[70.5594,42.0235],[70.5582,42.0261],[70.5552,42.0289],[70.5524,42.0304],[70.5487,42.035],[70.5518,42.0371],[70.5532,42.0396],[70.5564,42.0411],[70.5585,42.043],[70.5579,42.0451],[70.5576,42.0481],[70.5565,42.05],[70.5575,42.0522],[70.5565,42.0541],[70.5557,42.0549],[70.5548,42.0555],[70.5516,42.0578],[70.5509,42.0599],[70.5508,42.0613],[70.5503,42.0641],[70.5501,42.065],[70.5499,42.0677],[70.5474,42.0704],[70.5455,42.074],[70.5427,42.0765],[70.5396,42.0793],[70.5369,42.0811],[70.5349,42.082],[70.5298,42.0849],[70.5275,42.0852],[70.5223,42.0833],[70.5174,42.082],[70.5147,42.0832],[70.5136,42.0843],[70.5136,42.0854],[70.5132,42.0881],[70.5119,42.0886],[70.5068,42.0895],[70.5062,42.092],[70.5034,42.0947],[70.5024,42.0959],[70.5018,42.0968],[70.5018,42.0977],[70.502,42.0983],[70.5014,42.0991],[70.4989,42.0993],[70.4974,42.0992],[70.4959,42.0994],[70.4948,42.0997],[70.4942,42.1004],[70.4935,42.1015],[70.4916,42.1042],[70.491,42.1047],[70.4884,42.1051],[70.4857,42.1059],[70.4847,42.1062],[70.4833,42.1069],[70.4801,42.1079],[70.4789,42.1085],[70.4781,42.1092],[70.4771,42.1094],[70.476,42.1093],[70.4757,42.1085],[70.4755,42.1071],[70.4746,42.1029],[70.4743,42.1014],[70.4729,42.0999],[70.4692,42.0977],[70.4691,42.0973],[70.4683,42.0963],[70.4674,42.0943],[70.4639,42.0931],[70.463,42.0913],[70.4617,42.0892],[70.459,42.085],[70.4562,42.0856],[70.4543,42.0857],[70.452,42.0873],[70.4501,42.0886],[70.4457,42.0905],[70.4444,42.0913],[70.4434,42.0915],[70.4421,42.0918],[70.4389,42.0894],[70.4325,42.088],[70.4274,42.0854],[70.4229,42.0834],[70.4196,42.0799],[70.4164,42.0781],[70.415,42.0777],[70.4131,42.0778],[70.4117,42.0777],[70.4116,42.0768],[70.411,42.0761],[70.4102,42.0747],[70.405,42.0715],[70.4038,42.0709],[70.4009,42.0694],[70.3994,42.069],[70.3977,42.0686],[70.3964,42.0682],[70.3923,42.0684],[70.3872,42.0711],[70.381,42.0711],[70.3785,42.07],[70.3779,42.0696],[70.3755,42.0694],[70.3735,42.0693],[70.3725,42.0686],[70.3723,42.068],[70.3724,42.0666],[70.3722,42.0644],[70.3694,42.0626],[70.3647,42.0591],[70.364,42.0584],[70.3632,42.0581],[70.3622,42.0578],[70.3592,42.0576],[70.357,42.0575],[70.3556,42.0576],[70.3552,42.0572],[70.3547,42.0569],[70.3543,42.056],[70.3532,42.0543],[70.3524,42.0534],[70.3522,42.0523],[70.3509,42.0508],[70.3473,42.0502],[70.3429,42.0501],[70.3404,42.0486],[70.3363,42.0477],[70.3357,42.0474],[70.3348,42.0473],[70.3332,42.0473],[70.3321,42.0476],[70.3317,42.0434],[70.3295,42.0411],[70.3258,42.0405],[70.3244,42.0405],[70.3225,42.0402],[70.3208,42.0387],[70.3202,42.037],[70.3218,42.0336],[70.3232,42.0302],[70.3233,42.0274],[70.3244,42.0262],[70.327,42.0246],[70.3312,42.0221],[70.3316,42.0213],[70.332,42.0194],[70.3328,42.0182],[70.333,42.015],[70.3307,42.0064],[70.3302,42.0],[70.3302,41.999],[70.3301,41.9971],[70.3324,41.9922],[70.3338,41.9894],[70.3341,41.9874],[70.3343,41.9869],[70.3369,41.9847],[70.3368,41.9836],[70.3365,41.9832],[70.3355,41.9816],[70.3357,41.9805],[70.3362,41.9776],[70.3358,41.9764],[70.3353,41.9747],[70.3317,41.9737],[70.3291,41.973],[70.3283,41.9713],[70.3281,41.9707],[70.3254,41.9701],[70.3208,41.9701],[70.3182,41.9704],[70.3177,41.9693],[70.3171,41.9681],[70.3161,41.968],[70.3144,41.9685],[70.3114,41.9683],[70.3089,41.9682],[70.3078,41.9666],[70.306,41.9657],[70.3049,41.9642],[70.3029,41.964],[70.3009,41.9639],[70.2984,41.963],[70.2974,41.9631],[70.2956,41.9631],[70.2911,41.9625],[70.2899,41.9594],[70.2884,41.9581],[70.2881,41.9579],[70.2859,41.9576],[70.2845,41.9575],[70.2812,41.9567],[70.2795,41.955],[70.2767,41.9546],[70.2739,41.9529],[70.2713,41.9532],[70.2688,41.9522],[70.2681,41.9521],[70.2672,41.9522],[70.2666,41.9523],[70.2655,41.9524],[70.2614,41.9543],[70.2608,41.9535],[70.2603,41.9524],[70.2603,41.9507],[70.2595,41.9501],[70.259,41.9493],[70.2557,41.9488],[70.2535,41.9484],[70.2516,41.9464],[70.2501,41.9456],[70.246,41.9436],[70.2445,41.9433],[70.241,41.943],[70.2406,41.941],[70.2398,41.9395],[70.2345,41.938],[70.2329,41.9362],[70.2316,41.9355],[70.228,41.9346],[70.2278,41.9329],[70.2277,41.9307],[70.2259,41.9294],[70.2235,41.9284],[70.2236,41.9265],[70.2247,41.9237],[70.2253,41.923],[70.2284,41.9212],[70.2285,41.9187],[70.2274,41.9172],[70.2255,41.9162],[70.2235,41.9147],[70.2205,41.9133],[70.2167,41.913],[70.2145,41.9085],[70.2142,41.9072],[70.2121,41.9057],[70.2093,41.9037],[70.2078,41.9033],[70.2062,41.9037],[70.2029,41.904],[70.2018,41.9044],[70.2006,41.9048],[70.198,41.9053],[70.1965,41.9045],[70.1954,41.9031],[70.1951,41.9019],[70.1958,41.9002],[70.1963,41.8992],[70.1968,41.8975],[70.1954,41.8943],[70.1948,41.8909],[70.195,41.8904],[70.1951,41.8901],[70.1954,41.8896],[70.1971,41.8873],[70.1948,41.8864],[70.1918,41.8859],[70.1891,41.8851],[70.1879,41.8845],[70.1869,41.8839],[70.1851,41.883],[70.1811,41.8831],[70.1813,41.8813],[70.1811,41.8805],[70.181,41.8796],[70.1819,41.8755],[70.1819,41.8739],[70.1811,41.8723],[70.1818,41.8706],[70.1828,41.8693],[70.1829,41.869],[70.1834,41.8674],[70.1835,41.8668],[70.1845,41.8644],[70.1833,41.8619],[70.1806,41.8599],[70.1773,41.8568],[70.1759,41.8553],[70.1741,41.8548],[70.1726,41.8549],[70.1711,41.8556],[70.1701,41.8561],[70.1696,41.8561],[70.1688,41.8553],[70.1658,41.8532],[70.1632,41.8501],[70.1616,41.8496],[70.1601,41.8496],[70.1577,41.8495],[70.157,41.8482],[70.1562,41.8444],[70.1549,41.8432],[70.1538,41.842],[70.1532,41.8398],[70.1482,41.8375],[70.1468,41.8366],[70.1468,41.8371],[70.1463,41.8375],[70.1456,41.8386],[70.1442,41.84],[70.1419,41.8423],[70.1392,41.8433],[70.1385,41.8439],[70.1374,41.8442],[70.1355,41.8443],[70.1346,41.8443],[70.1328,41.8439],[70.1275,41.8427],[70.1259,41.8423],[70.1202,41.8406],[70.1187,41.8389],[70.1185,41.8377],[70.118,41.8375],[70.1176,41.8374],[70.1156,41.8374],[70.1136,41.8376],[70.1119,41.838],[70.1103,41.8382],[70.1085,41.8382],[70.1066,41.8382],[70.1041,41.8381],[70.1027,41.8373],[70.1004,41.8352],[70.0995,41.8337],[70.0984,41.8314],[70.098,41.8304],[70.0961,41.8279],[70.0952,41.8258],[70.0944,41.8223],[70.0911,41.8213],[70.0895,41.8213],[70.0866,41.8186],[70.0856,41.8167],[70.0841,41.8142],[70.0802,41.8134],[70.0799,41.8132],[70.0784,41.812],[70.0769,41.8087],[70.0732,41.8074],[70.0704,41.8058],[70.0678,41.8047],[70.0652,41.8046],[70.0633,41.8047],[70.0615,41.8048],[70.0586,41.8049],[70.0564,41.8043],[70.0558,41.8037],[70.0552,41.8033],[70.0539,41.8018],[70.051,41.7994],[70.0515,41.7981],[70.0518,41.7972],[70.0515,41.7938],[70.0512,41.7925],[70.0498,41.7898],[70.0493,41.7884],[70.0499,41.7857],[70.0505,41.7842],[70.051,41.7824],[70.0492,41.7814],[70.0477,41.7807],[70.0461,41.7812],[70.0454,41.7811],[70.0424,41.7806],[70.0409,41.781],[70.0399,41.7811],[70.0383,41.7808],[70.0368,41.7811],[70.0285,41.7852],[70.0265,41.7855],[70.0231,41.7847],[70.0219,41.785],[70.0206,41.7851],[70.0199,41.7871],[70.0205,41.7886],[70.0211,41.7895],[70.0215,41.7934],[70.0219,41.7979],[70.0212,41.7985],[70.0135,41.7985],[70.0073,41.7991],[70.0051,41.7987],[70.005,41.7977],[70.0077,41.7945],[70.0077,41.7927],[70.0069,41.7907],[69.9975,41.786],[69.992,41.7843],[69.9757,41.7784],[69.9737,41.7767],[69.9733,41.7737],[69.9731,41.7722],[69.9724,41.7696],[69.9724,41.7669],[69.9724,41.7655],[69.9719,41.764],[69.9691,41.7617],[69.9662,41.7598],[69.9654,41.759],[69.9626,41.7563],[69.96,41.7538],[69.9581,41.7517],[69.9575,41.7506],[69.9573,41.7503],[69.9578,41.7491],[69.958,41.7485],[69.9583,41.7482],[69.9598,41.7464],[69.9606,41.7444],[69.9607,41.7416],[69.9603,41.7405],[69.9598,41.7398],[69.9596,41.7382],[69.9581,41.7365],[69.9576,41.7359],[69.9577,41.7338],[69.9521,41.7316],[69.9504,41.7308],[69.9481,41.7298],[69.9432,41.7284],[69.9393,41.7254],[69.9373,41.7254],[69.9356,41.7257],[69.9336,41.7261],[69.9312,41.7262],[69.9299,41.7259],[69.9286,41.7262],[69.9262,41.7266],[69.9247,41.7265],[69.9246,41.7258],[69.9241,41.7253],[69.9231,41.7249],[69.9222,41.7247],[69.9219,41.7246],[69.9218,41.7242],[69.922,41.7236],[69.9224,41.7222],[69.9222,41.7212],[69.9217,41.7205],[69.9216,41.7203],[69.9216,41.7201],[69.9215,41.7192],[69.9217,41.7183],[69.922,41.7177],[69.9227,41.7173],[69.9236,41.7169],[69.9244,41.7163],[69.9241,41.7162],[69.924,41.7162],[69.9237,41.7163],[69.9232,41.7165],[69.9227,41.7163],[69.9217,41.7159],[69.9208,41.7154],[69.9203,41.7151],[69.9198,41.7149],[69.9189,41.7144],[69.918,41.714],[69.9162,41.7133],[69.9158,41.7132],[69.9155,41.7131],[69.9148,41.7131],[69.9144,41.713],[69.914,41.713],[69.9133,41.7133],[69.9126,41.7134],[69.9121,41.7133],[69.9117,41.7131],[69.9111,41.7128],[69.9108,41.7127],[69.9104,41.7127],[69.9096,41.7129],[69.9093,41.7128],[69.9086,41.7127],[69.9075,41.7127],[69.907,41.7124],[69.9068,41.7121],[69.9065,41.7119],[69.9061,41.7118],[69.9056,41.7116],[69.9052,41.7113],[69.9049,41.7113],[69.9047,41.7112],[69.9046,41.711],[69.9044,41.7107],[69.9038,41.7101],[69.9037,41.71],[69.9034,41.71],[69.9032,41.71],[69.9031,41.71],[69.9029,41.7099],[69.9027,41.7099],[69.9024,41.7099],[69.902,41.7098],[69.9018,41.7094],[69.9014,41.7091],[69.9009,41.7091],[69.9005,41.7091],[69.9001,41.709],[69.8998,41.7088],[69.8994,41.7088],[69.8991,41.7089],[69.8987,41.7088],[69.8985,41.7088],[69.8983,41.7087],[69.8973,41.7088],[69.8969,41.709],[69.8964,41.7091],[69.8957,41.7089],[69.8953,41.7084],[69.8953,41.7075],[69.8951,41.707],[69.8943,41.7068],[69.8927,41.7072],[69.8919,41.7075],[69.8915,41.7076],[69.8913,41.7077],[69.8896,41.7079],[69.8884,41.7077],[69.8877,41.7076],[69.8859,41.7076],[69.8823,41.7066],[69.8811,41.7067],[69.8775,41.708],[69.8757,41.7093],[69.8743,41.7098],[69.87,41.7095],[69.8697,41.7095],[69.8672,41.7105],[69.8665,41.7107],[69.8663,41.7108],[69.8661,41.7107],[69.8659,41.7108],[69.8651,41.7114],[69.8643,41.7117],[69.8641,41.7118],[69.864,41.712],[69.8633,41.7128],[69.8625,41.7133],[69.8623,41.7135],[69.8621,41.7135],[69.862,41.7135],[69.8616,41.7138],[69.8588,41.7173],[69.8521,41.7189],[69.8513,41.7192],[69.8468,41.7211],[69.8444,41.72],[69.8423,41.72],[69.8395,41.72],[69.8377,41.7195],[69.8341,41.7186],[69.8336,41.7185],[69.8324,41.718],[69.8306,41.7165],[69.8267,41.7142],[69.8235,41.7135],[69.8174,41.7116],[69.8161,41.711],[69.8149,41.7105],[69.8128,41.7093],[69.8119,41.7092],[69.8043,41.7091],[69.7994,41.7079],[69.7975,41.7073],[69.7927,41.7043],[69.7922,41.7036],[69.7913,41.7028],[69.7888,41.7011],[69.7872,41.7],[69.786,41.7],[69.7827,41.7002],[69.7807,41.7],[69.7796,41.6999],[69.776,41.6983],[69.7747,41.6973],[69.7733,41.6975],[69.7668,41.6993],[69.7649,41.6993],[69.7626,41.6984],[69.7612,41.6974],[69.7588,41.697],[69.7575,41.6981],[69.7558,41.6986],[69.7548,41.6991],[69.7511,41.6993],[69.7491,41.6999],[69.7474,41.7001],[69.7456,41.7008],[69.7433,41.6991],[69.7414,41.6986],[69.7373,41.6986],[69.7309,41.6944],[69.7287,41.6936],[69.7271,41.6929],[69.7256,41.6896],[69.7251,41.6879],[69.7226,41.6863],[69.7206,41.6858],[69.7196,41.686],[69.7176,41.6862],[69.7153,41.6835],[69.7154,41.6783],[69.7129,41.6769],[69.7103,41.6769],[69.708,41.6782],[69.7053,41.6782],[69.6962,41.6732],[69.6914,41.6734],[69.6824,41.6775],[69.6812,41.6775],[69.6795,41.677],[69.6756,41.6743],[69.6735,41.672],[69.6731,41.6709],[69.6719,41.6698],[69.6698,41.6697],[69.6685,41.6687],[69.6657,41.6705],[69.6649,41.6705],[69.664,41.6699],[69.6586,41.6699],[69.655,41.6685],[69.6536,41.6692],[69.6519,41.6693],[69.6443,41.668],[69.6386,41.668],[69.6357,41.6666],[69.6345,41.6648],[69.6311,41.6632],[69.6178,41.6631],[69.617,41.6628],[69.6164,41.6621],[69.614,41.6578],[69.6114,41.6551],[69.6097,41.6498],[69.6077,41.6485],[69.6055,41.6488],[69.6019,41.6475],[69.5983,41.6458],[69.5964,41.6437],[69.5824,41.6341],[69.5765,41.6295],[69.5757,41.628],[69.5756,41.6255],[69.5716,41.6172],[69.5659,41.6147],[69.5653,41.6133],[69.5659,41.6117],[69.5639,41.6063],[69.5619,41.604],[69.5602,41.6036],[69.5597,41.5995],[69.5571,41.597],[69.5548,41.5972],[69.5528,41.5963],[69.551,41.5952],[69.5498,41.5918],[69.5406,41.59],[69.5389,41.5887],[69.5376,41.5846],[69.5388,41.5815],[69.539,41.578],[69.55,41.5729],[69.5499,41.5694],[69.5271,41.563],[69.501,41.5471],[69.484,41.5505],[69.4811,41.5505],[69.4748,41.5598],[69.4687,41.5621],[69.4654,41.5647],[69.4607,41.5688],[69.4558,41.5692],[69.4549,41.5662],[69.451,41.5648],[69.4418,41.56],[69.4383,41.5556],[69.4322,41.5466],[69.4277,41.5406],[69.42,41.5351],[69.4073,41.5246],[69.407,41.5244],[69.4028,41.518],[69.4016,41.5142],[69.3978,41.5076],[69.4003,41.5035],[69.4251,41.4985],[69.4291,41.4957],[69.434,41.493],[69.434,41.4917],[69.4374,41.4895],[69.4384,41.4878],[69.4414,41.4879],[69.445,41.4895],[69.4513,41.488],[69.4545,41.4882],[69.4549,41.4842],[69.4563,41.4812],[69.4579,41.4759],[69.4584,41.4718],[69.4571,41.4707],[69.457,41.4693],[69.4573,41.4689],[69.4598,41.4688],[69.4606,41.4674],[69.4601,41.4668],[69.4595,41.4664],[69.4588,41.4659],[69.4577,41.4654],[69.4574,41.465],[69.4572,41.4647],[69.4569,41.4646],[69.4564,41.4645],[69.4558,41.4646],[69.4555,41.4645],[69.4552,41.4642],[69.4545,41.4638],[69.4536,41.4631],[69.4531,41.4629],[69.4523,41.4625],[69.4514,41.4625],[69.4507,41.4625],[69.4502,41.4627],[69.4498,41.4629],[69.4497,41.4631],[69.45,41.4634],[69.45,41.4637],[69.4497,41.464],[69.4489,41.4643],[69.4483,41.4642],[69.4472,41.464],[69.4467,41.4641],[69.4461,41.4641],[69.4456,41.4642],[69.4453,41.464],[69.4449,41.4637],[69.4446,41.4636],[69.4441,41.4637],[69.4434,41.4635],[69.4429,41.4635],[69.4418,41.4631],[69.4412,41.4635],[69.4408,41.4634],[69.4405,41.463],[69.4402,41.4628],[69.4396,41.4627],[69.4389,41.4623],[69.4383,41.4622],[69.4377,41.4623],[69.437,41.462],[69.4367,41.4619],[69.4361,41.4612],[69.4353,41.4611],[69.435,41.4609],[69.4345,41.461],[69.4341,41.461],[69.4338,41.4611],[69.4339,41.4616],[69.4337,41.4617],[69.4335,41.4618],[69.4328,41.4617],[69.4322,41.4615],[69.4317,41.4614],[69.4309,41.4617],[69.4305,41.4617],[69.4299,41.4619],[69.4294,41.462],[69.4283,41.462],[69.428,41.4618],[69.4277,41.4616],[69.4265,41.4619],[69.4238,41.4622],[69.4226,41.4637],[69.4208,41.4639],[69.4199,41.464],[69.4167,41.4633],[69.415,41.4639],[69.4159,41.4646],[69.4166,41.4654],[69.4161,41.4661],[69.4154,41.4663],[69.4144,41.466],[69.4136,41.4663],[69.4143,41.4672],[69.4132,41.4677],[69.4118,41.4682],[69.4109,41.4688],[69.4109,41.469],[69.4118,41.4698],[69.4122,41.4701],[69.4121,41.4704],[69.4107,41.4703],[69.4098,41.4701],[69.409,41.47],[69.408,41.4702],[69.4072,41.4699],[69.405,41.4695],[69.4041,41.4688],[69.4025,41.4681],[69.4008,41.4678],[69.3986,41.4675],[69.3967,41.4674],[69.3947,41.4677],[69.3923,41.4672],[69.3903,41.4666],[69.3885,41.4668],[69.3875,41.4665],[69.3845,41.4665],[69.3815,41.4661],[69.3803,41.4656],[69.3798,41.4654],[69.3784,41.4657],[69.3763,41.4659],[69.3747,41.4659],[69.371,41.4665],[69.3696,41.4671],[69.3657,41.4681],[69.3633,41.4695],[69.3599,41.4698],[69.3598,41.4698],[69.3596,41.4707],[69.3591,41.4708],[69.3592,41.4712],[69.3587,41.4715],[69.3588,41.4716],[69.3588,41.4717],[69.3584,41.4717],[69.358,41.4718],[69.3579,41.4718],[69.3576,41.4719],[69.3566,41.4722],[69.3554,41.4725],[69.3547,41.4727],[69.3543,41.4685],[69.3551,41.4676],[69.3545,41.4675],[69.3541,41.4672],[69.3533,41.4663],[69.3525,41.466],[69.3515,41.4655],[69.3511,41.4656],[69.3507,41.4655],[69.3499,41.465],[69.3496,41.4646],[69.3498,41.4639],[69.3494,41.4637],[69.3475,41.4636],[69.3468,41.463],[69.3468,41.4629],[69.3461,41.4625],[69.3457,41.462],[69.3456,41.4614],[69.3453,41.4611],[69.3453,41.4605],[69.3452,41.4598],[69.3453,41.4591],[69.3449,41.4588],[69.3444,41.4588],[69.344,41.4591],[69.344,41.4595],[69.3438,41.4598],[69.3435,41.4599],[69.3433,41.4601],[69.3431,41.4604],[69.3427,41.4605],[69.3424,41.4604],[69.3423,41.46],[69.342,41.4597],[69.3417,41.4595],[69.3415,41.4591],[69.3412,41.4586],[69.3407,41.4585],[69.3399,41.4583],[69.3394,41.4586],[69.3393,41.459],[69.3393,41.4592],[69.339,41.4592],[69.3389,41.4592],[69.3385,41.459],[69.3382,41.459],[69.3378,41.4592],[69.3376,41.4592],[69.3374,41.459],[69.3371,41.4584],[69.3372,41.4577],[69.337,41.4575],[69.3364,41.4577],[69.3358,41.4577],[69.3352,41.4575],[69.3347,41.4575],[69.3346,41.4571],[69.335,41.4569],[69.3356,41.4569],[69.336,41.4567],[69.336,41.4564],[69.3353,41.4563],[69.3349,41.4558],[69.3347,41.4552],[69.3341,41.4549],[69.3332,41.4548],[69.3329,41.4548],[69.3328,41.4547],[69.3328,41.4547],[69.3328,41.4546],[69.3329,41.4543],[69.3328,41.4542],[69.3327,41.4542],[69.3324,41.4541],[69.3322,41.4537],[69.332,41.4535],[69.3319,41.4532],[69.3319,41.4531],[69.3318,41.4531],[69.3315,41.453],[69.3312,41.4528],[69.331,41.4526],[69.3309,41.4523],[69.3307,41.4521],[69.3305,41.452],[69.3302,41.4519],[69.3299,41.4518],[69.3297,41.4517],[69.3295,41.4517],[69.3295,41.4515],[69.3293,41.4513],[69.3292,41.4511],[69.329,41.451],[69.3286,41.4509],[69.3282,41.4506],[69.3279,41.4504],[69.3276,41.4502],[69.3274,41.4499],[69.3272,41.4497],[69.3268,41.4497],[69.3265,41.4497],[69.3261,41.4501],[69.3259,41.4501],[69.3255,41.4498],[69.3247,41.45],[69.3243,41.4499],[69.3239,41.4499],[69.3234,41.4499],[69.3228,41.45],[69.3226,41.45],[69.3225,41.4499],[69.3225,41.4498],[69.3225,41.4498],[69.3225,41.4496],[69.3225,41.4495],[69.3225,41.4494],[69.3225,41.4494],[69.3224,41.4492],[69.3225,41.449],[69.3225,41.449],[69.3225,41.4489],[69.3225,41.4488],[69.3226,41.4485],[69.3227,41.4484],[69.3226,41.4483],[69.3225,41.4482],[69.3223,41.448],[69.3219,41.448],[69.3217,41.4479],[69.3217,41.4478],[69.3216,41.4478],[69.3213,41.4477],[69.3209,41.4475],[69.3206,41.4475],[69.3203,41.4474],[69.3203,41.4472],[69.3203,41.447],[69.3204,41.4468],[69.3204,41.4468],[69.3203,41.4467],[69.3201,41.4466],[69.3197,41.4462],[69.3195,41.4462],[69.3193,41.4462],[69.3192,41.4461],[69.319,41.4461],[69.3189,41.446],[69.3188,41.4459],[69.3187,41.4458],[69.3183,41.4455],[69.3179,41.4451],[69.3179,41.445],[69.3179,41.4449],[69.3179,41.4448],[69.318,41.4448],[69.3181,41.4447],[69.3181,41.4446],[69.3181,41.4446],[69.318,41.4444],[69.3177,41.4443],[69.3174,41.4441],[69.3172,41.4439],[69.3171,41.4432],[69.3169,41.4429],[69.3168,41.4428],[69.3167,41.4427],[69.3165,41.4426],[69.3165,41.4426],[69.3164,41.4426],[69.3159,41.4424],[69.3152,41.442],[69.3141,41.4417],[69.3138,41.4416],[69.3136,41.4415],[69.3136,41.4414],[69.3137,41.4412],[69.3139,41.4411],[69.3142,41.4407],[69.3143,41.4405],[69.3143,41.4403],[69.3142,41.4402],[69.3141,41.44],[69.3139,41.44],[69.3137,41.44],[69.3134,41.4401],[69.3131,41.4403],[69.3129,41.4406],[69.3127,41.4407],[69.3126,41.4407],[69.3124,41.4407],[69.3123,41.4407],[69.3119,41.4406],[69.3115,41.4404],[69.3111,41.4404],[69.311,41.4403],[69.3109,41.4403],[69.3109,41.4402],[69.3109,41.4401],[69.3111,41.4398],[69.3113,41.4396],[69.3112,41.4394],[69.3111,41.4393],[69.3108,41.439],[69.3105,41.4389],[69.3103,41.4389],[69.31,41.4389],[69.3096,41.4391],[69.3093,41.439],[69.309,41.4391],[69.3084,41.4391],[69.3079,41.4394],[69.3078,41.4394],[69.3076,41.4393],[69.3072,41.4392],[69.3069,41.439],[69.3066,41.4389],[69.3063,41.4387],[69.306,41.4385],[69.3058,41.4386],[69.3055,41.4387],[69.3052,41.4389],[69.3052,41.4389],[69.3055,41.4391],[69.3056,41.4394],[69.3057,41.4398],[69.3058,41.44],[69.3058,41.4402],[69.3058,41.4402],[69.3056,41.4402],[69.3055,41.4402],[69.3054,41.44],[69.3049,41.4396],[69.3045,41.4394],[69.3042,41.4393],[69.3035,41.439],[69.3033,41.4389],[69.3033,41.4387],[69.3034,41.4385],[69.3033,41.4384],[69.3031,41.4383],[69.303,41.4383],[69.3028,41.4384],[69.3026,41.4387],[69.3024,41.4388],[69.3023,41.4389],[69.3021,41.4391],[69.302,41.4393],[69.3014,41.4395],[69.3012,41.4395],[69.301,41.4395],[69.3009,41.4394],[69.3009,41.4393],[69.3009,41.4391],[69.3011,41.4387],[69.3011,41.4385],[69.3012,41.4378],[69.3011,41.4375],[69.301,41.4374],[69.3009,41.4374],[69.3007,41.4373],[69.3007,41.4373],[69.3007,41.4372],[69.3008,41.437],[69.3008,41.4369],[69.3008,41.4368],[69.3007,41.4367],[69.3006,41.4367],[69.3003,41.4368],[69.3,41.4368],[69.2999,41.4368],[69.2999,41.4369],[69.2999,41.4371],[69.2999,41.4373],[69.2998,41.4374],[69.2996,41.4375],[69.2995,41.4375],[69.2993,41.4376],[69.299,41.4375],[69.2986,41.4375],[69.2984,41.4375],[69.2975,41.4375],[69.2973,41.4374],[69.2972,41.4374],[69.2971,41.4372],[69.297,41.4369],[69.2971,41.4368],[69.2971,41.4368],[69.2972,41.4366],[69.2972,41.4365],[69.2972,41.4363],[69.2971,41.4362],[69.297,41.436],[69.2967,41.4358],[69.2965,41.4357],[69.2965,41.4356],[69.2963,41.4356],[69.2962,41.4358],[69.2961,41.4363],[69.2959,41.4365],[69.2957,41.4365],[69.2956,41.4365],[69.2955,41.4366],[69.2955,41.4366],[69.2956,41.4367],[69.2958,41.4368],[69.2959,41.437],[69.2959,41.4371],[69.2958,41.4373],[69.2957,41.4374],[69.2956,41.4375],[69.2954,41.4378],[69.2954,41.4378],[69.2953,41.4379],[69.2952,41.4379],[69.2951,41.4378],[69.295,41.4377],[69.2947,41.4378],[69.2942,41.4378],[69.2941,41.4378],[69.2934,41.4375],[69.2932,41.4375],[69.2931,41.4375],[69.293,41.4373],[69.2929,41.4371],[69.2928,41.4371],[69.2927,41.4371],[69.2926,41.4372],[69.2925,41.4374],[69.2925,41.4376],[69.2924,41.4377],[69.292,41.4379],[69.2918,41.4381],[69.2917,41.4382],[69.2917,41.4383],[69.2919,41.4385],[69.292,41.4386],[69.2922,41.4386],[69.2925,41.4386],[69.2926,41.4386],[69.2928,41.4387],[69.293,41.4389],[69.2931,41.439],[69.2931,41.4391],[69.293,41.4394],[69.2929,41.4396],[69.2929,41.4397],[69.2928,41.4398],[69.2926,41.4398],[69.2925,41.4398],[69.2922,41.4397],[69.292,41.4397],[69.2919,41.4397],[69.2917,41.4397],[69.2916,41.4396],[69.2914,41.4395],[69.2911,41.4394],[69.2908,41.4393],[69.2906,41.4393],[69.2904,41.4394],[69.2903,41.4395],[69.2902,41.4397],[69.2902,41.4399],[69.2903,41.44],[69.2904,41.4401],[69.2906,41.4402],[69.2908,41.4403],[69.291,41.4405],[69.2911,41.4407],[69.2912,41.4409],[69.2913,41.4411],[69.2913,41.4412],[69.2912,41.4413],[69.2911,41.4414],[69.2911,41.4414],[69.291,41.4414],[69.2906,41.4413],[69.2904,41.4413],[69.2903,41.4414],[69.2902,41.4414],[69.2903,41.4416],[69.2904,41.4417],[69.2905,41.442],[69.2905,41.442],[69.2904,41.4421],[69.2898,41.4421],[69.2896,41.4421],[69.2896,41.4421],[69.2895,41.442],[69.2896,41.4418],[69.2896,41.4416],[69.2896,41.441],[69.2895,41.4409],[69.2893,41.4408],[69.2891,41.4409],[69.2889,41.441],[69.2873,41.4415],[69.2871,41.4416],[69.2869,41.4416],[69.2867,41.4416],[69.2866,41.4416],[69.2866,41.4418],[69.2865,41.442],[69.2865,41.4421],[69.2865,41.4422],[69.2865,41.4423],[69.2864,41.4424],[69.2863,41.4424],[69.2862,41.4426],[69.286,41.4429],[69.2856,41.4431],[69.2855,41.4433],[69.2855,41.4434],[69.2857,41.4434],[69.2857,41.4435],[69.2857,41.4437],[69.2856,41.4438],[69.2854,41.4439],[69.2852,41.4444],[69.2813,41.446],[69.2812,41.4473],[69.2784,41.4497],[69.2767,41.4505],[69.2752,41.4508],[69.2737,41.4512],[69.2713,41.4524],[69.2678,41.4521],[69.2672,41.4521],[69.2649,41.452],[69.2645,41.452],[69.2632,41.4525],[69.2625,41.4527],[69.2623,41.4529],[69.262,41.453],[69.2618,41.4532],[69.2615,41.4535],[69.2614,41.4539],[69.2613,41.454],[69.2611,41.4541],[69.261,41.4543],[69.2606,41.4543],[69.2605,41.4544],[69.2605,41.4544],[69.2602,41.4546],[69.2601,41.4547],[69.2597,41.4548],[69.2595,41.455],[69.2592,41.4551],[69.2587,41.4553],[69.2584,41.4555],[69.2582,41.4556],[69.2574,41.4565],[69.2565,41.4572],[69.2563,41.4574],[69.2558,41.4579],[69.2553,41.4586],[69.2552,41.4588],[69.2552,41.4589],[69.2551,41.459],[69.2551,41.4592],[69.2548,41.4594],[69.2548,41.4596],[69.2546,41.4596],[69.2544,41.4597],[69.2543,41.4598],[69.2544,41.4598],[69.2543,41.46],[69.2524,41.4621],[69.2517,41.4643],[69.2501,41.4663],[69.2494,41.4659],[69.2489,41.4657],[69.2481,41.4656],[69.2476,41.4655],[69.2472,41.4652],[69.2468,41.4648],[69.2467,41.4647],[69.2457,41.4641],[69.2449,41.4634],[69.2448,41.4625],[69.2446,41.4622],[69.2444,41.4622],[69.2436,41.4621],[69.2429,41.4621],[69.2413,41.4625],[69.2408,41.4625],[69.2404,41.4623],[69.24,41.462],[69.2397,41.4613],[69.2394,41.4608],[69.2389,41.4605],[69.2385,41.4597],[69.2382,41.4595],[69.2356,41.4588],[69.2349,41.4586],[69.2345,41.4586],[69.2341,41.4587],[69.2326,41.4595],[69.2324,41.4595],[69.2318,41.4592],[69.2314,41.4592],[69.2308,41.4593],[69.2304,41.4594],[69.2298,41.46],[69.2292,41.4609],[69.2285,41.462],[69.2279,41.4625],[69.2274,41.4627],[69.2268,41.4628],[69.2261,41.4627],[69.2256,41.4624],[69.2242,41.4617],[69.2235,41.4609],[69.2232,41.4603],[69.2228,41.4598],[69.2224,41.4597],[69.2216,41.4596],[69.2212,41.4598],[69.2207,41.4598],[69.2202,41.4598],[69.2197,41.4596],[69.2191,41.4595],[69.2186,41.4596],[69.2182,41.4595],[69.2181,41.4595],[69.2174,41.4593],[69.2169,41.4589],[69.2163,41.4585],[69.2159,41.4584],[69.2153,41.458],[69.2147,41.4579],[69.2135,41.4576],[69.2123,41.4576],[69.211,41.4577],[69.2106,41.4577],[69.2101,41.4575],[69.2095,41.4572],[69.2092,41.4566],[69.2092,41.4559],[69.2091,41.4555],[69.2084,41.4552],[69.2077,41.4549],[69.2071,41.4546],[69.2058,41.4539],[69.2054,41.4539],[69.2045,41.454],[69.2042,41.4548],[69.2034,41.4555],[69.203,41.4556],[69.2024,41.4554],[69.2016,41.4549],[69.2011,41.4542],[69.2009,41.454],[69.2009,41.4537],[69.2008,41.4532],[69.2005,41.4528],[69.199,41.452],[69.1981,41.4519],[69.1974,41.4521],[69.1966,41.4526],[69.1961,41.4525],[69.1956,41.4529],[69.1954,41.4536],[69.195,41.454],[69.1943,41.4542],[69.1939,41.4542],[69.1935,41.454],[69.193,41.4535],[69.1928,41.4532],[69.1923,41.4531],[69.1915,41.4532],[69.1913,41.4529],[69.1908,41.4518],[69.1903,41.4515],[69.1896,41.4517],[69.1891,41.4518],[69.1883,41.4519],[69.1873,41.4522],[69.1869,41.4525],[69.1865,41.4527],[69.1861,41.4527],[69.1856,41.4524],[69.1854,41.4521],[69.1852,41.4519],[69.1847,41.4513],[69.1846,41.4508],[69.1847,41.45],[69.1853,41.4496],[69.1858,41.449],[69.1859,41.4485],[69.1856,41.4482],[69.1846,41.448],[69.1841,41.4479],[69.1838,41.4477],[69.1834,41.4475],[69.1828,41.4471],[69.1827,41.4468],[69.1826,41.4465],[69.1825,41.4459],[69.1823,41.4457],[69.1808,41.4452],[69.1807,41.4451],[69.1806,41.4445],[69.1803,41.444],[69.1802,41.4436],[69.1802,41.4428],[69.18,41.4427],[69.1799,41.4423],[69.1797,41.4418],[69.1795,41.4415],[69.1792,41.4412],[69.179,41.4411],[69.1789,41.4409],[69.1775,41.4385],[69.1775,41.4383],[69.1776,41.4381],[69.1784,41.4378],[69.1787,41.4376],[69.1788,41.4374],[69.1786,41.4372],[69.1777,41.4367],[69.1771,41.4364],[69.1766,41.4364],[69.1759,41.4364],[69.1756,41.4366],[69.1753,41.4368],[69.1751,41.4372],[69.1749,41.4381],[69.1751,41.4384],[69.1753,41.4388],[69.175,41.4396],[69.175,41.4403],[69.1751,41.4404],[69.1752,41.4407],[69.1753,41.4411],[69.1746,41.4413],[69.174,41.4412],[69.1734,41.441],[69.1734,41.4407],[69.1736,41.44],[69.1736,41.4397],[69.173,41.439],[69.1727,41.4385],[69.1725,41.4375],[69.1722,41.4369],[69.1717,41.4364],[69.1717,41.4361],[69.1719,41.4356],[69.1721,41.4351],[69.172,41.4348],[69.1715,41.4343],[69.171,41.434],[69.1695,41.4342],[69.1677,41.4347],[69.1673,41.4349],[69.1668,41.435],[69.1661,41.4349],[69.1654,41.4345],[69.1651,41.4343],[69.1648,41.4341],[69.1643,41.434],[69.1637,41.4339],[69.1627,41.4336],[69.1619,41.4332],[69.1613,41.4332],[69.1609,41.4332],[69.1606,41.4334],[69.1599,41.4338],[69.1595,41.4341],[69.1589,41.4339],[69.1584,41.4334],[69.158,41.4333],[69.1576,41.4333],[69.1575,41.4335],[69.1574,41.4336],[69.1574,41.4337],[69.1575,41.4342],[69.1575,41.4344],[69.1572,41.4345],[69.1567,41.4345],[69.1564,41.4343],[69.1562,41.4341],[69.1563,41.4335],[69.1561,41.433],[69.1558,41.4328],[69.1553,41.4327],[69.1547,41.4328],[69.1542,41.4328],[69.1539,41.4326],[69.1537,41.4322],[69.1534,41.4321],[69.1532,41.432],[69.1527,41.432],[69.1524,41.4319],[69.1522,41.4318],[69.1523,41.4317],[69.1526,41.4317],[69.1528,41.4317],[69.1533,41.4315],[69.1539,41.4312],[69.1541,41.4309],[69.1542,41.4306],[69.1543,41.4302],[69.1542,41.4301],[69.1541,41.43],[69.153,41.4292],[69.1523,41.4288],[69.152,41.4287],[69.1516,41.4287],[69.1513,41.4291],[69.1512,41.4294],[69.1511,41.4302],[69.1513,41.431],[69.1513,41.4314],[69.151,41.4317],[69.1505,41.4318],[69.1499,41.4319],[69.1496,41.4319],[69.1494,41.4317],[69.1489,41.4313],[69.1487,41.431],[69.1489,41.4307],[69.1495,41.4301],[69.1498,41.43],[69.1501,41.4299],[69.1503,41.4299],[69.1504,41.4298],[69.1504,41.4293],[69.1502,41.429],[69.15,41.4289],[69.1501,41.4287],[69.1504,41.4282],[69.15,41.4271],[69.1502,41.427],[69.1504,41.427],[69.1505,41.427],[69.1507,41.427],[69.1512,41.427],[69.1519,41.4268],[69.1525,41.4268],[69.1542,41.4264],[69.1557,41.426],[69.1563,41.4258],[69.157,41.4257],[69.1579,41.4254],[69.1581,41.4252],[69.1589,41.425],[69.1594,41.425],[69.1599,41.4245],[69.1604,41.4239],[69.1606,41.4227],[69.1609,41.4215],[69.1611,41.4205],[69.1615,41.4195],[69.1618,41.4192],[69.1618,41.4191],[69.1618,41.4188],[69.1622,41.4176],[69.1623,41.4175],[69.1632,41.4152],[69.1633,41.4149],[69.1647,41.4119],[69.165,41.4109],[69.1653,41.4102],[69.166,41.409],[69.1659,41.4084],[69.1685,41.4046],[69.1707,41.403],[69.1729,41.4038],[69.1751,41.403],[69.1751,41.4022],[69.1735,41.4008],[69.1713,41.4008],[69.1683,41.4004],[69.1672,41.3985],[69.1674,41.3956],[69.1667,41.395],[69.1645,41.3949],[69.1616,41.3944],[69.1605,41.3935],[69.1597,41.391],[69.1589,41.3904],[69.158,41.3899],[69.1576,41.3895],[69.1574,41.3889],[69.1563,41.3878],[69.1556,41.387],[69.1551,41.3866],[69.1547,41.3865],[69.1541,41.3863],[69.1527,41.3864],[69.1523,41.3864],[69.1518,41.3865],[69.1515,41.3871],[69.1517,41.3886],[69.1507,41.3924],[69.1494,41.3932],[69.1454,41.3929],[69.1377,41.3918],[69.1358,41.3915],[69.1334,41.3918],[69.133,41.3917],[69.1327,41.3914],[69.1327,41.3909],[69.1323,41.3906],[69.1295,41.3908],[69.1276,41.3891],[69.1244,41.3908],[69.1229,41.3919],[69.1211,41.3924],[69.1202,41.3921],[69.1193,41.3922],[69.1166,41.3924],[69.1151,41.392],[69.1136,41.3914],[69.1127,41.3908],[69.1122,41.39],[69.1118,41.389],[69.1112,41.3885],[69.1111,41.3881],[69.1109,41.3879],[69.1085,41.385],[69.1069,41.3836],[69.1053,41.3829],[69.1056,41.3817],[69.105,41.3804],[69.1045,41.3798],[69.1036,41.3795],[69.1032,41.3788],[69.103,41.3774],[69.1031,41.3767],[69.1024,41.3764],[69.1012,41.3756],[69.1012,41.3754],[69.101,41.375],[69.1013,41.3743],[69.1009,41.3737],[69.1013,41.3732],[69.1011,41.372],[69.1004,41.3716],[69.1003,41.3716],[69.1002,41.3716],[69.1,41.3716],[69.0999,41.3714],[69.0994,41.3716],[69.0989,41.3716],[69.099,41.371],[69.0996,41.37],[69.0994,41.3696],[69.0992,41.3695],[69.0992,41.3694],[69.099,41.3693],[69.0986,41.3692],[69.0984,41.369],[69.0982,41.3689],[69.0979,41.3687],[69.0978,41.3685],[69.0978,41.3683],[69.0981,41.3681],[69.0981,41.3678],[69.0978,41.3674],[69.0979,41.3667],[69.0978,41.3651],[69.097,41.3645],[69.0974,41.3639],[69.0978,41.3623],[69.0969,41.3592],[69.097,41.3585],[69.0966,41.3582],[69.093,41.3578],[69.0897,41.3569],[69.0856,41.3571],[69.085,41.3577],[69.0828,41.3582],[69.081,41.3578],[69.0804,41.3574],[69.0796,41.3575],[69.0792,41.3582],[69.0814,41.3596],[69.0825,41.3598],[69.0829,41.3603],[69.0827,41.3614],[69.084,41.3625],[69.0844,41.3639],[69.0838,41.3657],[69.0866,41.367],[69.0886,41.3686],[69.0856,41.3705],[69.085,41.3721],[69.0818,41.3742],[69.0816,41.3748],[69.079,41.3771],[69.067,41.3736],[69.0669,41.3723],[69.0641,41.3711],[69.0603,41.3715],[69.0597,41.3696],[69.0577,41.3696],[69.056,41.3694],[69.0555,41.3684],[69.0522,41.3686],[69.0494,41.3644],[69.0453,41.3646],[69.0414,41.3659],[69.034,41.3635],[69.029,41.3591],[69.0237,41.3571],[69.022,41.3554],[69.0222,41.3532],[69.025,41.3518],[69.0358,41.3502],[69.0433,41.3506],[69.0474,41.3491],[69.0455,41.3413],[69.0431,41.3347],[69.0406,41.3299],[69.0387,41.326],[69.0386,41.323],[69.0396,41.3219],[69.0407,41.3205],[69.0443,41.3106],[69.036,41.3028],[69.0294,41.3038],[69.0261,41.2988],[69.0189,41.2988],[69.0168,41.2967],[69.0149,41.2933],[69.0134,41.2896],[69.0156,41.2841],[69.0155,41.2822],[69.0162,41.2779],[69.0178,41.2767],[69.0172,41.2734],[69.0225,41.2719],[69.0256,41.2704],[69.029,41.2683],[69.0317,41.2678],[69.0338,41.267],[69.0379,41.2665],[69.0401,41.2647],[69.0409,41.2615],[69.0392,41.2578],[69.0395,41.2552],[69.0358,41.2527],[69.0253,41.2505],[69.021,41.2459],[69.0265,41.2429],[69.0287,41.2393],[69.0278,41.2349],[69.0262,41.2309],[69.0268,41.2285],[69.0292,41.2248],[69.0277,41.2243],[69.0236,41.2244],[69.0186,41.2258],[69.0165,41.2269],[69.0117,41.2277],[69.0071,41.2327],[69.0045,41.2345],[69.0012,41.2388],[69.0001,41.2388],[68.9975,41.2365],[68.993,41.2304],[68.9973,41.2255],[68.9935,41.2174],[68.9918,41.2162],[68.992,41.2146],[68.9915,41.2141],[68.9881,41.2135],[68.9866,41.2106],[68.9848,41.2108],[68.9842,41.2099],[68.9809,41.2096],[68.9785,41.2083],[68.9717,41.205],[68.965,41.2016],[68.9631,41.2008],[68.9604,41.1995],[68.9511,41.1954],[68.9442,41.1935],[68.938,41.1899],[68.9337,41.1861],[68.9323,41.1826],[68.9271,41.1827],[68.9225,41.1818],[68.9195,41.1815],[68.9154,41.1821],[68.9144,41.1797],[68.9148,41.1777],[68.9143,41.1762],[68.9138,41.1736],[68.9131,41.1724],[68.91,41.1712],[68.9068,41.1701],[68.9052,41.1694],[68.9029,41.1678],[68.8976,41.1648],[68.8912,41.1634],[68.886,41.1622],[68.8796,41.1588],[68.8746,41.1548],[68.865,41.1471],[68.8606,41.1435],[68.8581,41.1423],[68.8523,41.141],[68.8414,41.1349],[68.8404,41.1343],[68.8371,41.134],[68.8351,41.1329],[68.8288,41.1285],[68.8153,41.1209],[68.8079,41.1181],[68.8042,41.1192],[68.8039,41.1158],[68.8001,41.1118],[68.7977,41.1098],[68.7951,41.1078],[68.7909,41.1055],[68.788,41.1028],[68.7852,41.1004],[68.7797,41.0962],[68.7731,41.0915],[68.769,41.0886],[68.7665,41.0869],[68.749,41.0705],[68.7429,41.066],[68.7321,41.0581],[68.726,41.0532],[68.7219,41.0475],[68.7138,41.0322],[68.7146,41.0308],[68.7174,41.0296],[68.722,41.0285],[68.733,41.0148],[68.7423,41.0057],[68.7474,41.0055],[68.7534,41.0137],[68.7535,41.0132],[68.7538,41.0128],[68.7541,41.0126],[68.7541,41.0124],[68.7539,41.0122],[68.7536,41.0121],[68.7533,41.0118],[68.7531,41.0115],[68.7533,41.0113],[68.7537,41.0112],[68.7545,41.0119],[68.7548,41.012],[68.7551,41.0119],[68.7554,41.0118],[68.7555,41.0115],[68.7555,41.011],[68.7555,41.0109],[68.7555,41.0107],[68.7556,41.0103],[68.7558,41.0101],[68.7559,41.0101],[68.7562,41.0101],[68.7565,41.0103],[68.7571,41.0109],[68.7574,41.0111],[68.7575,41.0112],[68.7577,41.0111],[68.7578,41.0109],[68.7579,41.0103],[68.7579,41.01],[68.758,41.0099],[68.7581,41.0097],[68.7583,41.0094],[68.7582,41.0091],[68.758,41.0089],[68.757,41.0085],[68.7567,41.0083],[68.7566,41.0081],[68.7568,41.0078],[68.7609,41.0066],[68.7611,41.0061],[68.7604,41.0055],[68.7592,41.005],[68.7584,41.0049],[68.7583,41.0046],[68.7583,41.0044],[68.7575,41.0036],[68.7569,41.0034],[68.7567,41.0034],[68.7565,41.0035],[68.7564,41.0038],[68.756,41.0048],[68.7557,41.0048],[68.7554,41.0037],[68.7549,41.0036],[68.7541,41.004],[68.7534,41.0039],[68.7526,41.0031],[68.7527,41.0027],[68.7535,41.0022],[68.7542,41.001],[68.7553,41.0007],[68.7558,41.0004],[68.7559,40.9998],[68.7554,40.9995],[68.7552,40.9992],[68.7554,40.999],[68.756,40.9989],[68.7565,40.9988],[68.7581,40.9976],[68.7581,40.9974],[68.7582,40.9971],[68.758,40.997],[68.7571,40.9971],[68.7567,40.997],[68.7563,40.9969],[68.7557,40.9966],[68.7548,40.9965],[68.7544,40.9964],[68.7542,40.9963],[68.7542,40.996],[68.7544,40.9954],[68.7548,40.9945],[68.7548,40.994],[68.7538,40.9938],[68.7525,40.994],[68.7511,40.9937],[68.751,40.9935],[68.7513,40.9927],[68.7506,40.9923],[68.7504,40.9918],[68.7507,40.9913],[68.7507,40.9911],[68.7505,40.9909],[68.7497,40.9911],[68.7491,40.9909],[68.7478,40.9903],[68.7478,40.99],[68.7486,40.9897],[68.7488,40.9892],[68.7487,40.9888],[68.7476,40.9882],[68.7478,40.9877],[68.7486,40.9876],[68.7491,40.9873],[68.7489,40.9871],[68.7482,40.9861],[68.7472,40.9854],[68.7472,40.9848],[68.7478,40.9843],[68.7485,40.9842],[68.7488,40.9845],[68.7495,40.9844],[68.7497,40.9841],[68.7489,40.9831],[68.7486,40.9827],[68.7487,40.9823],[68.7491,40.9823],[68.7496,40.9821],[68.7496,40.9816],[68.7491,40.9814],[68.7483,40.9814],[68.7474,40.9812],[68.7467,40.9811],[68.746,40.981],[68.7448,40.9804],[68.7444,40.9799],[68.7439,40.98],[68.7436,40.9804],[68.7428,40.9808],[68.7423,40.9813],[68.7418,40.9815],[68.7415,40.9813],[68.7412,40.981],[68.7412,40.9805],[68.7415,40.9803],[68.7419,40.9802],[68.7422,40.9798],[68.7424,40.9793],[68.7423,40.9788],[68.742,40.9786],[68.7416,40.9785],[68.7413,40.9787],[68.7413,40.9791],[68.7416,40.9796],[68.7415,40.9798],[68.7413,40.9798],[68.7408,40.9797],[68.7403,40.9793],[68.7392,40.9777],[68.7389,40.9773],[68.7386,40.9769],[68.7386,40.9764],[68.7381,40.9759],[68.7375,40.9759],[68.7369,40.976],[68.7365,40.9758],[68.7363,40.9753],[68.7365,40.9749],[68.7368,40.9746],[68.7371,40.9742],[68.7368,40.9738],[68.7363,40.9737],[68.7358,40.9739],[68.7354,40.9744],[68.7351,40.9746],[68.7347,40.9745],[68.7338,40.974],[68.7331,40.9737],[68.733,40.9736],[68.733,40.9734],[68.733,40.9729],[68.7327,40.9724],[68.7325,40.9722],[68.7323,40.972],[68.7316,40.9719],[68.7313,40.9717],[68.731,40.9715],[68.7307,40.971],[68.7305,40.9708],[68.7302,40.9706],[68.7294,40.9703],[68.7289,40.9699],[68.7286,40.9697],[68.7273,40.9696],[68.7271,40.9696],[68.7266,40.9695],[68.7265,40.9699],[68.7246,40.9696],[68.7231,40.9693],[68.7209,40.9688],[68.7201,40.9689],[68.7198,40.969],[68.7176,40.968],[68.7155,40.967],[68.7131,40.9658],[68.7113,40.9648],[68.7111,40.9648],[68.7087,40.9659],[68.7045,40.9672],[68.7043,40.9672],[68.7021,40.966],[68.7018,40.966],[68.7012,40.9663],[68.7,40.9669],[68.699,40.9672],[68.6975,40.9676],[68.6974,40.9675],[68.6966,40.9664],[68.6964,40.9664],[68.6957,40.9666],[68.6944,40.9669],[68.6941,40.9668],[68.6921,40.9661],[68.6911,40.9657],[68.6898,40.9652],[68.6849,40.9644],[68.6839,40.9641],[68.6837,40.9638],[68.6838,40.9628],[68.6838,40.9626],[68.684,40.9624],[68.684,40.9622],[68.684,40.962],[68.684,40.962],[68.6843,40.9616],[68.6844,40.9614],[68.6808,40.9625],[68.6795,40.9627],[68.6784,40.9627],[68.6774,40.9626],[68.6766,40.9623],[68.673,40.9604],[68.6707,40.9595],[68.668,40.9585],[68.6666,40.9578],[68.6657,40.9572],[68.6642,40.9555],[68.6631,40.9545],[68.6617,40.9533],[68.6606,40.9523],[68.6597,40.9513],[68.6587,40.95],[68.6576,40.9488],[68.6569,40.948],[68.6561,40.9471],[68.6555,40.9464],[68.6537,40.9451],[68.6509,40.943],[68.6493,40.9425],[68.6463,40.9424],[68.6441,40.9428],[68.6437,40.9429],[68.6422,40.9437],[68.6404,40.9448],[68.642,40.942],[68.6436,40.9398],[68.6457,40.9372],[68.6479,40.9353],[68.6513,40.9329],[68.654,40.9314],[68.6555,40.9296],[68.6571,40.9289],[68.6582,40.9287],[68.6594,40.9286],[68.6605,40.9284],[68.6613,40.9277],[68.6628,40.9261],[68.6629,40.9256],[68.6629,40.9255],[68.6633,40.9244],[68.6648,40.9227],[68.6673,40.9214],[68.6773,40.9206],[68.6848,40.918],[68.6877,40.9159],[68.6886,40.9143],[68.6896,40.9092],[68.6903,40.9079],[68.6911,40.9067],[68.6922,40.9057],[68.6934,40.9047],[68.6962,40.9036],[68.7007,40.9017],[68.7035,40.9005],[68.7054,40.8995],[68.706,40.899],[68.707,40.898],[68.7078,40.8969],[68.7081,40.8961],[68.7084,40.8954],[68.7098,40.8942],[68.7121,40.8931],[68.7147,40.8923],[68.7189,40.8919],[68.7205,40.8914],[68.7215,40.8903],[68.7219,40.8877],[68.7209,40.8859],[68.7192,40.8838],[68.7166,40.8801],[68.7156,40.8782],[68.7131,40.8753],[68.7096,40.873],[68.7092,40.8697],[68.7094,40.8672],[68.7091,40.8658],[68.7075,40.8632],[68.7061,40.8602],[68.706,40.8584],[68.7087,40.8569],[68.7126,40.8563],[68.7148,40.8565],[68.717,40.8566],[68.72,40.8585],[68.7216,40.8619],[68.7243,40.8659],[68.7266,40.8702],[68.729,40.8728],[68.7329,40.8749],[68.7366,40.875],[68.7402,40.8738],[68.7416,40.8709],[68.7419,40.8658],[68.74,40.8626],[68.7381,40.8604],[68.7364,40.8588],[68.7341,40.8575],[68.7311,40.856],[68.7277,40.8542],[68.7264,40.8521],[68.7271,40.8492],[68.7292,40.8469],[68.7321,40.8453],[68.736,40.8445],[68.7398,40.8455],[68.7484,40.8499],[68.7492,40.8502],[68.7515,40.8506],[68.7551,40.85],[68.7583,40.8487],[68.7603,40.8453],[68.7633,40.8393],[68.7669,40.8378],[68.7721,40.8371],[68.7769,40.8354],[68.7841,40.8344],[68.7853,40.834],[68.7918,40.8315],[68.7968,40.8279],[68.7989,40.8258],[68.8022,40.8226],[68.8073,40.8204],[68.8155,40.8191],[68.824,40.819],[68.8286,40.8167],[68.8296,40.8151],[68.8304,40.8137],[68.8308,40.8065],[68.8299,40.8036],[68.8301,40.8003],[68.8276,40.7967],[68.8296,40.7931],[68.8309,40.7926],[68.8309,40.7925],[68.8341,40.7914],[68.8375,40.7911],[68.8416,40.7917],[68.8454,40.7919],[68.8527,40.7907],[68.8638,40.7888],[68.8674,40.7878],[68.8708,40.787],[68.8751,40.7856],[68.8785,40.784],[68.8817,40.7823],[68.8861,40.7779],[68.8922,40.7726],[68.8945,40.7705],[68.8964,40.7659],[68.8964,40.7616],[68.897,40.7591],[68.8975,40.7578],[68.8987,40.7568],[68.9,40.7547],[68.9034,40.7509],[68.9037,40.7505],[68.904,40.7489],[68.9041,40.7476],[68.9054,40.7452],[68.9042,40.7442],[68.9042,40.7438],[68.9076,40.741],[68.9083,40.7384],[68.9079,40.7356],[68.9074,40.7318],[68.9061,40.7282],[68.9074,40.7247],[68.9116,40.7182],[68.9162,40.7148],[68.9224,40.713],[68.9269,40.713],[68.9326,40.7147],[68.9342,40.7148],[68.9367,40.7145],[68.9394,40.714],[68.9467,40.7117],[68.9474,40.7116],[68.9503,40.7114],[68.9512,40.7101],[68.9512,40.7078],[68.9517,40.7053],[68.9519,40.7019],[68.9514,40.6998],[68.9526,40.6968],[68.9556,40.6947],[68.9577,40.6932],[68.96,40.6896],[68.9601,40.6893],[68.9604,40.6878],[68.9612,40.6866],[68.9629,40.6848],[68.964,40.6836],[68.9642,40.6828],[68.9641,40.6826],[68.9639,40.682],[68.9631,40.6811],[68.9622,40.6803],[68.9599,40.6795],[68.9579,40.6794],[68.9567,40.679],[68.9555,40.6784],[68.9531,40.6766],[68.9524,40.6752],[68.9522,40.6743],[68.9522,40.6734],[68.953,40.6721],[68.9539,40.6709],[68.961,40.6656],[68.9637,40.6656],[68.9678,40.6656],[68.9691,40.6657],[68.9799,40.6669],[68.9842,40.6691],[68.9871,40.6698],[68.992,40.6708],[68.9937,40.6713],[68.9979,40.6711],[69.0005,40.6707],[69.002,40.6702],[69.003,40.6697],[69.0042,40.6691],[69.0058,40.6682],[69.0064,40.6664],[69.0061,40.6651],[69.0046,40.6617],[69.001,40.659],[68.9972,40.656],[68.9903,40.6509],[68.9871,40.6482],[68.9868,40.6472],[68.9868,40.646],[68.9877,40.6447],[68.989,40.6437],[68.9921,40.6425],[68.9963,40.6421],[68.9998,40.6414],[69.0061,40.6412],[69.0123,40.6418],[69.0166,40.643],[69.019,40.6441],[69.0222,40.645],[69.0261,40.6456],[69.0305,40.6468],[69.0347,40.6475],[69.0366,40.6476],[69.0386,40.6474],[69.0407,40.6466],[69.0418,40.6461],[69.0429,40.6457],[69.0447,40.6454],[69.0469,40.6453],[69.0477,40.6454],[69.0497,40.6453],[69.0507,40.6451],[69.0514,40.645],[69.0515,40.645],[69.0522,40.6448],[69.0528,40.6444],[69.054,40.6437],[69.0594,40.6394],[69.0598,40.6391],[69.0609,40.638],[69.0611,40.6379],[69.0611,40.6378],[69.0619,40.6366],[69.0621,40.6358],[69.062,40.6353],[69.0611,40.6342],[69.06,40.6332],[69.0559,40.6308],[69.0552,40.6304],[69.0531,40.6294],[69.0526,40.6289],[69.0524,40.6285],[69.0522,40.6282],[69.0521,40.627],[69.0522,40.6264],[69.0524,40.6247],[69.0529,40.624],[69.053,40.6239],[69.0546,40.6229],[69.056,40.6216],[69.0569,40.6203],[69.0582,40.6192],[69.0592,40.6187],[69.0611,40.6177],[69.0625,40.6161],[69.0665,40.6125],[69.0696,40.6101],[69.075,40.6082],[69.0777,40.6078],[69.0794,40.6079],[69.0817,40.6084],[69.0826,40.6084],[69.0833,40.6083],[69.0866,40.6073],[69.0883,40.6064],[69.0884,40.6043],[69.0889,40.6035],[69.0896,40.6031],[69.0904,40.6022],[69.0909,40.6006],[69.0909,40.5991],[69.0906,40.5977],[69.0894,40.5958],[69.089,40.5953],[69.0864,40.5931],[69.0818,40.5896],[69.0772,40.588],[69.0738,40.586],[69.0703,40.5838],[69.0666,40.5829],[69.0643,40.5817],[69.0602,40.5792],[69.059,40.5781],[69.0581,40.5766],[69.0582,40.5748],[69.059,40.5731],[69.0629,40.5706],[69.0671,40.5702],[69.0722,40.5704],[69.0753,40.5714],[69.0763,40.573],[69.0768,40.5768],[69.0762,40.5788],[69.0765,40.5812],[69.079,40.5825],[69.0805,40.585],[69.0823,40.586],[69.0844,40.5861],[69.0902,40.5833],[69.0959,40.579],[69.0997,40.5743],[69.1058,40.5663],[69.1058,40.5662],[69.1051,40.5636],[69.1034,40.5622],[69.1012,40.5614],[69.0999,40.5615],[69.0971,40.5632],[69.0955,40.5653],[69.0932,40.5689],[69.0911,40.5707],[69.0875,40.5714],[69.0835,40.5718],[69.0797,40.5714],[69.0776,40.571],[69.0766,40.5701],[69.0764,40.5688],[69.0766,40.5676],[69.0777,40.5649],[69.0822,40.5559],[69.0808,40.5528],[69.0802,40.5498],[69.0805,40.5476],[69.0808,40.5462],[69.0809,40.5404],[69.081,40.5389],[69.0812,40.5373],[69.0814,40.5332],[69.0814,40.5315],[69.0799,40.5259],[69.0808,40.5195],[69.0786,40.5142],[69.0771,40.5125],[69.0761,40.511],[69.0729,40.5089],[69.0692,40.5072],[69.0671,40.506],[69.0666,40.5054],[69.0654,40.5042],[69.0647,40.5033],[69.0647,40.502],[69.0664,40.5008],[69.0717,40.5007],[69.0751,40.501],[69.077,40.5019],[69.0786,40.5029],[69.0812,40.5032],[69.0846,40.5032],[69.0869,40.5042],[69.0885,40.5053],[69.0931,40.5084],[69.0969,40.5093],[69.0997,40.5086],[69.1057,40.5051],[69.1081,40.5011],[69.1079,40.4998],[69.1074,40.4986],[69.1059,40.4974],[69.1057,40.497],[69.1022,40.4948],[69.1014,40.4946],[69.101,40.4943],[69.0978,40.4943],[69.0937,40.494],[69.0902,40.4931],[69.0875,40.4913],[69.0853,40.4885],[69.0853,40.4836],[69.087,40.4808],[69.0993,40.4752],[69.1033,40.4731],[69.1033,40.4729],[69.1041,40.4683],[69.1037,40.4671],[69.1028,40.4648],[69.1047,40.4573],[69.1056,40.4555],[69.1076,40.4538],[69.1128,40.4512],[69.1142,40.4499],[69.1149,40.4492],[69.1162,40.4466],[69.116,40.4454],[69.1156,40.4427],[69.1157,40.4405],[69.1161,40.4389],[69.1164,40.4379],[69.1173,40.4359],[69.1189,40.4341],[69.1189,40.4329],[69.1186,40.4317],[69.1182,40.4309],[69.1176,40.4297],[69.1175,40.429],[69.1176,40.4283],[69.1173,40.4278],[69.1147,40.4253],[69.1142,40.4245],[69.1125,40.4222],[69.1115,40.4211],[69.1103,40.4197],[69.1076,40.4182],[69.1018,40.415],[69.0992,40.4142],[69.0965,40.4124],[69.092,40.4074],[69.0906,40.4058],[69.0891,40.4042],[69.0877,40.402],[69.0836,40.4009],[69.0791,40.3999],[69.0775,40.3987],[69.0766,40.398],[69.0772,40.396],[69.0778,40.395],[69.0784,40.3942],[69.0791,40.3934],[69.0798,40.3925],[69.0797,40.3915],[69.0799,40.3906],[69.0802,40.3899],[69.0794,40.3883],[69.0787,40.387],[69.0784,40.3858],[69.0779,40.3824],[69.0778,40.3804],[69.0779,40.3795],[69.078,40.3787],[69.0781,40.3782],[69.0784,40.3778],[69.0791,40.3768],[69.0825,40.373],[69.0833,40.3724],[69.0846,40.3719],[69.0855,40.3716],[69.0861,40.3712],[69.0863,40.3709],[69.0864,40.3706],[69.0861,40.37],[69.086,40.3698],[69.0812,40.3652],[69.0789,40.3629],[69.0764,40.3608],[69.0749,40.3598],[69.0742,40.359],[69.0738,40.3579],[69.0737,40.3572],[69.0736,40.3567],[69.0741,40.3382],[69.0745,40.3198],[69.0748,40.3186],[69.0753,40.3176],[69.0763,40.3161],[69.0766,40.3156],[69.083,40.3051],[69.0836,40.3042],[69.0849,40.303],[69.1139,40.2809],[69.1259,40.2679],[69.1265,40.2671],[69.1276,40.2665],[69.1294,40.2658],[69.1308,40.2649],[69.1322,40.2634],[69.1325,40.2611],[69.134,40.258],[69.1354,40.2547],[69.14,40.2455],[69.1405,40.2434],[69.1409,40.2414],[69.1418,40.2395],[69.1431,40.2378],[69.1465,40.2369],[69.1476,40.2365],[69.1546,40.2315],[69.1575,40.2266],[69.1589,40.2249],[69.1604,40.2218],[69.1612,40.2183],[69.1614,40.2172],[69.1617,40.2165],[69.1619,40.2161],[69.1624,40.2155],[69.1641,40.2138],[69.1652,40.2131],[69.1665,40.2125],[69.1681,40.2122],[69.1698,40.2121],[69.172,40.2118],[69.1734,40.2118],[69.1804,40.2134],[69.1866,40.2139],[69.1894,40.2148],[69.1924,40.215],[69.1977,40.2151],[69.2045,40.214],[69.2122,40.2126],[69.2162,40.2112],[69.2194,40.2101],[69.2233,40.2094],[69.2299,40.2074],[69.2338,40.2075],[69.2398,40.2071],[69.2463,40.2074],[69.2508,40.2059],[69.2598,40.2006],[69.2618,40.2],[69.2637,40.2002],[69.2708,40.2015],[69.2726,40.2017],[69.2755,40.2011],[69.2817,40.1987],[69.284,40.1966],[69.2852,40.1958],[69.2924,40.1921],[69.2981,40.1892],[69.2997,40.1884],[69.3008,40.1881],[69.3043,40.1878],[69.3041,40.1911],[69.3047,40.1927],[69.3055,40.1951],[69.3045,40.1956],[69.3011,40.1958],[69.3004,40.1967],[69.3008,40.1973],[69.2988,40.1998],[69.2997,40.2021],[69.2984,40.2063],[69.299,40.2073],[69.2973,40.21],[69.2974,40.2108],[69.2972,40.2113],[69.2969,40.2114],[69.2963,40.2118],[69.2958,40.2133],[69.294,40.2141],[69.2932,40.2149],[69.293,40.2155],[69.292,40.2163],[69.2911,40.2168],[69.2905,40.2174],[69.2901,40.2185],[69.2902,40.219],[69.2904,40.2195],[69.2892,40.222],[69.2886,40.2257],[69.2922,40.2292],[69.2954,40.2322],[69.2964,40.2334],[69.2971,40.2338],[69.2981,40.2362],[69.2993,40.2393],[69.3006,40.2427],[69.3015,40.2448],[69.2897,40.2478],[69.2875,40.2488],[69.2857,40.251],[69.2772,40.2535],[69.2732,40.2563],[69.2677,40.2586],[69.2649,40.2586],[69.2627,40.2583],[69.2612,40.2638],[69.2566,40.2656],[69.2554,40.2673],[69.2549,40.2696],[69.2513,40.2707],[69.2478,40.2748],[69.2491,40.281],[69.2547,40.2837],[69.2525,40.2913],[69.2499,40.2922],[69.2468,40.2943],[69.2466,40.2954],[69.2492,40.3035],[69.2537,40.3019],[69.2599,40.2972],[69.2653,40.2974],[69.2822,40.2912],[69.2896,40.2886],[69.2969,40.2858],[69.3043,40.2831],[69.3073,40.2818],[69.3074,40.2819],[69.3079,40.2825],[69.3072,40.2857],[69.3073,40.2862],[69.3077,40.2867],[69.3097,40.2877],[69.3102,40.2882],[69.3111,40.2898],[69.3116,40.2903],[69.3131,40.2909],[69.3187,40.293],[69.3195,40.2931],[69.321,40.2928],[69.322,40.2926],[69.3227,40.2927],[69.3249,40.2944],[69.3265,40.2957],[69.3283,40.2972],[69.3285,40.2978],[69.3284,40.299],[69.3282,40.2998],[69.328,40.3004],[69.3273,40.3014],[69.3266,40.3024],[69.3267,40.3033],[69.3277,40.3083],[69.3283,40.3089],[69.3325,40.3121],[69.3329,40.3126],[69.3333,40.3136],[69.3339,40.316],[69.3343,40.3172],[69.3346,40.3176],[69.3348,40.318],[69.3368,40.3197],[69.3376,40.3204],[69.338,40.3213],[69.3387,40.3273],[69.3388,40.3282],[69.339,40.3298],[69.3395,40.3336],[69.3405,40.339],[69.3401,40.3401],[69.339,40.3431],[69.3381,40.3456],[69.3373,40.3478],[69.3363,40.3488],[69.3311,40.3502],[69.3257,40.3517],[69.3211,40.3542],[69.3162,40.3567],[69.3141,40.3584],[69.3105,40.3614],[69.3069,40.3644],[69.3032,40.3675],[69.3026,40.3681],[69.3024,40.3689],[69.3027,40.3716],[69.3031,40.375],[69.3033,40.3758],[69.304,40.3764],[69.3069,40.3794],[69.3072,40.38],[69.3068,40.3833],[69.3065,40.3868],[69.3064,40.387],[69.3062,40.3875],[69.305,40.389],[69.304,40.3899],[69.303,40.3904],[69.3019,40.3906],[69.2974,40.3915],[69.2969,40.3918],[69.2929,40.395],[69.2921,40.3959],[69.2919,40.3967],[69.2916,40.3991],[69.2911,40.4024],[69.291,40.4034],[69.2912,40.4039],[69.2916,40.4043],[69.2929,40.4049],[69.2934,40.4052],[69.2961,40.4065],[69.2978,40.408],[69.2981,40.4092],[69.2984,40.4118],[69.2979,40.4126],[69.2973,40.4134],[69.296,40.4144],[69.2949,40.415],[69.294,40.4152],[69.2912,40.4152],[69.2893,40.4152],[69.2885,40.4154],[69.2834,40.42],[69.2832,40.4206],[69.2834,40.421],[69.284,40.4216],[69.2858,40.423],[69.286,40.4236],[69.2857,40.424],[69.2842,40.4266],[69.284,40.4274],[69.2855,40.431],[69.2854,40.4318],[69.2852,40.4327],[69.2847,40.4347],[69.2841,40.4353],[69.2832,40.4358],[69.2828,40.4363],[69.2831,40.4372],[69.2838,40.4391],[69.2839,40.4406],[69.2839,40.4434],[69.2826,40.4458],[69.2793,40.4519],[69.278,40.4532],[69.2728,40.4555],[69.2705,40.458],[69.268,40.4592],[69.2677,40.4597],[69.268,40.4608],[69.2685,40.4624],[69.2688,40.463],[69.2704,40.4658],[69.2718,40.4683],[69.2717,40.4688],[69.2712,40.4691],[69.2691,40.4702],[69.2686,40.4705],[69.2674,40.473],[69.2663,40.4754],[69.2664,40.4759],[69.2668,40.4762],[69.2691,40.4776],[69.2725,40.4796],[69.2726,40.4801],[69.2722,40.4808],[69.2706,40.4831],[69.2697,40.4844],[69.27,40.4851],[69.2716,40.4879],[69.2724,40.4882],[69.2779,40.4891],[69.2786,40.4895],[69.2799,40.4929],[69.2794,40.4934],[69.2753,40.495],[69.2628,40.5],[69.2612,40.5017],[69.2603,40.5028],[69.2564,40.507],[69.256,40.5073],[69.2503,40.5094],[69.2491,40.5098],[69.248,40.5102],[69.2405,40.5199],[69.2399,40.5203],[69.2309,40.5227],[69.2294,40.5247],[69.2286,40.5259],[69.2246,40.5279],[69.2204,40.5312],[69.2204,40.532],[69.2205,40.5327],[69.2213,40.5337],[69.2212,40.535],[69.2213,40.5359],[69.2212,40.5364],[69.2195,40.5368],[69.218,40.5374],[69.2162,40.5381],[69.2151,40.5388],[69.2152,40.5401],[69.2118,40.5408],[69.2123,40.5461],[69.212,40.5461],[69.2121,40.5464],[69.2114,40.5466],[69.2112,40.5467],[69.2112,40.5469],[69.2125,40.5469],[69.2145,40.5469],[69.2151,40.547],[69.2207,40.5478],[69.2206,40.5485],[69.2262,40.5498],[69.2281,40.5513],[69.2322,40.5534],[69.2335,40.5545],[69.2387,40.5594],[69.2411,40.5624],[69.2505,40.5653],[69.2593,40.5724],[69.2629,40.5761],[69.276,40.574],[69.2791,40.575],[69.2816,40.5765],[69.2846,40.5801],[69.2895,40.577],[69.2981,40.5771],[69.2983,40.5785],[69.306,40.5786],[69.3076,40.5779],[69.3131,40.5783],[69.3179,40.5767],[69.3228,40.5789],[69.3248,40.5774],[69.3284,40.5792],[69.3435,40.5796],[69.3447,40.5848],[69.3451,40.5852],[69.3468,40.5852],[69.3476,40.5895],[69.3465,40.5913],[69.347,40.5963],[69.3473,40.5986],[69.3481,40.6062],[69.3483,40.6099],[69.3484,40.6139],[69.3444,40.6273],[69.3396,40.6396],[69.3393,40.6431],[69.3414,40.6517],[69.3403,40.6561],[69.3402,40.6565],[69.3394,40.6575],[69.339,40.6583],[69.3394,40.667],[69.3394,40.6675],[69.3395,40.6681],[69.3396,40.6688],[69.3405,40.6703],[69.3407,40.6714],[69.3409,40.673],[69.3412,40.6747],[69.3416,40.6775],[69.342,40.6801],[69.3423,40.6815],[69.3425,40.6823],[69.3426,40.6831],[69.3427,40.6839],[69.3425,40.6851],[69.3423,40.686],[69.342,40.6863],[69.3417,40.6865],[69.3414,40.6866],[69.341,40.6867],[69.3408,40.6867],[69.3406,40.6868],[69.3405,40.6869],[69.3403,40.6871],[69.3393,40.6881],[69.3385,40.6891],[69.3378,40.6898],[69.3382,40.6901],[69.3386,40.6914],[69.3382,40.6918],[69.3377,40.6934],[69.3374,40.6937],[69.3347,40.6944],[69.3344,40.6946],[69.3345,40.695],[69.3343,40.696],[69.3342,40.6964],[69.334,40.6969],[69.3337,40.6971],[69.3334,40.6974],[69.3329,40.6976],[69.3314,40.6979],[69.3312,40.6979],[69.3309,40.6983],[69.3307,40.6987],[69.3302,40.6988],[69.3299,40.6992],[69.3296,40.6998],[69.3294,40.7004],[69.3287,40.7033],[69.3286,40.704],[69.3286,40.7041],[69.3287,40.7042],[69.3288,40.7042],[69.331,40.7052],[69.3315,40.7055],[69.332,40.7057],[69.3332,40.706],[69.3342,40.7063],[69.3344,40.7064],[69.3345,40.7066],[69.3341,40.7072],[69.3341,40.7075],[69.3343,40.7079],[69.3343,40.7083],[69.3343,40.7087],[69.3344,40.7089],[69.3352,40.7091],[69.3356,40.7094],[69.3361,40.7098],[69.3364,40.7101],[69.3369,40.7107],[69.337,40.7109],[69.3371,40.711],[69.3378,40.7114],[69.3385,40.7118],[69.3393,40.7123],[69.3396,40.7125],[69.3402,40.7126],[69.3409,40.7126],[69.343,40.7123],[69.3448,40.7121],[69.3456,40.712],[69.3459,40.712],[69.3462,40.7122],[69.3463,40.7124],[69.3461,40.7126],[69.3464,40.7135],[69.3466,40.7142],[69.3468,40.7151],[69.3469,40.7155],[69.3469,40.716],[69.3469,40.7168],[69.3468,40.7176],[69.3468,40.7181],[69.3468,40.7185],[69.3466,40.7188],[69.3466,40.719],[69.3464,40.7197],[69.3462,40.7205],[69.3461,40.7212],[69.346,40.7219],[69.346,40.7225],[69.346,40.7227],[69.346,40.723],[69.3465,40.7239],[69.3467,40.7243],[69.3468,40.7244],[69.347,40.7247],[69.3472,40.725],[69.3474,40.7251],[69.3475,40.7253],[69.3478,40.7255],[69.3479,40.7256],[69.348,40.7258],[69.3481,40.726],[69.3481,40.7261],[69.3482,40.7262],[69.3484,40.7263],[69.3487,40.7265],[69.3491,40.7268],[69.3492,40.7268],[69.3493,40.7268],[69.3496,40.7268],[69.3497,40.7268],[69.3503,40.7266],[69.351,40.7264],[69.3518,40.7262],[69.3523,40.726],[69.3528,40.726],[69.3533,40.726],[69.3543,40.7263],[69.3553,40.7264],[69.3557,40.7265],[69.3559,40.7267],[69.3559,40.7269],[69.3557,40.727],[69.3556,40.7272],[69.3554,40.7273],[69.3552,40.7275],[69.3547,40.7278],[69.3545,40.7279],[69.3543,40.7281],[69.3541,40.7282],[69.3531,40.7286],[69.3529,40.7288],[69.3528,40.7289],[69.3525,40.7293],[69.3522,40.7297],[69.3521,40.7299],[69.3515,40.7305],[69.3512,40.7308],[69.3511,40.731],[69.3511,40.7311],[69.3511,40.7316],[69.3511,40.7318],[69.351,40.732],[69.3511,40.732],[69.3511,40.7321],[69.3514,40.7323],[69.3517,40.7323],[69.3519,40.7324],[69.3522,40.7325],[69.3526,40.7326],[69.3528,40.7327],[69.353,40.7327],[69.3533,40.7327],[69.355,40.7327],[69.3567,40.7327],[69.3582,40.7327],[69.3588,40.7326],[69.3599,40.7327],[69.3603,40.7325],[69.3607,40.7325],[69.361,40.7326],[69.3612,40.7329],[69.3616,40.7332],[69.3621,40.7336],[69.3624,40.7339],[69.3628,40.7342],[69.3629,40.7344],[69.3629,40.7345],[69.3628,40.7347],[69.3627,40.7349],[69.3625,40.7352],[69.3621,40.7357],[69.3621,40.7358],[69.362,40.7358],[69.362,40.7359],[69.362,40.736],[69.3619,40.7361],[69.3617,40.7365],[69.3615,40.7369],[69.3614,40.737],[69.3613,40.7371],[69.361,40.7375],[69.3609,40.7376],[69.3608,40.7378],[69.3606,40.738],[69.3604,40.7383],[69.36,40.7388],[69.3599,40.7389],[69.3598,40.7391],[69.3598,40.7392],[69.3597,40.7395],[69.3597,40.7397],[69.3599,40.74],[69.3599,40.7402],[69.3601,40.7404],[69.3605,40.7406],[69.361,40.7409],[69.3613,40.741],[69.3617,40.7412],[69.362,40.7414],[69.3622,40.7416],[69.3626,40.7421],[69.3628,40.7424],[69.363,40.7427],[69.3633,40.7429],[69.3637,40.7432],[69.3642,40.7436],[69.3644,40.7438],[69.3645,40.744],[69.3645,40.7443],[69.3643,40.7446],[69.3641,40.7449],[69.3638,40.7453],[69.3635,40.7457],[69.363,40.7463],[69.3627,40.7469],[69.3624,40.7472],[69.3619,40.7477],[69.3614,40.7481],[69.3604,40.7486],[69.3602,40.7488],[69.3599,40.7489],[69.3595,40.7493],[69.3593,40.7497],[69.3592,40.75],[69.3592,40.7503],[69.3592,40.7507],[69.3592,40.7509],[69.3592,40.7512],[69.3592,40.7513],[69.3593,40.7514],[69.3595,40.7515],[69.3596,40.7517],[69.3598,40.7517],[69.3602,40.7521],[69.3605,40.7523],[69.3609,40.7525],[69.3612,40.7526],[69.3614,40.7528],[69.3617,40.7531],[69.3618,40.7534],[69.3618,40.7536],[69.3617,40.7538],[69.3613,40.754],[69.3609,40.7541],[69.36,40.7545],[69.3594,40.7553],[69.3595,40.756],[69.3627,40.7652],[69.3624,40.7671],[69.3756,40.7722],[69.3801,40.7788],[69.3821,40.7819],[69.3839,40.784],[69.3854,40.786],[69.389,40.7887],[69.3937,40.7899],[69.4073,40.7887],[69.4207,40.7899],[69.429,40.791],[69.4348,40.7922],[69.4457,40.7919],[69.4503,40.7918],[69.4576,40.7916],[69.4601,40.7915],[69.4625,40.7918],[69.4712,40.7895],[69.4795,40.7843],[69.4874,40.7832],[69.4933,40.7819],[69.4965,40.78],[69.4996,40.7773],[69.5019,40.7705],[69.5076,40.7714],[69.5142,40.7723],[69.5184,40.7721],[69.5195,40.772],[69.5238,40.7717],[69.5249,40.7716],[69.5281,40.7712],[69.5305,40.7688],[69.5324,40.768],[69.5349,40.7673],[69.5362,40.7666],[69.5379,40.7657],[69.5428,40.7641],[69.545,40.7632],[69.5473,40.763],[69.5501,40.761],[69.5529,40.7581],[69.5543,40.7561],[69.5573,40.7544],[69.56,40.7503],[69.5671,40.7426],[69.5706,40.7374],[69.574,40.734],[69.5755,40.7316],[69.5737,40.7302],[69.5733,40.7295],[69.5735,40.7278],[69.574,40.7267],[69.5738,40.7256],[69.5738,40.7251],[69.5738,40.7246],[69.5737,40.7243],[69.5738,40.7238],[69.5739,40.7232],[69.5741,40.7226],[69.574,40.7218],[69.5743,40.7213],[69.5746,40.7206],[69.5743,40.7203],[69.5748,40.7195],[69.5753,40.7187],[69.5758,40.718],[69.5762,40.7179],[69.5771,40.717],[69.5781,40.7162],[69.5784,40.7159],[69.5784,40.7156],[69.5785,40.7154],[69.579,40.7151],[69.5791,40.7149],[69.5787,40.7139],[69.5788,40.7136],[69.5789,40.7134],[69.579,40.7131],[69.5792,40.713],[69.5792,40.7129],[69.5794,40.713],[69.5815,40.7119],[69.5821,40.7115],[69.5826,40.711],[69.5827,40.7104],[69.5824,40.7083],[69.5826,40.7076],[69.5825,40.7067],[69.5825,40.7057],[69.5831,40.7046],[69.5838,40.7041],[69.5845,40.7034],[69.5853,40.7027],[69.5859,40.7024],[69.5876,40.7019],[69.5878,40.7017],[69.5879,40.7016],[69.5879,40.7013],[69.5886,40.7005],[69.5889,40.7003],[69.5894,40.6997],[69.5902,40.6995],[69.5905,40.6994],[69.591,40.6993],[69.5918,40.6988],[69.5919,40.6986],[69.592,40.6985],[69.5926,40.698],[69.5934,40.6973],[69.5945,40.6971],[69.5952,40.6967],[69.596,40.6963],[69.5967,40.6961],[69.5973,40.6959],[69.5989,40.6958],[69.5994,40.6958],[69.6003,40.6955],[69.6008,40.6953],[69.6011,40.6951],[69.6015,40.6949],[69.6017,40.6948],[69.6031,40.6946],[69.6034,40.6944],[69.6049,40.6932],[69.6052,40.6918],[69.6089,40.691],[69.6126,40.6908],[69.615,40.6904],[69.6172,40.6884],[69.6178,40.6856],[69.6198,40.6842],[69.6212,40.6826],[69.6233,40.6796],[69.6253,40.6763],[69.6271,40.6763],[69.6313,40.6753],[69.6366,40.6732],[69.6404,40.6743],[69.6427,40.6746],[69.6433,40.6748],[69.6447,40.6742],[69.6487,40.6733],[69.6517,40.6711],[69.6522,40.6704],[69.6523,40.669],[69.6532,40.6657],[69.6557,40.664],[69.6584,40.6624],[69.6623,40.6576],[69.6628,40.6559],[69.6638,40.654],[69.6637,40.6528],[69.6633,40.6513],[69.6653,40.6505],[69.6665,40.649],[69.6665,40.6478],[69.6663,40.6421],[69.6666,40.6388],[69.6693,40.6341],[69.6722,40.634],[69.6734,40.634],[69.6785,40.6326],[69.6853,40.6327],[69.6888,40.6316],[69.6898,40.6304],[69.6927,40.6299],[69.6954,40.63],[69.6973,40.6292],[69.698,40.6284],[69.6984,40.6275],[69.7003,40.6274],[69.701,40.6274],[69.7032,40.6281],[69.7056,40.6283],[69.709,40.6286],[69.7121,40.6305],[69.7137,40.6305],[69.7154,40.6305],[69.7196,40.6288],[69.7205,40.6287],[69.7257,40.6308],[69.728,40.6333],[69.7322,40.6342],[69.7349,40.6351],[69.7366,40.6372],[69.7387,40.639],[69.74,40.6408],[69.7422,40.6419],[69.7423,40.6423],[69.7453,40.6436],[69.749,40.6452],[69.7498,40.6451],[69.7513,40.6447],[69.7539,40.6435],[69.7583,40.6452],[69.7615,40.6483],[69.7649,40.6516],[69.7634,40.6539],[69.7632,40.655],[69.7631,40.6561],[69.7621,40.6578],[69.7617,40.6593],[69.7627,40.6607],[69.7637,40.661],[69.7654,40.6618],[69.7671,40.6628],[69.7702,40.6644],[69.774,40.6696],[69.7749,40.675],[69.7799,40.6786],[69.7817,40.6832],[69.7844,40.6844],[69.7896,40.6895],[69.7902,40.6906],[69.79,40.6926],[69.7906,40.6948],[69.7914,40.6979],[69.7923,40.6995],[69.7932,40.7016],[69.7978,40.7029],[69.8045,40.7044],[69.8081,40.7046],[69.8106,40.7066],[69.815,40.7073],[69.816,40.7073],[69.8192,40.7059],[69.8201,40.7058],[69.8225,40.7021],[69.8249,40.7007],[69.8287,40.7009],[69.8308,40.7009],[69.8325,40.7011],[69.8351,40.6997],[69.8389,40.7026],[69.8398,40.7055],[69.8414,40.7066],[69.8467,40.7083],[69.8481,40.709],[69.851,40.7099],[69.8522,40.7101],[69.8566,40.7108],[69.8576,40.7117],[69.8595,40.7129],[69.8615,40.7132],[69.8653,40.7142],[69.8657,40.7148],[69.8692,40.7144],[69.8727,40.7152],[69.8752,40.7167],[69.8787,40.7184],[69.8809,40.7203],[69.8819,40.7221],[69.8841,40.7224],[69.8858,40.7233],[69.8899,40.7256],[69.8915,40.7217],[69.8956,40.7198],[69.8977,40.7199],[69.9001,40.72],[69.9034,40.721],[69.905,40.7206],[69.907,40.7198],[69.9088,40.7203],[69.911,40.7207],[69.9141,40.7206],[69.9162,40.7205],[69.9174,40.7204],[69.9224,40.7198],[69.9247,40.7189],[69.9263,40.7184],[69.9315,40.7166],[69.935,40.7177],[69.939,40.7187],[69.9406,40.7193],[69.9473,40.7246],[69.951,40.7258],[69.9528,40.7258],[69.9567,40.7257],[69.9585,40.7257],[69.9591,40.7257],[69.9615,40.7258],[69.9623,40.7274],[69.9635,40.732],[69.9658,40.7327],[69.9676,40.7339],[69.969,40.7355],[69.9717,40.7367],[69.9739,40.7389],[69.9793,40.7376],[69.9815,40.7374],[69.9827,40.7377],[69.9845,40.738],[69.986,40.7381],[69.9895,40.7373],[69.993,40.7364],[69.9982,40.7355],[70.0013,40.7358],[70.0044,40.7357],[70.0065,40.736],[70.0085,40.7368],[70.0114,40.7375],[70.013,40.7389],[70.0153,40.7407],[70.0161,40.7409],[70.0166,40.7412],[70.0192,40.7426],[70.0214,40.7433],[70.0219,40.7433],[70.024,40.7433],[70.0271,40.744],[70.0296,40.7441],[70.0321,40.7449],[70.0335,40.7457],[70.0355,40.7471],[70.0363,40.7482],[70.0372,40.7493],[70.038,40.7506],[70.0391,40.7532],[70.0407,40.7534],[70.0421,40.7533],[70.0434,40.7532],[70.0444,40.7533],[70.0472,40.753],[70.0481,40.7532],[70.0502,40.7536],[70.0521,40.7545],[70.0542,40.7551],[70.055,40.7555],[70.058,40.7556],[70.0607,40.7555],[70.0657,40.7548],[70.0682,40.7552],[70.0702,40.7574],[70.0712,40.7583],[70.0756,40.761],[70.0782,40.763],[70.0811,40.7662],[70.0822,40.7692],[70.0846,40.7699],[70.0867,40.7711],[70.0884,40.7726],[70.0909,40.774],[70.0923,40.775],[70.0943,40.7768],[70.0957,40.7784],[70.0984,40.7816],[70.1005,40.7826],[70.1015,40.783],[70.1025,40.7831],[70.1027,40.7832],[70.105,40.783],[70.1069,40.784],[70.1073,40.7841],[70.1095,40.7849],[70.1111,40.7859],[70.1137,40.7871],[70.1143,40.7884],[70.1142,40.7892],[70.1145,40.7908],[70.1147,40.7913],[70.1157,40.7937],[70.1166,40.7949],[70.117,40.7956],[70.1178,40.7961],[70.1194,40.7971],[70.1211,40.7989],[70.1211,40.8009],[70.1223,40.8042],[70.1244,40.8074],[70.124,40.8093],[70.1222,40.8101],[70.1207,40.8145],[70.1201,40.8153],[70.1205,40.8163],[70.1238,40.8189],[70.1264,40.8214],[70.1274,40.8221],[70.1313,40.8222],[70.1329,40.8223],[70.135,40.8231],[70.1387,40.8236],[70.1424,40.8244],[70.1441,40.8264],[70.1443,40.8264],[70.1491,40.8289],[70.1518,40.8307],[70.153,40.831],[70.1553,40.8316],[70.1591,40.8336],[70.1602,40.8339],[70.1627,40.8342],[70.1658,40.8341],[70.1666,40.8341],[70.1714,40.8332],[70.1738,40.8322],[70.1747,40.8323],[70.176,40.8329],[70.1812,40.8338],[70.1825,40.8326],[70.184,40.831],[70.1866,40.8302],[70.188,40.8299],[70.1899,40.829],[70.1934,40.8275],[70.196,40.8258],[70.1998,40.8235],[70.2013,40.8222],[70.2033,40.8236],[70.2062,40.8248],[70.2076,40.8255],[70.2084,40.8259],[70.2118,40.8273],[70.2127,40.8277],[70.2137,40.8281],[70.2152,40.8281],[70.2161,40.8279],[70.217,40.828],[70.2176,40.8281],[70.2191,40.8285],[70.2211,40.8302],[70.2228,40.8319],[70.2247,40.8327],[70.2276,40.8344],[70.2313,40.836],[70.2337,40.8365],[70.2357,40.8374],[70.2371,40.8384],[70.2376,40.8388],[70.2405,40.8393],[70.2437,40.8398],[70.2445,40.8399],[70.2463,40.8411],[70.2502,40.8427],[70.2577,40.8466],[70.259,40.8473],[70.2602,40.8481],[70.2635,40.8497],[70.2664,40.8502],[70.2676,40.8515],[70.2693,40.8551],[70.2716,40.8592],[70.2717,40.8622],[70.2718,40.8631],[70.2727,40.8644],[70.2734,40.8654],[70.2744,40.8668],[70.2753,40.8673],[70.2765,40.868],[70.2776,40.8696],[70.2784,40.8711],[70.2809,40.8716],[70.2814,40.8718],[70.2822,40.8723],[70.2831,40.8725],[70.2852,40.8734],[70.2864,40.8747],[70.2897,40.8755],[70.2907,40.8755],[70.2959,40.8757],[70.3001,40.8765],[70.3007,40.8767],[70.3025,40.877],[70.307,40.8793],[70.3082,40.8796],[70.3093,40.8798],[70.3116,40.8809],[70.3143,40.8832],[70.3158,40.8835],[70.3174,40.8833],[70.3216,40.8838],[70.3246,40.8856],[70.3255,40.8863],[70.3264,40.8865],[70.3278,40.8867],[70.3292,40.8865],[70.331,40.8849],[70.332,40.8838],[70.3351,40.882],[70.3371,40.8831],[70.3391,40.8839],[70.3438,40.8849],[70.3454,40.8863],[70.347,40.8865],[70.3488,40.8869],[70.3495,40.887],[70.3523,40.8879],[70.355,40.889],[70.3589,40.8917],[70.3617,40.8936],[70.3629,40.8942],[70.3678,40.8967],[70.3714,40.8979],[70.3718,40.898],[70.3722,40.8995],[70.3729,40.9027],[70.3734,40.9049],[70.3743,40.9065],[70.375,40.9079],[70.376,40.9094],[70.3768,40.9115],[70.3777,40.9134],[70.3782,40.9153],[70.3785,40.9163],[70.3793,40.9181],[70.3791,40.9189],[70.3779,40.9204],[70.3755,40.9231],[70.3757,40.9261],[70.3752,40.928],[70.374,40.9332],[70.3734,40.9348],[70.3723,40.9379],[70.3714,40.9405],[70.3709,40.9419],[70.3709,40.9421],[70.3706,40.9433],[70.3715,40.9437],[70.3746,40.9447],[70.3771,40.9454],[70.3803,40.9457],[70.3816,40.9463],[70.3836,40.9479],[70.3859,40.9498],[70.3873,40.9515],[70.3884,40.9535],[70.3875,40.9557],[70.387,40.9583],[70.3877,40.9606],[70.3885,40.964],[70.3889,40.9671],[70.3889,40.9701],[70.388,40.9741],[70.3863,40.9747],[70.3854,40.9755],[70.3842,40.9765],[70.3831,40.9786],[70.3829,40.9793],[70.3827,40.9802],[70.3823,40.9839],[70.3808,40.9903],[70.3802,40.9926],[70.3796,40.9934],[70.3766,40.9962],[70.3757,41.001],[70.3746,41.0029],[70.378,41.0055],[70.3803,41.007],[70.3855,41.0098],[70.3888,41.013],[70.3908,41.015],[70.3903,41.0169],[70.3921,41.0208],[70.3942,41.0236],[70.3957,41.0269],[70.3998,41.0268],[70.4008,41.0268],[70.404,41.0294],[70.4049,41.0297],[70.408,41.0309],[70.4108,41.0323],[70.4138,41.0345],[70.4184,41.0344],[70.4214,41.0344],[70.4263,41.0358],[70.4276,41.0362],[70.43,41.0371],[70.4329,41.039],[70.4349,41.0405],[70.4381,41.0421],[70.4415,41.0438],[70.4449,41.0451],[70.4485,41.0432],[70.4494,41.0422],[70.4516,41.0386],[70.4587,41.0368],[70.4621,41.0394],[70.4624,41.0395],[70.4656,41.0405],[70.4679,41.0416],[70.4694,41.0419],[70.4725,41.0413],[70.4749,41.0441],[70.475,41.0453],[70.4767,41.0494],[70.4772,41.0514],[70.4781,41.0531],[70.4799,41.0565],[70.4814,41.0589],[70.484,41.0608],[70.4849,41.0621],[70.4868,41.0664],[70.4889,41.0679],[70.4902,41.0704],[70.4904,41.0707],[70.4923,41.073],[70.4925,41.0736],[70.4932,41.0744],[70.4945,41.077],[70.497,41.0794],[70.4975,41.083],[70.4975,41.0832],[70.4975,41.0854],[70.4974,41.0858],[70.4966,41.0878],[70.4959,41.0889],[70.4988,41.0902],[70.5012,41.0907],[70.5014,41.0907],[70.5022,41.091],[70.5064,41.0935],[70.5088,41.0946],[70.5156,41.0957],[70.5193,41.0971],[70.4993,41.1092],[70.4838,41.1215],[70.4641,41.1298],[70.4557,41.1345],[70.4448,41.1429],[70.4382,41.1536],[70.4515,41.1627],[70.4506,41.1692],[70.4349,41.184],[70.4354,41.1968],[70.4262,41.2079],[70.4272,41.2338],[70.4379,41.2466],[70.4403,41.2498],[70.4463,41.2532],[70.449,41.2592],[70.4489,41.2608],[70.4473,41.2619],[70.4385,41.2616],[70.4309,41.262],[70.4202,41.2659],[70.4056,41.2624],[70.4019,41.2626],[70.3983,41.2626],[70.3965,41.2626],[70.3948,41.262],[70.3909,41.2617],[70.3884,41.2609],[70.3881,41.2658],[70.3879,41.2675],[70.3883,41.2693],[70.3876,41.2724],[70.3876,41.2751],[70.3884,41.2782],[70.3883,41.2811],[70.3888,41.2849],[70.3889,41.2857],[70.3882,41.29],[70.3895,41.292],[70.3896,41.2922],[70.3942,41.2969],[70.3935,41.2992],[70.3934,41.3042],[70.3943,41.3073],[70.3989,41.3102],[70.4016,41.3126],[70.4029,41.3114],[70.4046,41.3103],[70.4054,41.3099],[70.4083,41.3088],[70.4123,41.3079],[70.415,41.3076],[70.4167,41.3084],[70.4184,41.3111],[70.4198,41.3127],[70.421,41.3135],[70.4243,41.3151],[70.4279,41.3168],[70.4285,41.3174],[70.4319,41.3184],[70.433,41.3207],[70.4333,41.3213],[70.4359,41.3242],[70.4386,41.3267],[70.4452,41.3301],[70.4466,41.3316],[70.447,41.3327],[70.4482,41.3343],[70.4494,41.3351],[70.4511,41.3361],[70.4524,41.3373],[70.4546,41.3407],[70.4576,41.3423],[70.4621,41.3446],[70.465,41.3454],[70.4668,41.3459],[70.4704,41.3478],[70.4717,41.3508],[70.4724,41.3519],[70.4725,41.3535],[70.4725,41.3554],[70.4727,41.3561],[70.474,41.3573],[70.4758,41.3585],[70.4747,41.3613],[70.474,41.3648],[70.4804,41.3709],[70.482,41.3734],[70.4873,41.3764],[70.4915,41.3866],[70.4902,41.3878],[70.4894,41.3896],[70.4926,41.3929],[70.4933,41.396],[70.4944,41.3967],[70.4953,41.3975]],[[69.1219,41.2655],[69.1219,41.2665],[69.1221,41.2669],[69.1227,41.2677],[69.1229,41.2679],[69.1229,41.2686],[69.1229,41.2692],[69.1228,41.2696],[69.1228,41.2698],[69.1229,41.2699],[69.1231,41.27],[69.1236,41.2701],[69.1242,41.2701],[69.1247,41.27],[69.1251,41.27],[69.1253,41.2701],[69.1255,41.2703],[69.1256,41.2706],[69.1257,41.2708],[69.1257,41.2712],[69.1256,41.2715],[69.1256,41.2717],[69.1256,41.2719],[69.1257,41.2722],[69.1264,41.2727],[69.1268,41.2729],[69.1272,41.2734],[69.1274,41.2736],[69.1277,41.2738],[69.1282,41.2741],[69.1283,41.2745],[69.1284,41.2751],[69.1283,41.2753],[69.1284,41.2755],[69.1285,41.2757],[69.1288,41.2761],[69.1296,41.2766],[69.13,41.2769],[69.1304,41.2772],[69.1306,41.2774],[69.1307,41.2776],[69.1307,41.2778],[69.1309,41.2781],[69.131,41.2783],[69.1311,41.2784],[69.1312,41.2786],[69.1313,41.2787],[69.1315,41.2789],[69.1318,41.279],[69.1322,41.2791],[69.1326,41.279],[69.133,41.2788],[69.1332,41.2788],[69.1334,41.2789],[69.1335,41.2789],[69.1335,41.279],[69.1335,41.2791],[69.1333,41.2793],[69.133,41.2801],[69.1329,41.2803],[69.1331,41.2805],[69.1334,41.2808],[69.1338,41.2809],[69.1341,41.2811],[69.1342,41.2814],[69.1343,41.2817],[69.1344,41.2821],[69.1342,41.2824],[69.1343,41.2827],[69.1344,41.2829],[69.1345,41.2832],[69.1349,41.2835],[69.135,41.2838],[69.1349,41.2841],[69.1347,41.2844],[69.1344,41.2845],[69.134,41.285],[69.1335,41.2855],[69.1331,41.286],[69.1327,41.2865],[69.1324,41.2869],[69.1319,41.2874],[69.1319,41.2876],[69.132,41.2878],[69.1321,41.288],[69.1324,41.2882],[69.1329,41.2885],[69.1332,41.2886],[69.1334,41.2887],[69.1335,41.2887],[69.1337,41.2887],[69.1339,41.2887],[69.134,41.2887],[69.1341,41.2888],[69.1341,41.289],[69.1341,41.2891],[69.1341,41.2892],[69.1339,41.2894],[69.1338,41.2895],[69.1337,41.2897],[69.1338,41.2898],[69.134,41.2898],[69.1342,41.2899],[69.1346,41.29],[69.1349,41.2902],[69.135,41.2905],[69.1351,41.2907],[69.1352,41.2908],[69.1355,41.2909],[69.1358,41.2908],[69.136,41.2908],[69.1362,41.2909],[69.1365,41.2912],[69.1367,41.2914],[69.1368,41.2915],[69.1369,41.2917],[69.1375,41.292],[69.1383,41.2924],[69.1384,41.2927],[69.1385,41.2931],[69.1386,41.2935],[69.1387,41.2938],[69.1388,41.2939],[69.1387,41.2941],[69.1385,41.2943],[69.1384,41.2945],[69.1384,41.2947],[69.1385,41.2949],[69.1386,41.295],[69.1392,41.2951],[69.1393,41.2952],[69.1394,41.2952],[69.1396,41.2953],[69.1397,41.2955],[69.1398,41.2957],[69.1399,41.2958],[69.14,41.2958],[69.1401,41.2959],[69.1402,41.2959],[69.1402,41.296],[69.1402,41.2962],[69.1401,41.2964],[69.1402,41.2965],[69.1404,41.2967],[69.1409,41.2967],[69.1409,41.2967],[69.141,41.2967],[69.1411,41.2968],[69.1412,41.2969],[69.1412,41.297],[69.1413,41.297],[69.1414,41.2971],[69.1415,41.2973],[69.1416,41.2975],[69.1417,41.2978],[69.1418,41.2981],[69.142,41.2983],[69.1422,41.2984],[69.1425,41.2986],[69.1427,41.2987],[69.1429,41.2988],[69.143,41.299],[69.1431,41.2993],[69.1429,41.2995],[69.1429,41.2997],[69.1429,41.2998],[69.143,41.3],[69.1432,41.3001],[69.1434,41.3002],[69.1437,41.3002],[69.144,41.3002],[69.1443,41.3003],[69.1449,41.3006],[69.145,41.301],[69.145,41.3012],[69.1447,41.3014],[69.1447,41.3017],[69.1449,41.302],[69.145,41.3022],[69.1453,41.3028],[69.1455,41.3028],[69.1458,41.3029],[69.146,41.303],[69.1461,41.3032],[69.1465,41.3038],[69.1468,41.3039],[69.1472,41.3039],[69.1476,41.3041],[69.1479,41.3043],[69.1485,41.3051],[69.1487,41.3056],[69.1487,41.3057],[69.1488,41.3059],[69.1487,41.3066],[69.1487,41.3068],[69.1488,41.307],[69.1489,41.3072],[69.1489,41.3074],[69.1489,41.3076],[69.1491,41.3082],[69.149,41.3085],[69.1487,41.3089],[69.1487,41.3091],[69.1485,41.3094],[69.1485,41.3096],[69.1485,41.3098],[69.1484,41.3099],[69.1483,41.31],[69.1481,41.31],[69.1479,41.31],[69.1477,41.31],[69.1476,41.3099],[69.1473,41.3101],[69.1473,41.3103],[69.1474,41.3108],[69.1476,41.3112],[69.1479,41.3113],[69.1481,41.3114],[69.1481,41.3116],[69.1481,41.3117],[69.1481,41.3118],[69.1479,41.3118],[69.1477,41.3117],[69.1476,41.3118],[69.1475,41.3119],[69.1475,41.3121],[69.1474,41.3124],[69.1471,41.313],[69.1469,41.3132],[69.1466,41.3134],[69.1466,41.3135],[69.1466,41.3137],[69.1467,41.3137],[69.147,41.3137],[69.1471,41.3136],[69.1473,41.3132],[69.1474,41.3132],[69.1475,41.3132],[69.1475,41.3131],[69.1475,41.3131],[69.1476,41.3132],[69.1477,41.3132],[69.1478,41.3133],[69.1478,41.3134],[69.1479,41.3134],[69.1481,41.3137],[69.1482,41.3137],[69.1483,41.3138],[69.1483,41.3138],[69.1483,41.3139],[69.1483,41.3142],[69.1483,41.3145],[69.1485,41.3148],[69.1488,41.3151],[69.1491,41.3152],[69.1493,41.3154],[69.1495,41.3155],[69.1497,41.3157],[69.1498,41.3159],[69.1498,41.3161],[69.1501,41.3164],[69.1504,41.3169],[69.1506,41.3174],[69.1511,41.3181],[69.1515,41.3187],[69.1518,41.319],[69.1519,41.3193],[69.1519,41.3195],[69.1521,41.3197],[69.1523,41.32],[69.1526,41.3204],[69.1528,41.3205],[69.153,41.3205],[69.1532,41.3205],[69.1535,41.3206],[69.1538,41.3206],[69.1541,41.3205],[69.1543,41.3205],[69.1544,41.3207],[69.1543,41.3208],[69.1541,41.3209],[69.1539,41.3209],[69.1537,41.321],[69.1536,41.321],[69.1536,41.3211],[69.1537,41.3212],[69.1537,41.3212],[69.154,41.3214],[69.1543,41.3216],[69.1543,41.3219],[69.1545,41.3222],[69.1546,41.3223],[69.1546,41.3224],[69.1546,41.3224],[69.1545,41.3226],[69.1544,41.3228],[69.1538,41.3232],[69.1536,41.3234],[69.1536,41.3237],[69.1539,41.324],[69.1539,41.3241],[69.1539,41.3242],[69.154,41.3245],[69.154,41.3245],[69.154,41.3247],[69.1537,41.3249],[69.1535,41.3252],[69.1536,41.3253],[69.1536,41.3253],[69.1539,41.3254],[69.154,41.3254],[69.1541,41.3255],[69.1542,41.3256],[69.1544,41.3258],[69.1545,41.3258],[69.1547,41.3259],[69.1547,41.326],[69.1546,41.3262],[69.1545,41.3263],[69.1545,41.3264],[69.1545,41.3265],[69.1545,41.3266],[69.1546,41.3267],[69.1547,41.3268],[69.1547,41.3269],[69.1548,41.3271],[69.1549,41.3272],[69.155,41.3274],[69.1551,41.3274],[69.1552,41.3275],[69.1554,41.3274],[69.1556,41.3274],[69.1559,41.3273],[69.1562,41.3273],[69.1564,41.3272],[69.1566,41.3272],[69.1568,41.3273],[69.157,41.3274],[69.1572,41.3277],[69.1574,41.3278],[69.1575,41.3279],[69.1577,41.3281],[69.1578,41.3282],[69.1578,41.3283],[69.1579,41.3283],[69.158,41.3283],[69.1585,41.3282],[69.1586,41.3283],[69.1589,41.3285],[69.1591,41.3287],[69.1592,41.3289],[69.1594,41.3291],[69.1595,41.3292],[69.1594,41.3294],[69.1593,41.3295],[69.1592,41.3297],[69.1592,41.3301],[69.1591,41.3304],[69.1591,41.3307],[69.1595,41.3307],[69.1599,41.3307],[69.1616,41.3319],[69.1623,41.3331],[69.1633,41.3351],[69.1644,41.3424],[69.1646,41.3452],[69.165,41.3484],[69.1651,41.3484],[69.1657,41.3511],[69.1667,41.3538],[69.1689,41.3568],[69.1744,41.3616],[69.1827,41.3667],[69.2105,41.384],[69.2111,41.3855],[69.2113,41.3867],[69.2117,41.387],[69.2137,41.387],[69.2157,41.3874],[69.2225,41.3917],[69.228,41.3951],[69.2294,41.396],[69.2325,41.3977],[69.2342,41.3981],[69.2359,41.3985],[69.239,41.3986],[69.2563,41.3979],[69.2577,41.3979],[69.2592,41.3977],[69.2618,41.3971],[69.264,41.3961],[69.2651,41.3955],[69.2774,41.3876],[69.2781,41.3871],[69.2795,41.3861],[69.281,41.3852],[69.2823,41.3846],[69.2835,41.3842],[69.2851,41.3838],[69.2866,41.3837],[69.2882,41.3836],[69.2899,41.3837],[69.2902,41.3838],[69.2906,41.3838],[69.2974,41.3839],[69.3007,41.3839],[69.3035,41.3843],[69.308,41.3848],[69.3117,41.3851],[69.315,41.385],[69.317,41.3844],[69.3179,41.3839],[69.3185,41.3835],[69.3188,41.3828],[69.3194,41.3814],[69.3228,41.3737],[69.3241,41.3708],[69.3246,41.3701],[69.326,41.369],[69.3356,41.3616],[69.3358,41.3614],[69.3383,41.3596],[69.3435,41.3562],[69.344,41.3561],[69.345,41.356],[69.3471,41.3558],[69.3483,41.3555],[69.3498,41.355],[69.351,41.3547],[69.3529,41.3547],[69.3545,41.355],[69.3555,41.3553],[69.3566,41.3558],[69.3577,41.3566],[69.3591,41.3582],[69.3617,41.3614],[69.3627,41.3622],[69.3638,41.3625],[69.3648,41.3626],[69.3699,41.3619],[69.373,41.3615],[69.3754,41.3613],[69.3774,41.3616],[69.3798,41.3625],[69.3837,41.3638],[69.386,41.3647],[69.3893,41.3658],[69.3914,41.3664],[69.3922,41.3671],[69.3926,41.3662],[69.393,41.366],[69.3937,41.3656],[69.3944,41.3654],[69.3962,41.3677],[69.3983,41.367],[69.4029,41.3697],[69.4045,41.3678],[69.4007,41.366],[69.4008,41.3624],[69.3981,41.3609],[69.3959,41.3607],[69.3954,41.3575],[69.3954,41.3567],[69.3953,41.3561],[69.3952,41.356],[69.3949,41.3549],[69.3953,41.3544],[69.3963,41.355],[69.3971,41.3547],[69.3973,41.3547],[69.3975,41.3549],[69.3982,41.355],[69.3985,41.3555],[69.3988,41.3556],[69.3995,41.3548],[69.4005,41.3536],[69.401,41.353],[69.4012,41.3527],[69.4015,41.3524],[69.4019,41.3517],[69.4022,41.3513],[69.4025,41.3507],[69.406,41.3463],[69.4072,41.3449],[69.4076,41.344],[69.395,41.3391],[69.3929,41.3421],[69.3871,41.3398],[69.3857,41.341],[69.3849,41.3411],[69.3845,41.3412],[69.3805,41.3416],[69.3805,41.3403],[69.3799,41.3392],[69.3789,41.338],[69.3789,41.3376],[69.3792,41.3362],[69.3792,41.3348],[69.3778,41.3332],[69.3764,41.3316],[69.3753,41.3306],[69.3742,41.3296],[69.3624,41.3208],[69.3584,41.3179],[69.3522,41.314],[69.3512,41.3133],[69.3502,41.3126],[69.35,41.31],[69.3488,41.3075],[69.3601,41.3056],[69.3601,41.3054],[69.3603,41.3051],[69.3604,41.3047],[69.3604,41.3046],[69.3605,41.3044],[69.3601,41.3039],[69.3605,41.3031],[69.3609,41.3024],[69.3615,41.3018],[69.362,41.3016],[69.3618,41.3012],[69.3626,41.3008],[69.3632,41.3001],[69.3641,41.3001],[69.3665,41.3004],[69.3667,41.3005],[69.3693,41.3008],[69.3692,41.3012],[69.3692,41.3012],[69.37,41.3014],[69.371,41.3016],[69.375,41.3022],[69.3747,41.3048],[69.3783,41.3051],[69.3798,41.3057],[69.3806,41.306],[69.3821,41.3048],[69.3797,41.3036],[69.3772,41.3025],[69.3759,41.3015],[69.3746,41.3007],[69.3693,41.299],[69.3667,41.2976],[69.3707,41.2931],[69.3731,41.2921],[69.3731,41.2906],[69.377,41.2896],[69.3773,41.2865],[69.3717,41.2848],[69.3745,41.2796],[69.3743,41.2781],[69.3844,41.2707],[69.3901,41.2665],[69.3959,41.266],[69.3978,41.2655],[69.3979,41.2648],[69.3968,41.2632],[69.3841,41.2545],[69.3928,41.2476],[69.3935,41.2455],[69.3936,41.2439],[69.3925,41.2421],[69.3874,41.2389],[69.3837,41.242],[69.3829,41.2428],[69.3829,41.2429],[69.3819,41.2425],[69.3815,41.2425],[69.3797,41.2428],[69.379,41.2429],[69.3785,41.2429],[69.3764,41.2424],[69.3742,41.2434],[69.3756,41.2462],[69.3751,41.2462],[69.3747,41.2461],[69.3745,41.2462],[69.373,41.247],[69.3685,41.2435],[69.3656,41.2437],[69.3652,41.2437],[69.3645,41.2435],[69.3579,41.2392],[69.3517,41.2336],[69.3504,41.2317],[69.349,41.2255],[69.3479,41.2251],[69.3464,41.2246],[69.3459,41.2253],[69.3446,41.2255],[69.3447,41.2263],[69.3434,41.2277],[69.3426,41.2276],[69.3416,41.2287],[69.3408,41.2284],[69.3404,41.2284],[69.3393,41.2278],[69.3392,41.2275],[69.3392,41.2272],[69.3394,41.227],[69.3394,41.2266],[69.3389,41.2258],[69.3385,41.2254],[69.3376,41.2252],[69.3368,41.2245],[69.335,41.2239],[69.3349,41.2235],[69.3342,41.2234],[69.3339,41.2233],[69.3339,41.2235],[69.3339,41.2237],[69.334,41.224],[69.3344,41.2245],[69.3348,41.225],[69.3351,41.2253],[69.3352,41.2257],[69.3342,41.2257],[69.3337,41.2257],[69.333,41.2259],[69.3323,41.2259],[69.3321,41.2259],[69.3321,41.2259],[69.3314,41.2259],[69.3308,41.226],[69.3306,41.2255],[69.3305,41.2255],[69.3304,41.2252],[69.3297,41.2235],[69.3271,41.2241],[69.3254,41.2226],[69.324,41.221],[69.3228,41.2201],[69.3222,41.2214],[69.3212,41.2245],[69.3204,41.2235],[69.3188,41.2216],[69.3173,41.2198],[69.3169,41.2195],[69.311,41.2154],[69.3102,41.2151],[69.3087,41.2145],[69.3026,41.2124],[69.3019,41.2122],[69.3011,41.2118],[69.2972,41.2094],[69.296,41.2086],[69.2952,41.2081],[69.295,41.208],[69.2929,41.2082],[69.2928,41.2082],[69.2923,41.2082],[69.2919,41.2079],[69.2911,41.2071],[69.2908,41.2067],[69.2904,41.2063],[69.2893,41.2058],[69.2888,41.2056],[69.2884,41.2056],[69.2875,41.2051],[69.2862,41.2048],[69.2834,41.2048],[69.2813,41.2044],[69.2804,41.2035],[69.2638,41.1967],[69.2606,41.1944],[69.2586,41.1928],[69.2568,41.1919],[69.2563,41.1917],[69.2574,41.1909],[69.2587,41.1897],[69.2595,41.1889],[69.2602,41.1879],[69.261,41.1867],[69.2614,41.1856],[69.2618,41.184],[69.2596,41.1706],[69.2488,41.1711],[69.2486,41.1706],[69.2479,41.1706],[69.2405,41.171],[69.24,41.1707],[69.239,41.171],[69.2386,41.1708],[69.2382,41.1707],[69.2375,41.1702],[69.2366,41.1695],[69.2361,41.1691],[69.2321,41.1713],[69.231,41.1719],[69.2307,41.1723],[69.2267,41.1763],[69.2263,41.1768],[69.2262,41.1768],[69.2267,41.1776],[69.227,41.178],[69.2303,41.1809],[69.2317,41.182],[69.2321,41.183],[69.2323,41.1832],[69.2324,41.1837],[69.2326,41.1838],[69.2327,41.1841],[69.2328,41.1844],[69.2327,41.1849],[69.2329,41.1857],[69.2328,41.186],[69.2323,41.1862],[69.2323,41.1866],[69.2324,41.1869],[69.2328,41.1874],[69.2334,41.1882],[69.2333,41.1884],[69.2336,41.1891],[69.2337,41.1893],[69.2351,41.1906],[69.2351,41.1908],[69.2348,41.1908],[69.2337,41.1907],[69.2231,41.19],[69.2208,41.1898],[69.2141,41.1893],[69.2019,41.1886],[69.1966,41.1868],[69.1937,41.1832],[69.1798,41.1822],[69.1873,41.1917],[69.197,41.1955],[69.1988,41.1952],[69.2012,41.1966],[69.2012,41.1969],[69.2015,41.1973],[69.2033,41.1983],[69.2013,41.2034],[69.1913,41.2036],[69.1901,41.2053],[69.2057,41.2246],[69.2039,41.2275],[69.2027,41.2291],[69.2047,41.2306],[69.2124,41.2412],[69.2164,41.2449],[69.2177,41.2461],[69.217,41.2522],[69.217,41.2524],[69.2161,41.2523],[69.2157,41.2524],[69.2154,41.2518],[69.2154,41.2514],[69.2156,41.2509],[69.2157,41.2507],[69.2157,41.2506],[69.2157,41.2504],[69.2158,41.2503],[69.216,41.2501],[69.2161,41.2499],[69.216,41.2497],[69.2159,41.2495],[69.2158,41.2492],[69.2157,41.2488],[69.2155,41.2484],[69.2151,41.248],[69.2144,41.2478],[69.2139,41.2479],[69.2134,41.2477],[69.2129,41.2476],[69.2127,41.2475],[69.2126,41.2474],[69.2121,41.2471],[69.2112,41.2465],[69.2101,41.2458],[69.21,41.2457],[69.2097,41.2452],[69.2096,41.2451],[69.2096,41.2451],[69.2095,41.245],[69.2091,41.2449],[69.2089,41.2449],[69.2082,41.2448],[69.2078,41.2446],[69.2075,41.2445],[69.2074,41.2443],[69.2074,41.2442],[69.2074,41.2441],[69.2074,41.2439],[69.2076,41.2437],[69.2077,41.2435],[69.2077,41.2434],[69.2076,41.2432],[69.2073,41.2428],[69.2071,41.2424],[69.207,41.2423],[69.2068,41.2422],[69.2068,41.2423],[69.2066,41.2423],[69.2061,41.2425],[69.206,41.2425],[69.2058,41.2425],[69.2054,41.2425],[69.2052,41.2426],[69.2049,41.2426],[69.2044,41.2425],[69.2044,41.2424],[69.2042,41.2422],[69.2038,41.2419],[69.2036,41.2415],[69.2037,41.2409],[69.2035,41.2407],[69.2031,41.2404],[69.2028,41.2402],[69.2027,41.2401],[69.2025,41.2401],[69.2024,41.2401],[69.2019,41.2404],[69.2017,41.2404],[69.2015,41.2403],[69.2013,41.2402],[69.2012,41.24],[69.2011,41.2399],[69.2012,41.2398],[69.2013,41.2396],[69.2013,41.2395],[69.2012,41.2394],[69.201,41.2392],[69.2009,41.2391],[69.2009,41.239],[69.2009,41.2389],[69.2014,41.2381],[69.2016,41.2381],[69.2017,41.2379],[69.2016,41.2377],[69.2014,41.2375],[69.2012,41.2373],[69.201,41.2371],[69.2007,41.2371],[69.2005,41.2371],[69.1999,41.2368],[69.1999,41.2367],[69.2,41.2365],[69.2005,41.2362],[69.2008,41.2356],[69.2008,41.2353],[69.2007,41.2351],[69.2005,41.235],[69.2003,41.2349],[69.1998,41.2346],[69.1995,41.2343],[69.1994,41.2342],[69.1993,41.2341],[69.1992,41.2341],[69.199,41.2342],[69.1987,41.2343],[69.1983,41.2342],[69.1981,41.2342],[69.1979,41.234],[69.1978,41.2339],[69.1978,41.2338],[69.1978,41.2337],[69.1982,41.2334],[69.1983,41.2333],[69.1982,41.2331],[69.1981,41.2328],[69.1979,41.2326],[69.1976,41.2325],[69.197,41.2324],[69.1966,41.2323],[69.1965,41.2323],[69.1964,41.2322],[69.1964,41.2321],[69.1965,41.232],[69.1965,41.2319],[69.1958,41.2312],[69.1951,41.2308],[69.1949,41.2307],[69.1946,41.2307],[69.1943,41.2306],[69.1943,41.2305],[69.1943,41.2304],[69.1943,41.2304],[69.1944,41.2303],[69.1944,41.2302],[69.1945,41.2301],[69.1945,41.23],[69.1943,41.2298],[69.1942,41.2296],[69.1943,41.2295],[69.1944,41.2293],[69.1944,41.2292],[69.1944,41.2289],[69.1943,41.2287],[69.1942,41.2285],[69.194,41.2284],[69.1936,41.2284],[69.1931,41.2283],[69.193,41.2283],[69.193,41.2283],[69.1929,41.2282],[69.1929,41.2282],[69.193,41.2282],[69.1935,41.2276],[69.1935,41.2276],[69.1935,41.2275],[69.1934,41.2274],[69.1926,41.2273],[69.1925,41.2272],[69.1926,41.227],[69.1926,41.2267],[69.1926,41.2266],[69.1925,41.2266],[69.1915,41.2263],[69.1911,41.2262],[69.1911,41.2261],[69.1912,41.226],[69.1913,41.2259],[69.1914,41.2256],[69.1916,41.2255],[69.1918,41.2253],[69.1917,41.2251],[69.1913,41.225],[69.1906,41.2246],[69.1904,41.2244],[69.1894,41.2241],[69.1889,41.2239],[69.1884,41.2239],[69.188,41.2239],[69.1878,41.2236],[69.188,41.2233],[69.1882,41.2231],[69.1884,41.2229],[69.1886,41.2227],[69.1889,41.2229],[69.1891,41.2228],[69.1891,41.2226],[69.1888,41.2223],[69.1881,41.2221],[69.1877,41.2222],[69.1874,41.2223],[69.1871,41.2224],[69.1868,41.2226],[69.1867,41.2226],[69.1866,41.2226],[69.1866,41.2226],[69.1865,41.2225],[69.1865,41.2224],[69.1865,41.2223],[69.1866,41.2222],[69.1867,41.2221],[69.1868,41.222],[69.1869,41.2219],[69.1871,41.2217],[69.1872,41.2216],[69.1873,41.2212],[69.1875,41.221],[69.1876,41.2208],[69.1876,41.2206],[69.1876,41.2206],[69.1875,41.2205],[69.1875,41.2205],[69.1873,41.2205],[69.1866,41.2207],[69.1863,41.2208],[69.1862,41.2208],[69.1861,41.2208],[69.186,41.2207],[69.1859,41.2207],[69.1859,41.2206],[69.1858,41.2204],[69.1858,41.2203],[69.1858,41.2201],[69.1859,41.22],[69.186,41.2197],[69.186,41.2196],[69.186,41.2195],[69.1859,41.2194],[69.1858,41.2192],[69.1858,41.2189],[69.1859,41.2186],[69.1861,41.2184],[69.1863,41.2184],[69.1864,41.2184],[69.1864,41.2183],[69.1865,41.2181],[69.1865,41.218],[69.1866,41.2179],[69.1868,41.2179],[69.187,41.2177],[69.187,41.2175],[69.187,41.2173],[69.1872,41.2172],[69.1878,41.217],[69.188,41.217],[69.1883,41.2169],[69.1883,41.2168],[69.1884,41.2167],[69.1884,41.2166],[69.1884,41.2165],[69.1882,41.2164],[69.188,41.2162],[69.1878,41.2159],[69.1878,41.2158],[69.1876,41.2158],[69.1875,41.2158],[69.1873,41.2158],[69.1871,41.216],[69.1869,41.2161],[69.1866,41.2162],[69.1864,41.2162],[69.1861,41.2162],[69.1858,41.216],[69.1856,41.216],[69.1856,41.2159],[69.1856,41.2158],[69.1858,41.2157],[69.1859,41.2155],[69.1861,41.2154],[69.1863,41.2151],[69.1862,41.2149],[69.186,41.2147],[69.1859,41.2145],[69.1858,41.2144],[69.1857,41.2143],[69.1854,41.2143],[69.1854,41.2142],[69.1853,41.2141],[69.1853,41.2139],[69.1856,41.2137],[69.1857,41.2135],[69.1857,41.2134],[69.1856,41.2132],[69.1855,41.213],[69.1854,41.2128],[69.1855,41.2127],[69.1856,41.2126],[69.1859,41.2125],[69.1861,41.2125],[69.1864,41.2125],[69.1866,41.2125],[69.1866,41.2123],[69.1864,41.2119],[69.1864,41.2118],[69.1865,41.2116],[69.1863,41.2114],[69.1861,41.2114],[69.1858,41.2115],[69.1856,41.2115],[69.1854,41.2115],[69.1854,41.2113],[69.1854,41.2111],[69.1853,41.211],[69.1852,41.2108],[69.1756,41.2147],[69.1736,41.2167],[69.1739,41.2175],[69.1755,41.2213],[69.1742,41.2216],[69.174,41.2218],[69.1744,41.2226],[69.1743,41.2227],[69.173,41.2239],[69.1721,41.2251],[69.1632,41.2352],[69.1645,41.2359],[69.1653,41.2371],[69.1654,41.2385],[69.1662,41.2397],[69.1664,41.2418],[69.1653,41.2449],[69.164,41.2489],[69.1626,41.251],[69.1612,41.2522],[69.1611,41.2522],[69.1605,41.2526],[69.1574,41.2546],[69.1552,41.2559],[69.1535,41.257],[69.1496,41.2599],[69.1487,41.2609],[69.1486,41.2611],[69.1479,41.262],[69.1471,41.264],[69.1468,41.2653],[69.1468,41.2681],[69.1467,41.27],[69.1465,41.2717],[69.1465,41.2726],[69.1464,41.2738],[69.1463,41.2753],[69.1463,41.2758],[69.1463,41.2765],[69.1463,41.2771],[69.1475,41.281],[69.147,41.2812],[69.1465,41.2812],[69.1458,41.2809],[69.1456,41.2807],[69.1453,41.2806],[69.1448,41.2805],[69.1443,41.2798],[69.1436,41.2791],[69.1432,41.2786],[69.1419,41.278],[69.1414,41.2778],[69.141,41.2779],[69.1409,41.2776],[69.1409,41.2773],[69.1409,41.277],[69.1408,41.2765],[69.1404,41.2759],[69.1399,41.2752],[69.1389,41.2746],[69.1374,41.2734],[69.1371,41.2731],[69.1361,41.2726],[69.1353,41.2723],[69.1347,41.2719],[69.1337,41.271],[69.1327,41.2701],[69.1319,41.2693],[69.1315,41.269],[69.1302,41.2686],[69.1284,41.2681],[69.1263,41.2674],[69.1253,41.2669],[69.1241,41.2673],[69.1236,41.2673],[69.1231,41.2671],[69.1229,41.2669],[69.1226,41.2665],[69.1226,41.2661],[69.1225,41.2657],[69.1219,41.2655]],[[69.4276,41.4004],[69.4297,41.4025],[69.4301,41.4025],[69.4305,41.4022],[69.4321,41.4029],[69.4303,41.4057],[69.4295,41.4062],[69.4291,41.4067],[69.4298,41.407],[69.4315,41.4074],[69.4348,41.4065],[69.4357,41.4053],[69.4338,41.4045],[69.4339,41.4039],[69.4333,41.4035],[69.4338,41.4029],[69.4335,41.4027],[69.4356,41.401],[69.4361,41.4012],[69.4408,41.4035],[69.439,41.4056],[69.4436,41.4077],[69.4441,41.4073],[69.4448,41.4069],[69.4468,41.4063],[69.451,41.4051],[69.4507,41.4047],[69.453,41.4044],[69.4549,41.4044],[69.4626,41.4087],[69.4623,41.4089],[69.4633,41.4096],[69.4637,41.4103],[69.4642,41.4106],[69.4645,41.4118],[69.4647,41.4121],[69.4717,41.4157],[69.4735,41.4146],[69.4644,41.4093],[69.4664,41.4076],[69.467,41.4079],[69.4679,41.4072],[69.4691,41.4071],[69.471,41.4081],[69.4716,41.4076],[69.4708,41.407],[69.4696,41.4057],[69.4682,41.4051],[69.4654,41.4039],[69.4609,41.402],[69.46,41.4017],[69.4573,41.4012],[69.456,41.4016],[69.453,41.4007],[69.4511,41.4004],[69.45,41.4],[69.4482,41.3994],[69.4414,41.3976],[69.4396,41.3975],[69.4387,41.3975],[69.4381,41.3976],[69.4338,41.3994],[69.433,41.3994],[69.4316,41.3993],[69.4303,41.399],[69.4291,41.3984],[69.4283,41.3985],[69.4284,41.3993],[69.4282,41.3992],[69.428,41.3996],[69.4282,41.3997],[69.4276,41.4004]]],[[[69.2141,41.2377],[69.2142,41.2365],[69.2151,41.235],[69.2169,41.2321],[69.2221,41.2238],[69.2226,41.2239],[69.2229,41.2239],[69.2233,41.2244],[69.2242,41.2248],[69.224,41.2258],[69.2244,41.2266],[69.2249,41.227],[69.2248,41.2273],[69.2252,41.2277],[69.2252,41.2279],[69.2257,41.2285],[69.2263,41.2292],[69.2271,41.2295],[69.2278,41.2304],[69.2284,41.2305],[69.2287,41.2311],[69.2285,41.2319],[69.2291,41.2324],[69.2301,41.2329],[69.2308,41.2333],[69.2309,41.2346],[69.2314,41.2354],[69.2321,41.2355],[69.2321,41.2357],[69.2423,41.2361],[69.2454,41.2155],[69.2621,41.2224],[69.2717,41.214],[69.2732,41.2149],[69.2755,41.2153],[69.2762,41.2158],[69.2779,41.2177],[69.2801,41.2183],[69.2865,41.2197],[69.2866,41.2197],[69.3018,41.2286],[69.3055,41.2299],[69.3078,41.2311],[69.3081,41.2318],[69.3091,41.2322],[69.3109,41.2324],[69.3122,41.2328],[69.317,41.2372],[69.321,41.2376],[69.3212,41.2378],[69.3168,41.2415],[69.3143,41.2434],[69.3129,41.2438],[69.3123,41.244],[69.3105,41.2441],[69.3016,41.2442],[69.2427,41.2443],[69.2408,41.2442],[69.2388,41.2441],[69.2352,41.244],[69.2291,41.2439],[69.2248,41.2437],[69.2223,41.2436],[69.2212,41.2435],[69.2204,41.2429],[69.2167,41.2409],[69.215,41.2394],[69.2145,41.2388],[69.2144,41.2386],[69.2141,41.2377]]]]}},{"type":"Feature","properties":{"shapeISO":"UZ-SI","shapeName":"Sirdaryo Region"},"geometry":{"type":"Polygon","coordinates":[[[68.6404,40.9448],[68.6354,40.9501],[68.6341,40.9522],[68.633,40.9539],[68.6318,40.9556],[68.6307,40.9573],[68.6286,40.9605],[68.6276,40.9626],[68.6272,40.9639],[68.6268,40.9653],[68.627,40.9667],[68.6277,40.9686],[68.6293,40.9703],[68.631,40.972],[68.6334,40.9733],[68.6375,40.9744],[68.6404,40.9749],[68.6435,40.975],[68.6463,40.9752],[68.6482,40.9754],[68.6508,40.9754],[68.6546,40.9757],[68.6595,40.9769],[68.6623,40.9779],[68.6672,40.9794],[68.6701,40.9808],[68.6722,40.9824],[68.6733,40.9838],[68.6736,40.9856],[68.6734,40.9876],[68.6724,40.9892],[68.6707,40.9909],[68.6686,40.9922],[68.6653,40.9937],[68.6622,40.9949],[68.6578,40.9956],[68.6543,40.9963],[68.6507,40.9967],[68.6471,40.9968],[68.6445,40.9969],[68.6404,40.9971],[68.6365,40.9969],[68.6332,40.9967],[68.6308,40.9969],[68.6285,40.9973],[68.6263,40.9982],[68.623,40.9999],[68.6194,41.0018],[68.6171,41.0037],[68.6135,41.0077],[68.6111,41.0102],[68.6108,41.0105],[68.6094,41.0119],[68.6091,41.0131],[68.6088,41.0143],[68.6089,41.016],[68.6089,41.0172],[68.6093,41.0204],[68.6094,41.0215],[68.6096,41.025],[68.6089,41.0275],[68.6079,41.0292],[68.606,41.0305],[68.6027,41.0313],[68.6008,41.0313],[68.5983,41.0311],[68.5953,41.0305],[68.5925,41.0299],[68.5895,41.0288],[68.586,41.0269],[68.5835,41.025],[68.5806,41.0225],[68.5786,41.0208],[68.5773,41.019],[68.5756,41.0162],[68.5732,41.0135],[68.5712,41.0117],[68.5686,41.0102],[68.5656,41.009],[68.5629,41.0078],[68.5592,41.007],[68.5553,41.0074],[68.5511,41.0088],[68.547,41.0104],[68.5433,41.0113],[68.5395,41.0119],[68.5363,41.0128],[68.534,41.014],[68.5333,41.0144],[68.5312,41.0162],[68.5285,41.014],[68.523,41.0147],[68.5135,41.0099],[68.5067,41.0032],[68.5045,40.9999],[68.5042,40.9971],[68.5043,40.9927],[68.5041,40.9907],[68.5032,40.9893],[68.5032,40.989],[68.5024,40.986],[68.502,40.9862],[68.5013,40.9851],[68.5002,40.9832],[68.4983,40.9812],[68.4973,40.9792],[68.4983,40.9734],[68.4652,40.963],[68.4646,40.9588],[68.4649,40.9581],[68.4649,40.9564],[68.4657,40.9552],[68.4664,40.9544],[68.4676,40.9537],[68.4716,40.9521],[68.4747,40.9513],[68.4766,40.9507],[68.4802,40.9513],[68.4829,40.9525],[68.4849,40.9553],[68.4893,40.9559],[68.4911,40.9562],[68.4965,40.9592],[68.5005,40.9583],[68.5065,40.9593],[68.5088,40.9605],[68.5095,40.9609],[68.51,40.9612],[68.5135,40.9626],[68.514,40.9625],[68.5144,40.9616],[68.5146,40.9614],[68.515,40.9604],[68.5148,40.9589],[68.5164,40.9571],[68.5168,40.9568],[68.517,40.9564],[68.5166,40.9551],[68.5162,40.9546],[68.5158,40.9541],[68.5158,40.9532],[68.5157,40.953],[68.5163,40.9521],[68.5172,40.9515],[68.5186,40.951],[68.5194,40.9508],[68.5201,40.9508],[68.5175,40.9477],[68.5175,40.9424],[68.5233,40.9426],[68.5409,40.9458],[68.5452,40.9457],[68.5488,40.9467],[68.5507,40.945],[68.5508,40.9442],[68.5522,40.9438],[68.5529,40.943],[68.5552,40.9425],[68.5562,40.9406],[68.5587,40.9379],[68.5624,40.9357],[68.568,40.9344],[68.5731,40.928],[68.5752,40.9266],[68.5791,40.925],[68.5812,40.9248],[68.5823,40.9248],[68.5826,40.9243],[68.5813,40.9227],[68.5807,40.9206],[68.5818,40.9175],[68.5811,40.9169],[68.5766,40.9064],[68.5767,40.8999],[68.5767,40.8969],[68.5817,40.8911],[68.5862,40.886],[68.5886,40.8777],[68.5905,40.8651],[68.5897,40.864],[68.5848,40.8571],[68.5796,40.8538],[68.5737,40.8512],[68.5693,40.85],[68.5674,40.8497],[68.5644,40.849],[68.564,40.8486],[68.5624,40.8414],[68.5623,40.8058],[68.5644,40.8029],[68.5656,40.801],[68.5682,40.7972],[68.5692,40.7959],[68.57,40.7949],[68.5729,40.7915],[68.5734,40.7909],[68.5773,40.7877],[68.578,40.7872],[68.5852,40.7814],[68.5855,40.781],[68.5858,40.7806],[68.5859,40.78],[68.5858,40.7754],[68.5856,40.7669],[68.5855,40.7632],[68.5854,40.7607],[68.5853,40.7581],[68.5851,40.7499],[68.5839,40.7083],[68.6092,40.7077],[68.6189,40.7],[68.6189,40.6979],[68.6341,40.6976],[68.6342,40.7005],[68.635,40.701],[68.6438,40.6941],[68.6439,40.6938],[68.6439,40.6935],[68.644,40.6922],[68.6439,40.6919],[68.6437,40.6917],[68.6363,40.6863],[68.6461,40.6861],[68.6463,40.686],[68.6463,40.6857],[68.6462,40.6825],[68.6463,40.6822],[68.6466,40.6822],[68.6469,40.6821],[68.6509,40.6821],[68.6511,40.6821],[68.6513,40.682],[68.6513,40.6818],[68.6512,40.6805],[68.6513,40.6803],[68.6515,40.6802],[68.6517,40.6802],[68.6533,40.6802],[68.6535,40.6802],[68.6536,40.6801],[68.6535,40.6799],[68.6489,40.6766],[68.6486,40.6763],[68.6484,40.6706],[68.6478,40.6495],[68.6426,40.6459],[68.6424,40.6382],[68.6372,40.6343],[68.6271,40.6346],[68.6218,40.6305],[68.6453,40.6175],[68.6537,40.6129],[68.6565,40.6106],[68.6585,40.6086],[68.6604,40.6057],[68.6631,40.5996],[68.6621,40.5992],[68.6413,40.5997],[68.6104,40.5771],[68.5818,40.5686],[68.5631,40.5792],[68.5575,40.579],[68.5543,40.5791],[68.5527,40.5789],[68.5353,40.5795],[68.5316,40.5834],[68.5252,40.5815],[68.5234,40.581],[68.5022,40.5797],[68.5003,40.5782],[68.4962,40.5751],[68.4948,40.574],[68.4927,40.5724],[68.4923,40.5729],[68.4908,40.5745],[68.4904,40.5749],[68.4902,40.5751],[68.4818,40.5838],[68.4795,40.5862],[68.479,40.5867],[68.4781,40.587],[68.4693,40.589],[68.4675,40.5893],[68.4654,40.5899],[68.4623,40.5907],[68.4595,40.5913],[68.455,40.5924],[68.4513,40.5932],[68.4428,40.5951],[68.4386,40.596],[68.4364,40.5966],[68.4353,40.5969],[68.4307,40.6004],[68.4271,40.6031],[68.4199,40.6083],[68.4183,40.6096],[68.4112,40.6147],[68.4102,40.6152],[68.4091,40.6154],[68.4074,40.6157],[68.4064,40.6159],[68.4008,40.6162],[68.3876,40.6172],[68.3711,40.6174],[68.3618,40.6223],[68.3037,40.6535],[68.2982,40.6564],[68.2971,40.6569],[68.277,40.6647],[68.2484,40.6758],[68.1977,40.5742],[68.1966,40.5599],[68.1666,40.5844],[68.1523,40.5459],[68.1456,40.5245],[68.1385,40.4984],[68.1926,40.4897],[68.1926,40.4828],[68.1926,40.4771],[68.1925,40.4707],[68.192,40.4581],[68.1912,40.4367],[68.1917,40.436],[68.2128,40.4207],[68.1825,40.396],[68.1189,40.3478],[68.1039,40.3211],[68.0986,40.3114],[68.093,40.3005],[68.0908,40.2944],[68.0886,40.2753],[68.0919,40.2594],[68.0992,40.2444],[68.1089,40.2325],[68.1136,40.2283],[68.1205,40.2275],[68.2622,40.2225],[68.3611,40.2253],[68.3883,40.2283],[68.4142,40.2328],[68.448,40.2389],[68.4597,40.2422],[68.4786,40.2478],[68.4972,40.2519],[68.53,40.258],[68.5525,40.2622],[68.6517,40.2792],[68.6583,40.2678],[68.6517,40.2325],[68.642,40.1841],[68.6412,40.184],[68.6399,40.1698],[68.6536,40.173],[68.663,40.175],[68.6711,40.1763],[68.6762,40.1774],[68.6811,40.1786],[68.6884,40.1783],[68.694,40.1814],[68.7015,40.184],[68.712,40.187],[68.7419,40.1948],[68.7516,40.1973],[68.7614,40.1999],[68.7726,40.2025],[68.7796,40.2039],[68.7973,40.1726],[68.8106,40.1779],[68.8172,40.1784],[68.8237,40.179],[68.825,40.1795],[68.8266,40.1797],[68.8297,40.1802],[68.8308,40.1807],[68.8349,40.1812],[68.8405,40.1824],[68.8435,40.1834],[68.8407,40.194],[68.8472,40.1952],[68.852,40.1978],[68.8516,40.2032],[68.8608,40.2095],[68.8628,40.21],[68.8823,40.2124],[68.8935,40.2136],[68.9071,40.2152],[68.9187,40.2165],[68.9249,40.2173],[68.9348,40.2183],[68.9476,40.2197],[68.9636,40.2212],[68.9739,40.2224],[68.9843,40.2233],[69.0095,40.2261],[69.0357,40.2287],[69.0521,40.2266],[69.0568,40.2237],[69.0612,40.2228],[69.0671,40.2231],[69.0703,40.2224],[69.0719,40.2216],[69.0739,40.2214],[69.0757,40.2215],[69.0765,40.2216],[69.0782,40.2229],[69.0871,40.2214],[69.1082,40.2198],[69.1246,40.2193],[69.1492,40.216],[69.1549,40.2147],[69.159,40.2131],[69.1635,40.2112],[69.1641,40.2109],[69.1653,40.2106],[69.1665,40.2105],[69.1681,40.2108],[69.1698,40.2121],[69.1681,40.2122],[69.1665,40.2125],[69.1652,40.2131],[69.1641,40.2138],[69.1624,40.2155],[69.1619,40.2161],[69.1617,40.2165],[69.1614,40.2172],[69.1612,40.2183],[69.1604,40.2218],[69.1589,40.2249],[69.1575,40.2266],[69.1546,40.2315],[69.1476,40.2365],[69.1465,40.2369],[69.1431,40.2378],[69.1418,40.2395],[69.1409,40.2414],[69.1405,40.2434],[69.14,40.2455],[69.1354,40.2547],[69.134,40.258],[69.1325,40.2611],[69.1322,40.2634],[69.1308,40.2649],[69.1294,40.2658],[69.1276,40.2665],[69.1265,40.2671],[69.1259,40.2679],[69.1139,40.2809],[69.0849,40.303],[69.0836,40.3042],[69.083,40.3051],[69.0766,40.3156],[69.0763,40.3161],[69.0753,40.3176],[69.0748,40.3186],[69.0745,40.3198],[69.0741,40.3382],[69.0736,40.3567],[69.0737,40.3572],[69.0738,40.3579],[69.0742,40.359],[69.0749,40.3598],[69.0764,40.3608],[69.0789,40.3629],[69.0812,40.3652],[69.086,40.3698],[69.0861,40.37],[69.0864,40.3706],[69.0863,40.3709],[69.0861,40.3712],[69.0855,40.3716],[69.0846,40.3719],[69.0833,40.3724],[69.0825,40.373],[69.0791,40.3768],[69.0784,40.3778],[69.0781,40.3782],[69.078,40.3787],[69.0779,40.3795],[69.0778,40.3804],[69.0779,40.3824],[69.0784,40.3858],[69.0787,40.387],[69.0794,40.3883],[69.0802,40.3899],[69.0799,40.3906],[69.0797,40.3915],[69.0798,40.3925],[69.0791,40.3934],[69.0784,40.3942],[69.0778,40.395],[69.0772,40.396],[69.0766,40.398],[69.0775,40.3987],[69.0791,40.3999],[69.0836,40.4009],[69.0877,40.402],[69.0891,40.4042],[69.0906,40.4058],[69.092,40.4074],[69.0965,40.4124],[69.0992,40.4142],[69.1018,40.415],[69.1076,40.4182],[69.1103,40.4197],[69.1115,40.4211],[69.1125,40.4222],[69.1142,40.4245],[69.1147,40.4253],[69.1173,40.4278],[69.1176,40.4283],[69.1175,40.429],[69.1176,40.4297],[69.1182,40.4309],[69.1186,40.4317],[69.1189,40.4329],[69.1189,40.4341],[69.1173,40.4359],[69.1164,40.4379],[69.1161,40.4389],[69.1157,40.4405],[69.1156,40.4427],[69.116,40.4454],[69.1162,40.4466],[69.1149,40.4492],[69.1142,40.4499],[69.1128,40.4512],[69.1076,40.4538],[69.1056,40.4555],[69.1047,40.4573],[69.1028,40.4648],[69.1037,40.4671],[69.1041,40.4683],[69.1033,40.4729],[69.1033,40.4731],[69.0993,40.4752],[69.087,40.4808],[69.0853,40.4836],[69.0853,40.4885],[69.0875,40.4913],[69.0902,40.4931],[69.0937,40.494],[69.0978,40.4943],[69.101,40.4943],[69.1014,40.4946],[69.1022,40.4948],[69.1057,40.497],[69.1059,40.4974],[69.1074,40.4986],[69.1079,40.4998],[69.1081,40.5011],[69.1057,40.5051],[69.0997,40.5086],[69.0969,40.5093],[69.0931,40.5084],[69.0885,40.5053],[69.0869,40.5042],[69.0846,40.5032],[69.0812,40.5032],[69.0786,40.5029],[69.077,40.5019],[69.0751,40.501],[69.0717,40.5007],[69.0664,40.5008],[69.0647,40.502],[69.0647,40.5033],[69.0654,40.5042],[69.0666,40.5054],[69.0671,40.506],[69.0692,40.5072],[69.0729,40.5089],[69.0761,40.511],[69.0771,40.5125],[69.0786,40.5142],[69.0808,40.5195],[69.0799,40.5259],[69.0814,40.5315],[69.0814,40.5332],[69.0812,40.5373],[69.081,40.5389],[69.0809,40.5404],[69.0808,40.5462],[69.0805,40.5476],[69.0802,40.5498],[69.0808,40.5528],[69.0822,40.5559],[69.0777,40.5649],[69.0766,40.5676],[69.0764,40.5688],[69.0766,40.5701],[69.0776,40.571],[69.0797,40.5714],[69.0835,40.5718],[69.0875,40.5714],[69.0911,40.5707],[69.0932,40.5689],[69.0955,40.5653],[69.0971,40.5632],[69.0999,40.5615],[69.1012,40.5614],[69.1034,40.5622],[69.1051,40.5636],[69.1058,40.5662],[69.1058,40.5663],[69.0997,40.5743],[69.0959,40.579],[69.0902,40.5833],[69.0844,40.5861],[69.0823,40.586],[69.0805,40.585],[69.079,40.5825],[69.0765,40.5812],[69.0762,40.5788],[69.0768,40.5768],[69.0763,40.573],[69.0753,40.5714],[69.0722,40.5704],[69.0671,40.5702],[69.0629,40.5706],[69.059,40.5731],[69.0582,40.5748],[69.0581,40.5766],[69.059,40.5781],[69.0602,40.5792],[69.0643,40.5817],[69.0666,40.5829],[69.0703,40.5838],[69.0738,40.586],[69.0772,40.588],[69.0818,40.5896],[69.0864,40.5931],[69.089,40.5953],[69.0894,40.5958],[69.0906,40.5977],[69.0909,40.5991],[69.0909,40.6006],[69.0904,40.6022],[69.0896,40.6031],[69.0889,40.6035],[69.0884,40.6043],[69.0883,40.6064],[69.0866,40.6073],[69.0833,40.6083],[69.0826,40.6084],[69.0817,40.6084],[69.0794,40.6079],[69.0777,40.6078],[69.075,40.6082],[69.0696,40.6101],[69.0665,40.6125],[69.0625,40.6161],[69.0611,40.6177],[69.0592,40.6187],[69.0582,40.6192],[69.0569,40.6203],[69.056,40.6216],[69.0546,40.6229],[69.053,40.6239],[69.0529,40.624],[69.0524,40.6247],[69.0522,40.6264],[69.0521,40.627],[69.0522,40.6282],[69.0524,40.6285],[69.0526,40.6289],[69.0531,40.6294],[69.0552,40.6304],[69.0559,40.6308],[69.06,40.6332],[69.0611,40.6342],[69.062,40.6353],[69.0621,40.6358],[69.0619,40.6366],[69.0611,40.6378],[69.0611,40.6379],[69.0609,40.638],[69.0598,40.6391],[69.0594,40.6394],[69.054,40.6437],[69.0528,40.6444],[69.0522,40.6448],[69.0515,40.645],[69.0514,40.645],[69.0507,40.6451],[69.0497,40.6453],[69.0477,40.6454],[69.0469,40.6453],[69.0447,40.6454],[69.0429,40.6457],[69.0418,40.6461],[69.0407,40.6466],[69.0386,40.6474],[69.0366,40.6476],[69.0347,40.6475],[69.0305,40.6468],[69.0261,40.6456],[69.0222,40.645],[69.019,40.6441],[69.0166,40.643],[69.0123,40.6418],[69.0061,40.6412],[68.9998,40.6414],[68.9963,40.6421],[68.9921,40.6425],[68.989,40.6437],[68.9877,40.6447],[68.9868,40.646],[68.9868,40.6472],[68.9871,40.6482],[68.9903,40.6509],[68.9972,40.656],[69.001,40.659],[69.0046,40.6617],[69.0061,40.6651],[69.0064,40.6664],[69.0058,40.6682],[69.0042,40.6691],[69.003,40.6697],[69.002,40.6702],[69.0005,40.6707],[68.9979,40.6711],[68.9937,40.6713],[68.992,40.6708],[68.9871,40.6698],[68.9842,40.6691],[68.9799,40.6669],[68.9691,40.6657],[68.9678,40.6656],[68.9637,40.6656],[68.961,40.6656],[68.9539,40.6709],[68.953,40.6721],[68.9522,40.6734],[68.9522,40.6743],[68.9524,40.6752],[68.9531,40.6766],[68.9555,40.6784],[68.9567,40.679],[68.9579,40.6794],[68.9599,40.6795],[68.9622,40.6803],[68.9631,40.6811],[68.9639,40.682],[68.9641,40.6826],[68.9642,40.6828],[68.964,40.6836],[68.9629,40.6848],[68.9612,40.6866],[68.9604,40.6878],[68.9601,40.6893],[68.96,40.6896],[68.9577,40.6932],[68.9556,40.6947],[68.9526,40.6968],[68.9514,40.6998],[68.9519,40.7019],[68.9517,40.7053],[68.9512,40.7078],[68.9512,40.7101],[68.9503,40.7114],[68.9474,40.7116],[68.9467,40.7117],[68.9394,40.714],[68.9367,40.7145],[68.9342,40.7148],[68.9326,40.7147],[68.9269,40.713],[68.9224,40.713],[68.9162,40.7148],[68.9116,40.7182],[68.9074,40.7247],[68.9061,40.7282],[68.9074,40.7318],[68.9079,40.7356],[68.9083,40.7384],[68.9076,40.741],[68.9042,40.7438],[68.9042,40.7442],[68.9054,40.7452],[68.9041,40.7476],[68.904,40.7489],[68.9037,40.7505],[68.9034,40.7509],[68.9,40.7547],[68.8987,40.7568],[68.8975,40.7578],[68.897,40.7591],[68.8964,40.7616],[68.8964,40.7659],[68.8945,40.7705],[68.8922,40.7726],[68.8861,40.7779],[68.8817,40.7823],[68.8785,40.784],[68.8751,40.7856],[68.8708,40.787],[68.8674,40.7878],[68.8638,40.7888],[68.8527,40.7907],[68.8454,40.7919],[68.8416,40.7917],[68.8375,40.7911],[68.8341,40.7914],[68.8309,40.7925],[68.8309,40.7926],[68.8296,40.7931],[68.8276,40.7967],[68.8301,40.8003],[68.8299,40.8036],[68.8308,40.8065],[68.8304,40.8137],[68.8296,40.8151],[68.8286,40.8167],[68.824,40.819],[68.8155,40.8191],[68.8073,40.8204],[68.8022,40.8226],[68.7989,40.8258],[68.7968,40.8279],[68.7918,40.8315],[68.7853,40.834],[68.7841,40.8344],[68.7769,40.8354],[68.7721,40.8371],[68.7669,40.8378],[68.7633,40.8393],[68.7603,40.8453],[68.7583,40.8487],[68.7551,40.85],[68.7515,40.8506],[68.7492,40.8502],[68.7484,40.8499],[68.7398,40.8455],[68.736,40.8445],[68.7321,40.8453],[68.7292,40.8469],[68.7271,40.8492],[68.7264,40.8521],[68.7277,40.8542],[68.7311,40.856],[68.7341,40.8575],[68.7364,40.8588],[68.7381,40.8604],[68.74,40.8626],[68.7419,40.8658],[68.7416,40.8709],[68.7402,40.8738],[68.7366,40.875],[68.7329,40.8749],[68.729,40.8728],[68.7266,40.8702],[68.7243,40.8659],[68.7216,40.8619],[68.72,40.8585],[68.717,40.8566],[68.7148,40.8565],[68.7126,40.8563],[68.7087,40.8569],[68.706,40.8584],[68.7061,40.8602],[68.7075,40.8632],[68.7091,40.8658],[68.7094,40.8672],[68.7092,40.8697],[68.7096,40.873],[68.7131,40.8753],[68.7156,40.8782],[68.7166,40.8801],[68.7192,40.8838],[68.7209,40.8859],[68.7219,40.8877],[68.7215,40.8903],[68.7205,40.8914],[68.7189,40.8919],[68.7147,40.8923],[68.7121,40.8931],[68.7098,40.8942],[68.7084,40.8954],[68.7081,40.8961],[68.7078,40.8969],[68.707,40.898],[68.706,40.899],[68.7054,40.8995],[68.7035,40.9005],[68.7007,40.9017],[68.6962,40.9036],[68.6934,40.9047],[68.6922,40.9057],[68.6911,40.9067],[68.6903,40.9079],[68.6896,40.9092],[68.6886,40.9143],[68.6877,40.9159],[68.6848,40.918],[68.6773,40.9206],[68.6673,40.9214],[68.6648,40.9227],[68.6633,40.9244],[68.6629,40.9255],[68.6629,40.9256],[68.6628,40.9261],[68.6613,40.9277],[68.6605,40.9284],[68.6594,40.9286],[68.6582,40.9287],[68.6571,40.9289],[68.6555,40.9296],[68.654,40.9314],[68.6513,40.9329],[68.6479,40.9353],[68.6457,40.9372],[68.6436,40.9398],[68.642,40.942],[68.6404,40.9448]]]}},{"type":"Feature","properties":{"shapeISO":"UZ-JI","shapeName":"Jizzakh Region"},"geometry":{"type":"Polygon","coordinates":[[[66.62,40.4951],[66.6653,40.4897],[66.7886,40.48],[66.8766,40.4792],[66.8839,40.4792],[66.8883,40.4783],[66.9039,40.4514],[66.9091,40.4422],[66.9094,40.4242],[66.9072,40.4181],[66.9033,40.4139],[66.8914,40.3939],[66.8892,40.3878],[66.8883,40.3811],[66.8883,40.3692],[66.8897,40.3272],[66.8905,40.3161],[66.9086,40.248],[66.9489,40.2205],[66.9783,40.1789],[66.98,40.1739],[66.9786,40.1605],[66.9716,40.1428],[66.9689,40.1383],[66.9636,40.1356],[66.9369,40.1308],[66.9347,40.125],[66.9366,40.1017],[66.9394,40.0742],[66.9422,40.0633],[67.0625,40.0008],[67.0683,39.998],[67.1142,39.9847],[67.1394,39.9833],[67.2183,39.978],[67.4414,39.9382],[67.4548,39.9281],[67.4704,39.921],[67.5028,39.8325],[67.5044,39.8155],[67.4983,39.8136],[67.4764,39.813],[67.4558,39.8097],[67.443,39.8067],[67.4303,39.8028],[67.3964,39.7894],[67.3814,39.7805],[67.3725,39.7733],[67.365,39.7653],[67.2953,39.6778],[67.293,39.6717],[67.2925,39.6655],[67.2917,39.6475],[67.2919,39.6364],[67.2936,39.6019],[67.2947,39.5955],[67.298,39.5861],[67.3122,39.57],[67.3344,39.5525],[67.4022,39.5067],[67.4292,39.4903],[67.4364,39.4986],[67.4216,39.5036],[67.4159,39.5048],[67.414,39.5059],[67.4126,39.5062],[67.4114,39.5067],[67.4109,39.5065],[67.4091,39.5065],[67.4075,39.5081],[67.4044,39.5087],[67.4028,39.5099],[67.4035,39.513],[67.4027,39.5146],[67.3995,39.5189],[67.3975,39.5194],[67.3979,39.5204],[67.3981,39.5216],[67.3946,39.5231],[67.3956,39.5256],[67.3967,39.5281],[67.3977,39.5292],[67.3986,39.5302],[67.3994,39.5307],[67.4004,39.5318],[67.4019,39.5334],[67.4041,39.533],[67.406,39.533],[67.4087,39.5328],[67.4095,39.5328],[67.41,39.5327],[67.4135,39.5351],[67.4228,39.5363],[67.4391,39.5368],[67.4509,39.5351],[67.4555,39.5332],[67.4663,39.5313],[67.4681,39.532],[67.4691,39.5328],[67.4706,39.5346],[67.4709,39.5354],[67.4712,39.5359],[67.4713,39.5361],[67.4715,39.5362],[67.4715,39.5365],[67.4715,39.5368],[67.4709,39.5375],[67.4703,39.5379],[67.4703,39.5387],[67.4701,39.5389],[67.4701,39.54],[67.4703,39.5407],[67.4703,39.5411],[67.4706,39.5416],[67.4695,39.542],[67.4667,39.5428],[67.4661,39.543],[67.4649,39.5433],[67.4641,39.5433],[67.4635,39.5429],[67.461,39.5422],[67.4605,39.5421],[67.4593,39.5429],[67.459,39.5434],[67.459,39.5438],[67.4571,39.5456],[67.4561,39.5459],[67.4558,39.5469],[67.4543,39.5474],[67.4534,39.5477],[67.4513,39.5488],[67.4507,39.5484],[67.4502,39.5482],[67.4496,39.5483],[67.4493,39.548],[67.4478,39.548],[67.4458,39.5483],[67.4453,39.5488],[67.4445,39.5491],[67.4442,39.55],[67.4439,39.5502],[67.4445,39.5516],[67.4444,39.5531],[67.445,39.5564],[67.4482,39.5633],[67.45,39.5672],[67.4519,39.5702],[67.454,39.5724],[67.4559,39.573],[67.4563,39.5737],[67.4507,39.5768],[67.4521,39.5783],[67.4537,39.5788],[67.461,39.5761],[67.4634,39.5751],[67.4705,39.5773],[67.4785,39.5779],[67.4838,39.5768],[67.4929,39.5815],[67.4986,39.5837],[67.5051,39.5804],[67.509,39.5792],[67.5138,39.5804],[67.5196,39.5801],[67.5242,39.5841],[67.5278,39.5842],[67.5308,39.5852],[67.5348,39.5896],[67.5461,39.5903],[67.5486,39.5885],[67.5575,39.5884],[67.5655,39.5945],[67.5757,39.5947],[67.5824,39.6],[67.592,39.5973],[67.5995,39.598],[67.6048,39.5976],[67.614,39.5981],[67.6186,39.6002],[67.6276,39.6008],[67.63,39.6021],[67.6305,39.6043],[67.6283,39.6101],[67.629,39.6134],[67.6345,39.6199],[67.6473,39.6251],[67.6478,39.6302],[67.6515,39.6354],[67.6598,39.6367],[67.6646,39.6416],[67.6744,39.6393],[67.6799,39.6381],[67.6837,39.6387],[67.6898,39.6451],[67.6984,39.6512],[67.7045,39.6579],[67.708,39.6597],[67.7105,39.6596],[67.7146,39.6572],[67.7355,39.6507],[67.7444,39.6459],[67.7527,39.6424],[67.7608,39.6399],[67.7659,39.6405],[67.7718,39.6425],[67.7818,39.6468],[67.7868,39.6511],[67.7931,39.657],[67.8057,39.6531],[67.8099,39.6502],[67.8172,39.6437],[67.829,39.6392],[67.8359,39.6307],[67.8531,39.626],[67.8619,39.6238],[67.8751,39.6274],[67.8884,39.6179],[67.8914,39.616],[67.8999,39.6107],[67.9121,39.6091],[67.9389,39.5988],[67.9491,39.6035],[67.9761,39.6048],[67.9991,39.5906],[68.0209,39.5847],[68.0355,39.5766],[68.0492,39.5738],[68.0647,39.571],[68.0804,39.5753],[68.0861,39.5724],[68.1112,39.5633],[68.1148,39.5603],[68.1336,39.5599],[68.1443,39.5639],[68.1602,39.5621],[68.1741,39.5664],[68.187,39.5604],[68.1949,39.5539],[68.2129,39.5516],[68.2356,39.5568],[68.2407,39.556],[68.2507,39.5622],[68.2585,39.5592],[68.2709,39.5583],[68.2788,39.5603],[68.2853,39.5594],[68.299,39.5494],[68.3096,39.5541],[68.3171,39.5502],[68.3253,39.5482],[68.3326,39.545],[68.3382,39.5443],[68.3406,39.5426],[68.3488,39.5387],[68.3529,39.5336],[68.3614,39.5313],[68.3695,39.5299],[68.3772,39.538],[68.3874,39.5417],[68.3913,39.5444],[68.4084,39.5408],[68.4153,39.5423],[68.4212,39.5396],[68.424,39.5379],[68.4303,39.5386],[68.4435,39.54],[68.4478,39.5365],[68.4514,39.5362],[68.4559,39.5336],[68.4604,39.5343],[68.4648,39.5381],[68.4796,39.5362],[68.4815,39.539],[68.4887,39.5398],[68.4906,39.5426],[68.4976,39.5403],[68.5018,39.5399],[68.5064,39.5355],[68.5102,39.5346],[68.512,39.5306],[68.5243,39.5324],[68.5252,39.5343],[68.5356,39.5359],[68.5479,39.5387],[68.5484,39.5444],[68.5416,39.5497],[68.5463,39.5599],[68.5366,39.5713],[68.5381,39.5847],[68.545,39.5882],[68.547,39.5939],[68.5508,39.5995],[68.5637,39.5987],[68.5719,39.6034],[68.5758,39.6149],[68.5798,39.6259],[68.5993,39.6253],[68.6057,39.6303],[68.6118,39.6381],[68.6176,39.6373],[68.6187,39.6478],[68.6189,39.6567],[68.6211,39.6674],[68.6299,39.682],[68.6185,39.6874],[68.6065,39.6924],[68.6048,39.7132],[68.6053,39.7166],[68.5963,39.7193],[68.5885,39.7249],[68.5931,39.7297],[68.6023,39.7361],[68.6056,39.7382],[68.6147,39.7402],[68.6262,39.7544],[68.6286,39.7583],[68.6338,39.763],[68.6349,39.7712],[68.6345,39.7733],[68.6339,39.7794],[68.6343,39.7975],[68.6348,39.8165],[68.6352,39.8293],[68.6331,39.8344],[68.6295,39.8397],[68.633,39.8524],[68.6358,39.8549],[68.6401,39.854],[68.6443,39.8506],[68.653,39.8468],[68.6673,39.8456],[68.6694,39.843],[68.6686,39.8367],[68.6815,39.835],[68.7008,39.8475],[68.7048,39.8507],[68.7159,39.8539],[68.7214,39.8581],[68.7265,39.8572],[68.7342,39.8571],[68.743,39.8525],[68.7458,39.8435],[68.7493,39.8325],[68.7497,39.8312],[68.7607,39.825],[68.7619,39.8243],[68.7719,39.826],[68.777,39.8297],[68.7774,39.8308],[68.7783,39.8329],[68.7797,39.8364],[68.7807,39.8417],[68.7829,39.8535],[68.7893,39.8601],[68.8093,39.8635],[68.817,39.8681],[68.8274,39.8729],[68.8404,39.8893],[68.8418,39.9129],[68.839,39.9194],[68.8358,39.9371],[68.8285,39.946],[68.8231,39.9484],[68.8166,39.968],[68.8126,39.9686],[68.8112,39.9744],[68.821,39.979],[68.8197,39.9858],[68.8235,39.9864],[68.8281,39.971],[68.8375,39.9558],[68.8448,39.9416],[68.8472,39.9292],[68.8487,39.9173],[68.8501,39.8875],[68.8489,39.8694],[68.8711,39.864],[68.8761,39.8642],[68.8905,39.868],[68.8941,39.8683],[68.9028,39.8752],[68.9095,39.8805],[68.91,39.8818],[68.9137,39.8919],[68.9198,39.9032],[68.9235,39.9115],[68.9346,39.9155],[68.9346,39.9215],[68.9304,39.9266],[68.9166,39.9336],[68.9112,39.9541],[68.8894,39.9889],[68.8749,40.0022],[68.8562,40.0341],[68.8463,40.0478],[68.8563,40.0508],[68.8611,40.0522],[68.8624,40.0536],[68.8655,40.0547],[68.8772,40.0557],[68.8886,40.055],[68.8933,40.0482],[68.8972,40.0498],[68.9012,40.0665],[68.9024,40.0672],[68.9036,40.0677],[68.9048,40.0679],[68.9066,40.068],[68.9099,40.0666],[68.9121,40.0654],[68.9138,40.0638],[68.9158,40.0612],[68.9265,40.0625],[68.9292,40.0617],[68.9446,40.0616],[68.9466,40.0626],[68.9523,40.0633],[68.9632,40.0652],[68.9681,40.0658],[68.9573,40.0837],[68.9605,40.088],[68.9711,40.0926],[68.9812,40.0936],[68.9955,40.0902],[69.0085,40.0991],[69.0254,40.118],[69.0257,40.1277],[69.0248,40.1354],[69.0252,40.1467],[69.0228,40.1526],[69.0152,40.1535],[69.0044,40.152],[68.9968,40.1498],[68.9888,40.1449],[68.9821,40.1422],[68.9587,40.1437],[68.941,40.1453],[68.9265,40.1434],[68.9147,40.1395],[68.8972,40.1371],[68.8914,40.1351],[68.8816,40.1331],[68.8746,40.1298],[68.8665,40.1271],[68.8591,40.1245],[68.8523,40.124],[68.8478,40.1214],[68.8385,40.1194],[68.8359,40.1193],[68.8337,40.119],[68.8306,40.118],[68.8112,40.1166],[68.8033,40.1141],[68.7964,40.1119],[68.7824,40.1072],[68.7776,40.1033],[68.7731,40.0994],[68.7658,40.098],[68.7589,40.0987],[68.7503,40.1013],[68.7364,40.0991],[68.7228,40.0993],[68.702,40.0944],[68.6941,40.095],[68.6829,40.092],[68.6544,40.0819],[68.6385,40.0773],[68.6332,40.0767],[68.6096,40.0862],[68.5858,40.0958],[68.5581,40.1069],[68.5443,40.1124],[68.531,40.1178],[68.531,40.1182],[68.5308,40.1183],[68.5329,40.1438],[68.5548,40.151],[68.5673,40.1526],[68.5815,40.1538],[68.5906,40.1556],[68.5979,40.1571],[68.5993,40.1577],[68.6067,40.1611],[68.6148,40.1634],[68.6208,40.165],[68.6269,40.1665],[68.6325,40.168],[68.6399,40.1698],[68.6412,40.184],[68.642,40.1841],[68.6517,40.2325],[68.6583,40.2678],[68.6517,40.2792],[68.5525,40.2622],[68.53,40.258],[68.4972,40.2519],[68.4786,40.2478],[68.4597,40.2422],[68.448,40.2389],[68.4142,40.2328],[68.3883,40.2283],[68.3611,40.2253],[68.2622,40.2225],[68.1205,40.2275],[68.1136,40.2283],[68.1089,40.2325],[68.0992,40.2444],[68.0919,40.2594],[68.0886,40.2753],[68.0908,40.2944],[68.093,40.3005],[68.0986,40.3114],[68.1039,40.3211],[68.1189,40.3478],[68.1825,40.396],[68.2128,40.4207],[68.1917,40.436],[68.1912,40.4367],[68.192,40.4581],[68.1925,40.4707],[68.1926,40.4771],[68.1926,40.4828],[68.1926,40.4897],[68.1385,40.4984],[68.1456,40.5245],[68.1523,40.5459],[68.1666,40.5844],[68.1966,40.5599],[68.1977,40.5742],[68.2484,40.6758],[68.2397,40.679],[68.2178,40.6875],[68.2147,40.6896],[68.1681,40.7193],[68.1413,40.7388],[68.0772,40.7889],[68.0745,40.7903],[68.0726,40.7906],[68.0469,40.7959],[68.0235,40.8007],[68.0158,40.8055],[67.9775,40.8312],[67.9766,40.8321],[67.976,40.833],[67.9759,40.8339],[67.9764,40.8357],[67.9779,40.8392],[67.9791,40.8404],[67.9794,40.8411],[67.9781,40.8437],[67.9775,40.8441],[67.9763,40.8445],[67.9754,40.8448],[67.9745,40.8454],[67.9741,40.8461],[67.9741,40.8467],[67.9739,40.8472],[67.9707,40.8506],[67.9703,40.8512],[67.9702,40.8517],[67.9704,40.8522],[67.971,40.8524],[67.9714,40.8525],[67.9719,40.8534],[67.9718,40.8539],[67.9696,40.8558],[67.9701,40.8564],[67.9706,40.8562],[67.9707,40.8565],[67.9705,40.8569],[67.9712,40.8578],[67.9722,40.8599],[67.9718,40.8614],[67.9723,40.8619],[67.9729,40.8619],[67.9735,40.8617],[67.9739,40.861],[67.9748,40.8613],[67.976,40.8613],[67.9768,40.8612],[67.9777,40.8613],[67.9807,40.8612],[67.982,40.861],[67.9843,40.8609],[67.9846,40.8608],[67.9875,40.8605],[67.9882,40.8603],[67.9924,40.8586],[67.9923,40.8592],[67.9935,40.8599],[67.9947,40.8604],[67.9961,40.8605],[67.9969,40.8601],[67.9992,40.86],[68.0007,40.8606],[68.0019,40.8606],[68.0027,40.8602],[68.006,40.8606],[68.0072,40.8701],[68.0077,40.8832],[68.0066,40.8857],[68.0122,40.8905],[68.0098,40.8929],[68.0102,40.8937],[68.0258,40.901],[68.0276,40.9024],[68.0319,40.903],[68.0333,40.9057],[68.0392,40.9093],[68.0488,40.9097],[68.0499,40.9102],[68.0541,40.9133],[68.0725,40.9167],[68.0732,40.9246],[68.0805,40.9233],[68.0816,40.9233],[68.0887,40.9255],[68.0957,40.9361],[68.0967,40.9364],[68.0915,40.942],[68.0907,40.9419],[68.0843,40.9418],[68.0633,40.9456],[68.0641,40.9467],[68.0645,40.9485],[68.0665,40.9506],[68.0716,40.9533],[68.075,40.9496],[68.0825,40.9531],[68.0766,40.9602],[68.0765,40.9604],[68.0765,40.9606],[68.0768,40.9608],[68.0826,40.9629],[68.0842,40.9634],[68.0838,40.9644],[68.0842,40.9654],[68.0843,40.966],[68.088,40.9701],[68.0785,40.9879],[68.0776,40.9948],[68.0823,41.0012],[68.0683,41.0081],[68.0577,41.0057],[68.0554,41.0091],[68.0489,41.019],[68.0567,41.0212],[68.0629,41.0216],[68.0737,41.0217],[68.08,41.0256],[68.0809,41.0254],[68.0885,41.0307],[68.0946,41.0318],[68.1087,41.0341],[68.1107,41.036],[68.1135,41.0351],[68.1271,41.0322],[68.1272,41.0326],[68.1275,41.036],[68.1277,41.0381],[68.1277,41.0385],[68.1268,41.0408],[68.1269,41.0438],[68.1271,41.0442],[68.127,41.0447],[68.1255,41.0454],[68.1235,41.0458],[68.119,41.0471],[68.1148,41.0547],[68.1139,41.0572],[68.1138,41.0577],[68.1127,41.0609],[68.1136,41.0626],[68.1125,41.0672],[68.1098,41.0671],[68.1056,41.0666],[68.1018,41.068],[68.0982,41.0699],[68.0926,41.073],[68.0888,41.0749],[68.0858,41.0802],[68.0854,41.0806],[68.0805,41.0819],[68.0709,41.0803],[68.0677,41.0775],[68.0636,41.0718],[68.0625,41.0684],[68.0604,41.0656],[68.06,41.0644],[68.059,41.0615],[68.0578,41.0578],[68.0558,41.0527],[68.0549,41.0486],[68.0546,41.0476],[68.053,41.0447],[68.0516,41.0424],[68.0514,41.0422],[68.0513,41.042],[68.0511,41.042],[68.0483,41.0416],[68.048,41.0416],[68.0478,41.0416],[68.0476,41.0417],[68.0418,41.0447],[68.0413,41.0448],[68.037,41.0439],[68.0326,41.0417],[68.0319,41.0412],[68.0289,41.0392],[68.0268,41.0386],[68.0243,41.0381],[68.0234,41.0366],[68.0254,41.0319],[68.0237,41.0238],[68.0241,41.0231],[68.0249,41.0212],[68.0242,41.0183],[68.0204,41.0182],[68.0204,41.0204],[67.9836,41.0261],[67.9834,41.0288],[67.9845,41.0297],[67.9862,41.0311],[67.9865,41.0315],[67.987,41.0349],[67.9874,41.0403],[67.9872,41.0439],[67.9865,41.0484],[67.9865,41.0499],[67.9863,41.0521],[67.9855,41.0548],[67.9846,41.06],[67.984,41.0646],[67.9841,41.0654],[67.9843,41.066],[67.9856,41.068],[67.9858,41.0686],[67.9862,41.0726],[67.9856,41.0751],[67.9855,41.0762],[67.9855,41.0768],[67.9857,41.0773],[67.9878,41.0809],[67.9882,41.0819],[67.9883,41.0832],[67.9885,41.0851],[67.9885,41.0856],[67.9863,41.0961],[67.9861,41.0967],[67.9842,41.1015],[67.9818,41.1077],[67.98,41.1127],[67.9775,41.1206],[67.9743,41.1285],[67.9721,41.1338],[67.9708,41.1366],[67.969,41.1401],[67.9686,41.141],[67.9673,41.1449],[67.9656,41.1501],[67.9544,41.1504],[67.9523,41.1505],[67.9474,41.1505],[67.9466,41.1506],[67.9454,41.1511],[67.9441,41.1517],[67.9437,41.1515],[67.9432,41.1514],[67.9433,41.15],[67.9384,41.15],[67.936,41.1501],[67.9338,41.1505],[67.9304,41.1506],[67.9239,41.1508],[67.9202,41.1514],[67.9113,41.1519],[67.9067,41.1524],[67.892,41.1524],[67.8791,41.1432],[67.8648,41.1351],[67.8104,41.1573],[67.7331,41.1831],[67.6985,41.1763],[67.6872,41.1726],[67.5741,41.1686],[67.3643,41.1271],[67.3138,41.1344],[67.017,41.1373],[66.9995,41.1408],[66.7562,41.1413],[66.7531,41.1169],[66.6832,41.1147],[66.6667,41.1142],[66.6453,41.1147],[66.608,41.1133],[66.6292,40.9533],[66.6305,40.9444],[66.6325,40.9389],[66.6353,40.9343],[66.6405,40.9258],[66.648,40.9181],[66.6686,40.9086],[66.6989,40.9042],[66.7608,40.8914],[66.7664,40.8875],[66.7694,40.8836],[66.7714,40.8789],[66.7719,40.877],[66.7741,40.8697],[66.776,40.8635],[66.8053,40.7661],[66.8005,40.7565],[66.7991,40.7539],[66.7916,40.745],[66.7789,40.73],[66.7317,40.6664],[66.6358,40.5247],[66.6244,40.5067],[66.62,40.4951]]]}},{"type":"Feature","properties":{"shapeISO":"UZ-BU","shapeName":"Bukhara Region"},"geometry":{"type":"Polygon","coordinates":[[[62.2458,40.9988],[62.2617,40.9833],[62.3094,40.9442],[62.4372,40.8344],[62.4519,40.8155],[62.4514,40.7903],[62.4342,40.7278],[62.335,40.6433],[62.199,40.5177],[62.2077,40.5085],[62.2363,40.4941],[62.2637,40.4848],[62.2717,40.4779],[62.2923,40.4608],[62.3208,40.4469],[62.3286,40.4458],[62.3495,40.4383],[62.3504,40.4332],[62.3494,40.4295],[62.3439,40.409],[62.3332,40.3835],[62.3346,40.3749],[62.3501,40.3575],[62.3517,40.3565],[62.3657,40.3478],[62.3751,40.34],[62.3827,40.3308],[62.386,40.3268],[62.3915,40.3179],[62.3932,40.3108],[62.392,40.3012],[62.3919,40.3009],[62.3843,40.2861],[62.3835,40.2761],[62.3884,40.2634],[62.3897,40.2445],[62.3923,40.2378],[62.3978,40.2231],[62.4025,40.2107],[62.4055,40.1903],[62.4138,40.1735],[62.4144,40.152],[62.4119,40.1299],[62.3971,40.11],[62.3965,40.0993],[62.4006,40.093],[62.4113,40.0828],[62.427,40.0649],[62.4298,40.0357],[62.4363,40.0241],[62.4349,40.015],[62.4392,40.0],[62.4427,39.9911],[62.4623,39.9697],[62.4879,39.9514],[62.798,39.7758],[62.9486,39.6961],[62.9935,39.6714],[63.08,39.6238],[63.1704,39.5741],[63.2621,39.5275],[63.272,39.5219],[63.3037,39.5037],[63.3433,39.4828],[63.3585,39.4748],[63.4204,39.4454],[63.4306,39.4122],[63.4642,39.3933],[63.4799,39.3847],[63.516,39.3644],[63.5176,39.3637],[63.5651,39.3376],[63.6601,39.2893],[63.6913,39.2737],[63.6942,39.2724],[63.7042,39.2295],[63.7051,39.2239],[63.7424,39.2037],[63.7626,39.1928],[63.7757,39.1838],[63.8023,39.1702],[63.8442,39.1469],[63.8821,39.1261],[63.9336,39.0974],[63.9914,39.0647],[63.9956,39.0632],[64.0087,39.0534],[64.0328,39.0411],[64.0556,39.0284],[64.095,39.0074],[64.1608,38.9763],[64.1715,38.9707],[64.1812,38.9619],[64.1893,38.9623],[64.2052,38.9638],[64.2343,38.9665],[64.2385,38.9666],[64.2753,38.9661],[64.3137,38.9658],[64.3334,38.9713],[64.3549,38.9767],[64.3865,38.9522],[64.4986,39.0522],[64.7558,39.1269],[64.8728,39.16],[64.885,39.1622],[64.8905,39.1642],[64.8947,39.1686],[64.8967,39.1744],[64.8917,39.1831],[64.8739,39.2028],[64.8561,39.2175],[64.8453,39.2292],[64.8405,39.2378],[64.8378,39.2472],[64.8375,39.2522],[64.8383,39.2578],[64.8414,39.2642],[64.845,39.2694],[64.8492,39.2739],[64.8769,39.2935],[64.9528,39.3479],[64.9553,39.3494],[64.9735,39.3497],[64.9851,39.3711],[64.9987,39.396],[64.9992,39.396],[65.0117,39.4005],[65.014,39.4015],[65.0413,39.4121],[65.0841,39.435],[65.0991,39.4435],[65.1054,39.4489],[65.1003,39.5047],[65.0925,39.5239],[64.9975,39.6811],[64.9908,39.685],[64.8914,39.7428],[64.8219,39.7297],[64.7986,39.7308],[64.7468,39.7753],[64.7094,39.807],[64.6768,39.8359],[64.6205,39.9002],[64.6063,39.9162],[64.6114,39.9562],[64.6589,39.9982],[64.7166,40.0317],[64.7343,40.0387],[64.7885,40.064],[64.7923,40.0778],[64.7971,40.1211],[64.8184,40.1356],[64.8249,40.1443],[64.8608,40.1475],[64.8802,40.1514],[64.8909,40.1561],[64.8933,40.1717],[64.8986,40.191],[64.9001,40.2003],[64.8994,40.2064],[64.8935,40.2262],[64.8912,40.2577],[64.8893,40.2695],[64.8863,40.277],[64.8787,40.2869],[64.8399,40.3223],[64.8593,40.3456],[64.8703,40.355],[64.8786,40.3606],[64.8877,40.3653],[64.8981,40.3687],[64.9091,40.3704],[64.9204,40.3711],[64.9431,40.3708],[64.9652,40.3681],[64.9751,40.3651],[64.997,40.3556],[65.0119,40.3518],[65.0602,40.3475],[65.0921,40.3413],[65.1591,40.3362],[65.1637,40.3559],[65.18,40.3997],[65.2217,40.4293],[65.2545,40.5301],[65.3609,40.5344],[65.3772,40.5464],[65.3663,40.5983],[65.3689,40.6549],[65.3879,40.7144],[65.2164,40.6697],[65.088,40.68],[64.9014,40.6997],[64.8792,40.7053],[64.8619,40.7122],[64.8372,40.7303],[64.7908,40.8967],[64.7739,40.943],[64.7528,40.9467],[64.743,40.9436],[64.7275,40.9092],[64.703,40.865],[64.6539,40.8589],[64.5719,40.8578],[64.4633,40.8483],[64.4511,40.8453],[64.4333,40.7714],[64.4292,40.7633],[64.2642,40.7775],[64.0789,40.7944],[64.0767,40.9194],[64.0405,40.9511],[64.0217,40.9536],[63.9961,40.9436],[63.9742,40.9344],[63.9517,40.9164],[63.8353,40.7161],[63.8233,40.7131],[63.7664,40.7092],[63.6975,40.7069],[63.6928,40.7078],[63.703,40.7444],[63.6958,40.7689],[63.6836,40.7861],[63.6378,40.8136],[63.4742,40.9305],[63.2417,40.9828],[63.1253,41.0205],[63.0569,41.0356],[63.0128,41.0347],[63.0031,41.0286],[62.9839,41.0272],[62.9717,41.05],[62.9414,41.1342],[62.8964,41.2053],[62.8625,41.2311],[62.813,41.2519],[62.7858,41.2622],[62.7342,41.2875],[62.6875,41.3253],[62.6575,41.3589],[62.5853,41.468],[62.5625,41.4667],[62.2648,41.4368],[62.2177,41.4329],[62.3983,41.1647],[62.4494,41.1108],[62.4761,41.0817],[62.3858,41.0497],[62.2458,40.9988]]]}},{"type":"Feature","properties":{"shapeISO":"UZ-QA","shapeName":"Qashqadaryo Region"},"geometry":{"type":"Polygon","coordinates":[[[65.1054,39.4489],[65.0991,39.4435],[65.0841,39.435],[65.0413,39.4121],[65.014,39.4015],[65.0117,39.4005],[64.9992,39.396],[64.9987,39.396],[64.9851,39.3711],[64.9735,39.3497],[64.9553,39.3494],[64.9528,39.3479],[64.8769,39.2935],[64.8492,39.2739],[64.845,39.2694],[64.8414,39.2642],[64.8383,39.2578],[64.8375,39.2522],[64.8378,39.2472],[64.8405,39.2378],[64.8453,39.2292],[64.8561,39.2175],[64.8739,39.2028],[64.8917,39.1831],[64.8967,39.1744],[64.8947,39.1686],[64.8905,39.1642],[64.885,39.1622],[64.8728,39.16],[64.7558,39.1269],[64.4986,39.0522],[64.3865,38.9522],[64.4151,38.9306],[64.4484,38.9054],[64.4853,38.8773],[64.5248,38.8468],[64.609,38.8002],[64.6641,38.7708],[64.6854,38.7643],[64.7007,38.7564],[64.7168,38.7521],[64.7267,38.7447],[64.7841,38.7093],[64.7892,38.703],[64.7973,38.6963],[64.8205,38.683],[64.8244,38.6828],[64.863,38.6814],[64.897,38.6708],[64.9122,38.6591],[64.9286,38.6497],[64.9434,38.6395],[64.9634,38.6267],[64.9767,38.6227],[64.9961,38.6113],[65.031,38.6077],[65.0375,38.6057],[65.0891,38.5676],[65.1224,38.5441],[65.1557,38.5203],[65.1712,38.5026],[65.2791,38.4434],[65.3196,38.4203],[65.375,38.3911],[65.4149,38.3693],[65.4352,38.3582],[65.4522,38.3488],[65.4584,38.3453],[65.4696,38.3393],[65.476,38.3358],[65.4808,38.3334],[65.4854,38.3307],[65.4908,38.3274],[65.5087,38.3177],[65.5417,38.3002],[65.5379,38.2969],[65.5377,38.2949],[65.5382,38.2937],[65.5379,38.2909],[65.5397,38.2893],[65.5545,38.2887],[65.5618,38.2896],[65.5638,38.2883],[65.5837,38.2847],[65.6394,38.2755],[65.6748,38.271],[65.7096,38.2675],[65.7851,38.2592],[65.8227,38.2557],[65.8278,38.2553],[65.8286,38.2558],[65.8316,38.2548],[65.8327,38.2536],[65.8328,38.2526],[65.832,38.2522],[65.8313,38.2519],[65.8316,38.2511],[65.8348,38.251],[65.8361,38.251],[65.8379,38.25],[65.8381,38.2512],[65.8389,38.2519],[65.8411,38.2517],[65.842,38.253],[65.8451,38.263],[65.8515,38.2741],[65.8724,38.2787],[65.8955,38.2787],[65.915,38.2747],[65.9367,38.2588],[65.9471,38.2495],[65.9562,38.2412],[65.9758,38.231],[65.9938,38.2264],[66.001,38.227],[66.0234,38.2276],[66.0335,38.2247],[66.045,38.2139],[66.0501,38.2111],[66.0595,38.2105],[66.0689,38.2088],[66.0754,38.2071],[66.084,38.2037],[66.0898,38.2027],[66.0941,38.202],[66.0999,38.1946],[66.1049,38.1855],[66.1186,38.1786],[66.1439,38.1718],[66.1943,38.1609],[66.2188,38.1598],[66.2354,38.1592],[66.2455,38.154],[66.2585,38.1358],[66.2735,38.1142],[66.2872,38.1022],[66.3016,38.0885],[66.3131,38.0788],[66.3253,38.0725],[66.3368,38.0685],[66.3469,38.0645],[66.3569,38.0588],[66.3735,38.0508],[66.3799,38.0468],[66.4,38.0325],[66.4166,38.029],[66.4273,38.0267],[66.4396,38.0278],[66.4807,38.0385],[66.4965,38.0419],[66.5512,38.0382],[66.5656,38.0359],[66.5814,38.0301],[66.5886,38.0282],[66.5925,38.0272],[66.5944,38.0267],[66.5975,38.0254],[66.6015,38.0238],[66.6202,38.014],[66.6302,38.0049],[66.6387,37.9963],[66.6438,37.9912],[66.6583,37.9782],[66.672,37.9661],[66.6703,37.9733],[66.6661,37.9816],[66.6886,38.0547],[66.6922,38.065],[66.698,38.0761],[66.7066,38.0839],[66.8428,38.1964],[66.9486,38.2828],[66.96,38.2869],[66.9708,38.2914],[66.9864,38.2979],[67.025,38.3142],[67.0647,38.3361],[67.0739,38.3428],[67.1169,38.3775],[67.1239,38.3869],[67.1266,38.3922],[67.1347,38.4161],[67.1355,38.4286],[67.1383,38.4419],[67.1492,38.4878],[67.1511,38.4939],[67.1539,38.4989],[67.158,38.5028],[67.2286,38.5567],[67.3461,38.6497],[67.3622,38.6733],[67.3719,38.6875],[67.3894,38.7094],[67.4022,38.7203],[67.4119,38.7261],[67.4366,38.7317],[67.4436,38.7322],[67.4592,38.7317],[67.4675,38.7305],[67.4892,38.725],[67.4991,38.7189],[67.5197,38.7008],[67.5253,38.698],[67.5314,38.6978],[67.5589,38.7636],[67.5603,38.7705],[67.5575,38.8417],[67.5542,38.8505],[67.5461,38.8583],[67.5341,38.8761],[67.5239,38.8939],[67.5222,38.8992],[67.5122,38.9469],[67.5136,38.9536],[67.5164,38.9589],[67.5233,38.9678],[67.5378,38.9775],[67.5489,38.9817],[67.5547,38.9836],[67.5675,38.9861],[67.5817,38.9872],[67.5972,38.9864],[67.6333,38.9878],[67.6539,38.99],[67.6653,38.9942],[67.675,38.9997],[67.6925,39.0139],[67.6887,39.0157],[67.6814,39.0185],[67.6859,39.0249],[67.6786,39.0393],[67.6835,39.0434],[67.6836,39.0538],[67.6809,39.0577],[67.6716,39.0635],[67.6735,39.0719],[67.6715,39.0789],[67.6681,39.0847],[67.6744,39.099],[67.6761,39.121],[67.6776,39.1292],[67.6765,39.1375],[67.6752,39.1451],[67.6626,39.1436],[67.6426,39.144],[67.6352,39.1446],[67.6301,39.1465],[67.6247,39.1525],[67.6249,39.167],[67.6094,39.1779],[67.5944,39.1848],[67.5842,39.1883],[67.5688,39.1835],[67.55,39.1803],[67.5343,39.1801],[67.5224,39.1818],[67.5026,39.1833],[67.5002,39.197],[67.4621,39.2032],[67.4413,39.2121],[67.4023,39.2213],[67.4007,39.2264],[67.3556,39.228],[67.3309,39.2372],[67.358,39.2852],[67.3386,39.2964],[67.3368,39.3012],[67.3369,39.3055],[67.3181,39.3189],[67.27,39.3072],[67.2469,39.3133],[67.1914,39.3317],[67.1764,39.3353],[67.1097,39.3505],[67.095,39.3531],[67.0819,39.3531],[67.0758,39.3522],[67.0705,39.3494],[67.0667,39.3442],[67.0655,39.3389],[67.0655,39.3339],[67.0681,39.3242],[67.0681,39.3142],[67.0658,39.3083],[67.0566,39.3003],[67.0511,39.2986],[67.0389,39.2967],[66.955,39.2928],[66.9353,39.2928],[66.9142,39.2953],[66.9064,39.2978],[66.8939,39.3042],[66.8892,39.3078],[66.8869,39.3122],[66.8855,39.3169],[66.8855,39.3219],[66.8867,39.3275],[66.8955,39.3505],[66.8978,39.3617],[66.8978,39.3717],[66.8964,39.3764],[66.8872,39.3939],[66.8839,39.398],[66.8736,39.405],[66.8658,39.4067],[66.7603,39.4214],[66.7025,39.4292],[66.6883,39.4308],[66.6625,39.4297],[66.6564,39.4286],[66.645,39.425],[66.6355,39.4181],[66.6269,39.4092],[66.6033,39.3792],[66.595,39.3703],[66.5855,39.3631],[66.5803,39.3603],[66.5125,39.3386],[66.5067,39.3369],[66.5003,39.3367],[66.4853,39.3422],[66.4728,39.3483],[66.4497,39.3617],[66.4336,39.3717],[66.4142,39.3858],[66.3889,39.3983],[66.3825,39.4003],[66.3753,39.4011],[66.2119,39.3697],[66.2064,39.368],[66.1411,39.3417],[66.125,39.3344],[66.0933,39.3183],[66.0872,39.3172],[66.0603,39.3178],[66.0386,39.3211],[65.9936,39.3308],[65.978,39.335],[65.9733,39.3386],[65.9719,39.3483],[65.9714,39.3636],[65.9114,39.4417],[65.84,39.5056],[65.7466,39.5203],[65.7458,39.5147],[65.7417,39.5103],[65.7369,39.5067],[65.7211,39.4978],[65.7108,39.4922],[65.7,39.4878],[65.6825,39.483],[65.6703,39.4811],[65.6503,39.48],[65.468,39.4833],[65.4478,39.4839],[65.2705,39.4889],[65.2633,39.4894],[65.2555,39.4916],[65.2519,39.4872],[65.2469,39.4844],[65.2355,39.4808],[65.2172,39.4778],[65.1792,39.4742],[65.1608,39.4711],[65.1492,39.468],[65.1319,39.4617],[65.1208,39.4564],[65.1054,39.4489]]]}},{"type":"Feature","properties":{"shapeISO":"UZ-TK","shapeName":"Tashkent"},"geometry":{"type":"MultiPolygon","coordinates":[[[[69.1219,41.2655],[69.1225,41.2657],[69.1226,41.2661],[69.1226,41.2665],[69.1229,41.2669],[69.1231,41.2671],[69.1236,41.2673],[69.1241,41.2673],[69.1253,41.2669],[69.1263,41.2674],[69.1284,41.2681],[69.1302,41.2686],[69.1315,41.269],[69.1319,41.2693],[69.1327,41.2701],[69.1337,41.271],[69.1347,41.2719],[69.1353,41.2723],[69.1361,41.2726],[69.1371,41.2731],[69.1374,41.2734],[69.1389,41.2746],[69.1399,41.2752],[69.1404,41.2759],[69.1408,41.2765],[69.1409,41.277],[69.1409,41.2773],[69.1409,41.2776],[69.141,41.2779],[69.1414,41.2778],[69.1419,41.278],[69.1432,41.2786],[69.1436,41.2791],[69.1443,41.2798],[69.1448,41.2805],[69.1453,41.2806],[69.1456,41.2807],[69.1458,41.2809],[69.1465,41.2812],[69.147,41.2812],[69.1475,41.281],[69.1463,41.2771],[69.1463,41.2765],[69.1463,41.2758],[69.1463,41.2753],[69.1464,41.2738],[69.1465,41.2726],[69.1465,41.2717],[69.1467,41.27],[69.1468,41.2681],[69.1468,41.2653],[69.1471,41.264],[69.1479,41.262],[69.1486,41.2611],[69.1487,41.2609],[69.1496,41.2599],[69.1535,41.257],[69.1552,41.2559],[69.1574,41.2546],[69.1605,41.2526],[69.1611,41.2522],[69.1612,41.2522],[69.1626,41.251],[69.164,41.2489],[69.1653,41.2449],[69.1664,41.2418],[69.1662,41.2397],[69.1654,41.2385],[69.1653,41.2371],[69.1645,41.2359],[69.1632,41.2352],[69.1721,41.2251],[69.173,41.2239],[69.1743,41.2227],[69.1744,41.2226],[69.174,41.2218],[69.1742,41.2216],[69.1755,41.2213],[69.1739,41.2175],[69.1736,41.2167],[69.1756,41.2147],[69.1852,41.2108],[69.1853,41.211],[69.1854,41.2111],[69.1854,41.2113],[69.1854,41.2115],[69.1856,41.2115],[69.1858,41.2115],[69.1861,41.2114],[69.1863,41.2114],[69.1865,41.2116],[69.1864,41.2118],[69.1864,41.2119],[69.1866,41.2123],[69.1866,41.2125],[69.1864,41.2125],[69.1861,41.2125],[69.1859,41.2125],[69.1856,41.2126],[69.1855,41.2127],[69.1854,41.2128],[69.1855,41.213],[69.1856,41.2132],[69.1857,41.2134],[69.1857,41.2135],[69.1856,41.2137],[69.1853,41.2139],[69.1853,41.2141],[69.1854,41.2142],[69.1854,41.2143],[69.1857,41.2143],[69.1858,41.2144],[69.1859,41.2145],[69.186,41.2147],[69.1862,41.2149],[69.1863,41.2151],[69.1861,41.2154],[69.1859,41.2155],[69.1858,41.2157],[69.1856,41.2158],[69.1856,41.2159],[69.1856,41.216],[69.1858,41.216],[69.1861,41.2162],[69.1864,41.2162],[69.1866,41.2162],[69.1869,41.2161],[69.1871,41.216],[69.1873,41.2158],[69.1875,41.2158],[69.1876,41.2158],[69.1878,41.2158],[69.1878,41.2159],[69.188,41.2162],[69.1882,41.2164],[69.1884,41.2165],[69.1884,41.2166],[69.1884,41.2167],[69.1883,41.2168],[69.1883,41.2169],[69.188,41.217],[69.1878,41.217],[69.1872,41.2172],[69.187,41.2173],[69.187,41.2175],[69.187,41.2177],[69.1868,41.2179],[69.1866,41.2179],[69.1865,41.218],[69.1865,41.2181],[69.1864,41.2183],[69.1864,41.2184],[69.1863,41.2184],[69.1861,41.2184],[69.1859,41.2186],[69.1858,41.2189],[69.1858,41.2192],[69.1859,41.2194],[69.186,41.2195],[69.186,41.2196],[69.186,41.2197],[69.1859,41.22],[69.1858,41.2201],[69.1858,41.2203],[69.1858,41.2204],[69.1859,41.2206],[69.1859,41.2207],[69.186,41.2207],[69.1861,41.2208],[69.1862,41.2208],[69.1863,41.2208],[69.1866,41.2207],[69.1873,41.2205],[69.1875,41.2205],[69.1875,41.2205],[69.1876,41.2206],[69.1876,41.2206],[69.1876,41.2208],[69.1875,41.221],[69.1873,41.2212],[69.1872,41.2216],[69.1871,41.2217],[69.1869,41.2219],[69.1868,41.222],[69.1867,41.2221],[69.1866,41.2222],[69.1865,41.2223],[69.1865,41.2224],[69.1865,41.2225],[69.1866,41.2226],[69.1866,41.2226],[69.1867,41.2226],[69.1868,41.2226],[69.1871,41.2224],[69.1874,41.2223],[69.1877,41.2222],[69.1881,41.2221],[69.1888,41.2223],[69.1891,41.2226],[69.1891,41.2228],[69.1889,41.2229],[69.1886,41.2227],[69.1884,41.2229],[69.1882,41.2231],[69.188,41.2233],[69.1878,41.2236],[69.188,41.2239],[69.1884,41.2239],[69.1889,41.2239],[69.1894,41.2241],[69.1904,41.2244],[69.1906,41.2246],[69.1913,41.225],[69.1917,41.2251],[69.1918,41.2253],[69.1916,41.2255],[69.1914,41.2256],[69.1913,41.2259],[69.1912,41.226],[69.1911,41.2261],[69.1911,41.2262],[69.1915,41.2263],[69.1925,41.2266],[69.1926,41.2266],[69.1926,41.2267],[69.1926,41.227],[69.1925,41.2272],[69.1926,41.2273],[69.1934,41.2274],[69.1935,41.2275],[69.1935,41.2276],[69.1935,41.2276],[69.193,41.2282],[69.1929,41.2282],[69.1929,41.2282],[69.193,41.2283],[69.193,41.2283],[69.1931,41.2283],[69.1936,41.2284],[69.194,41.2284],[69.1942,41.2285],[69.1943,41.2287],[69.1944,41.2289],[69.1944,41.2292],[69.1944,41.2293],[69.1943,41.2295],[69.1942,41.2296],[69.1943,41.2298],[69.1945,41.23],[69.1945,41.2301],[69.1944,41.2302],[69.1944,41.2303],[69.1943,41.2304],[69.1943,41.2304],[69.1943,41.2305],[69.1943,41.2306],[69.1946,41.2307],[69.1949,41.2307],[69.1951,41.2308],[69.1958,41.2312],[69.1965,41.2319],[69.1965,41.232],[69.1964,41.2321],[69.1964,41.2322],[69.1965,41.2323],[69.1966,41.2323],[69.197,41.2324],[69.1976,41.2325],[69.1979,41.2326],[69.1981,41.2328],[69.1982,41.2331],[69.1983,41.2333],[69.1982,41.2334],[69.1978,41.2337],[69.1978,41.2338],[69.1978,41.2339],[69.1979,41.234],[69.1981,41.2342],[69.1983,41.2342],[69.1987,41.2343],[69.199,41.2342],[69.1992,41.2341],[69.1993,41.2341],[69.1994,41.2342],[69.1995,41.2343],[69.1998,41.2346],[69.2003,41.2349],[69.2005,41.235],[69.2007,41.2351],[69.2008,41.2353],[69.2008,41.2356],[69.2005,41.2362],[69.2,41.2365],[69.1999,41.2367],[69.1999,41.2368],[69.2005,41.2371],[69.2007,41.2371],[69.201,41.2371],[69.2012,41.2373],[69.2014,41.2375],[69.2016,41.2377],[69.2017,41.2379],[69.2016,41.2381],[69.2014,41.2381],[69.2009,41.2389],[69.2009,41.239],[69.2009,41.2391],[69.201,41.2392],[69.2012,41.2394],[69.2013,41.2395],[69.2013,41.2396],[69.2012,41.2398],[69.2011,41.2399],[69.2012,41.24],[69.2013,41.2402],[69.2015,41.2403],[69.2017,41.2404],[69.2019,41.2404],[69.2024,41.2401],[69.2025,41.2401],[69.2027,41.2401],[69.2028,41.2402],[69.2031,41.2404],[69.2035,41.2407],[69.2037,41.2409],[69.2036,41.2415],[69.2038,41.2419],[69.2042,41.2422],[69.2044,41.2424],[69.2044,41.2425],[69.2049,41.2426],[69.2052,41.2426],[69.2054,41.2425],[69.2058,41.2425],[69.206,41.2425],[69.2061,41.2425],[69.2066,41.2423],[69.2068,41.2423],[69.2068,41.2422],[69.207,41.2423],[69.2071,41.2424],[69.2073,41.2428],[69.2076,41.2432],[69.2077,41.2434],[69.2077,41.2435],[69.2076,41.2437],[69.2074,41.2439],[69.2074,41.2441],[69.2074,41.2442],[69.2074,41.2443],[69.2075,41.2445],[69.2078,41.2446],[69.2082,41.2448],[69.2089,41.2449],[69.2091,41.2449],[69.2095,41.245],[69.2096,41.2451],[69.2096,41.2451],[69.2097,41.2452],[69.21,41.2457],[69.2101,41.2458],[69.2112,41.2465],[69.2121,41.2471],[69.2126,41.2474],[69.2127,41.2475],[69.2129,41.2476],[69.2134,41.2477],[69.2139,41.2479],[69.2144,41.2478],[69.2151,41.248],[69.2155,41.2484],[69.2157,41.2488],[69.2158,41.2492],[69.2159,41.2495],[69.216,41.2497],[69.2161,41.2499],[69.216,41.2501],[69.2158,41.2503],[69.2157,41.2504],[69.2157,41.2506],[69.2157,41.2507],[69.2156,41.2509],[69.2154,41.2514],[69.2154,41.2518],[69.2157,41.2524],[69.2161,41.2523],[69.217,41.2524],[69.217,41.2522],[69.2177,41.2461],[69.2164,41.2449],[69.2124,41.2412],[69.2047,41.2306],[69.2027,41.2291],[69.2039,41.2275],[69.2057,41.2246],[69.1901,41.2053],[69.1913,41.2036],[69.2013,41.2034],[69.2033,41.1983],[69.2015,41.1973],[69.2012,41.1969],[69.2012,41.1966],[69.1988,41.1952],[69.197,41.1955],[69.1873,41.1917],[69.1798,41.1822],[69.1937,41.1832],[69.1966,41.1868],[69.2019,41.1886],[69.2141,41.1893],[69.2208,41.1898],[69.2231,41.19],[69.2337,41.1907],[69.2348,41.1908],[69.2351,41.1908],[69.2351,41.1906],[69.2337,41.1893],[69.2336,41.1891],[69.2333,41.1884],[69.2334,41.1882],[69.2328,41.1874],[69.2324,41.1869],[69.2323,41.1866],[69.2323,41.1862],[69.2328,41.186],[69.2329,41.1857],[69.2327,41.1849],[69.2328,41.1844],[69.2327,41.1841],[69.2326,41.1838],[69.2324,41.1837],[69.2323,41.1832],[69.2321,41.183],[69.2317,41.182],[69.2303,41.1809],[69.227,41.178],[69.2267,41.1776],[69.2262,41.1768],[69.2263,41.1768],[69.2267,41.1763],[69.2307,41.1723],[69.231,41.1719],[69.2321,41.1713],[69.2361,41.1691],[69.2366,41.1695],[69.2375,41.1702],[69.2382,41.1707],[69.2386,41.1708],[69.239,41.171],[69.24,41.1707],[69.2405,41.171],[69.2479,41.1706],[69.2486,41.1706],[69.2488,41.1711],[69.2596,41.1706],[69.2618,41.184],[69.2614,41.1856],[69.261,41.1867],[69.2602,41.1879],[69.2595,41.1889],[69.2587,41.1897],[69.2574,41.1909],[69.2563,41.1917],[69.2568,41.1919],[69.2586,41.1928],[69.2606,41.1944],[69.2638,41.1967],[69.2804,41.2035],[69.2813,41.2044],[69.2834,41.2048],[69.2862,41.2048],[69.2875,41.2051],[69.2884,41.2056],[69.2888,41.2056],[69.2893,41.2058],[69.2904,41.2063],[69.2908,41.2067],[69.2911,41.2071],[69.2919,41.2079],[69.2923,41.2082],[69.2928,41.2082],[69.2929,41.2082],[69.295,41.208],[69.2952,41.2081],[69.296,41.2086],[69.2972,41.2094],[69.3011,41.2118],[69.3019,41.2122],[69.3026,41.2124],[69.3087,41.2145],[69.3102,41.2151],[69.311,41.2154],[69.3169,41.2195],[69.3173,41.2198],[69.3188,41.2216],[69.3204,41.2235],[69.3212,41.2245],[69.3222,41.2214],[69.3228,41.2201],[69.324,41.221],[69.3254,41.2226],[69.3271,41.2241],[69.3297,41.2235],[69.3304,41.2252],[69.3305,41.2255],[69.3306,41.2255],[69.3308,41.226],[69.3314,41.2259],[69.3321,41.2259],[69.3321,41.2259],[69.3323,41.2259],[69.333,41.2259],[69.3337,41.2257],[69.3342,41.2257],[69.3352,41.2257],[69.3351,41.2253],[69.3348,41.225],[69.3344,41.2245],[69.334,41.224],[69.3339,41.2237],[69.3339,41.2235],[69.3339,41.2233],[69.3342,41.2234],[69.3349,41.2235],[69.335,41.2239],[69.3368,41.2245],[69.3376,41.2252],[69.3385,41.2254],[69.3389,41.2258],[69.3394,41.2266],[69.3394,41.227],[69.3392,41.2272],[69.3392,41.2275],[69.3393,41.2278],[69.3404,41.2284],[69.3408,41.2284],[69.3416,41.2287],[69.3426,41.2276],[69.3434,41.2277],[69.3447,41.2263],[69.3446,41.2255],[69.3459,41.2253],[69.3464,41.2246],[69.3479,41.2251],[69.349,41.2255],[69.3504,41.2317],[69.3517,41.2336],[69.3579,41.2392],[69.3645,41.2435],[69.3652,41.2437],[69.3656,41.2437],[69.3685,41.2435],[69.373,41.247],[69.3745,41.2462],[69.3747,41.2461],[69.3751,41.2462],[69.3756,41.2462],[69.3742,41.2434],[69.3764,41.2424],[69.3785,41.2429],[69.379,41.2429],[69.3797,41.2428],[69.3815,41.2425],[69.3819,41.2425],[69.3829,41.2429],[69.3829,41.2428],[69.3837,41.242],[69.3874,41.2389],[69.3925,41.2421],[69.3936,41.2439],[69.3935,41.2455],[69.3928,41.2476],[69.3841,41.2545],[69.3968,41.2632],[69.3979,41.2648],[69.3978,41.2655],[69.3959,41.266],[69.3901,41.2665],[69.3844,41.2707],[69.3743,41.2781],[69.3745,41.2796],[69.3717,41.2848],[69.3773,41.2865],[69.377,41.2896],[69.3731,41.2906],[69.3731,41.2921],[69.3707,41.2931],[69.3667,41.2976],[69.3693,41.299],[69.3746,41.3007],[69.3759,41.3015],[69.3772,41.3025],[69.3797,41.3036],[69.3821,41.3048],[69.3806,41.306],[69.3798,41.3057],[69.3783,41.3051],[69.3747,41.3048],[69.375,41.3022],[69.371,41.3016],[69.37,41.3014],[69.3692,41.3012],[69.3692,41.3012],[69.3693,41.3008],[69.3667,41.3005],[69.3665,41.3004],[69.3641,41.3001],[69.3632,41.3001],[69.3626,41.3008],[69.3618,41.3012],[69.362,41.3016],[69.3615,41.3018],[69.3609,41.3024],[69.3605,41.3031],[69.3601,41.3039],[69.3605,41.3044],[69.3604,41.3046],[69.3604,41.3047],[69.3603,41.3051],[69.3601,41.3054],[69.3601,41.3056],[69.3488,41.3075],[69.35,41.31],[69.3502,41.3126],[69.3512,41.3133],[69.3522,41.314],[69.3584,41.3179],[69.3624,41.3208],[69.3742,41.3296],[69.3753,41.3306],[69.3764,41.3316],[69.3778,41.3332],[69.3792,41.3348],[69.3792,41.3362],[69.3789,41.3376],[69.3789,41.338],[69.3799,41.3392],[69.3805,41.3403],[69.3805,41.3416],[69.3845,41.3412],[69.3849,41.3411],[69.3857,41.341],[69.3871,41.3398],[69.3929,41.3421],[69.395,41.3391],[69.4076,41.344],[69.4072,41.3449],[69.406,41.3463],[69.4025,41.3507],[69.4022,41.3513],[69.4019,41.3517],[69.4015,41.3524],[69.4012,41.3527],[69.401,41.353],[69.4005,41.3536],[69.3995,41.3548],[69.3988,41.3556],[69.3985,41.3555],[69.3982,41.355],[69.3975,41.3549],[69.3973,41.3547],[69.3971,41.3547],[69.3963,41.355],[69.3953,41.3544],[69.3949,41.3549],[69.3952,41.356],[69.3953,41.3561],[69.3954,41.3567],[69.3954,41.3575],[69.3959,41.3607],[69.3981,41.3609],[69.4008,41.3624],[69.4007,41.366],[69.4045,41.3678],[69.4029,41.3697],[69.3983,41.367],[69.3962,41.3677],[69.3944,41.3654],[69.3937,41.3656],[69.393,41.366],[69.3926,41.3662],[69.3922,41.3671],[69.3914,41.3664],[69.3893,41.3658],[69.386,41.3647],[69.3837,41.3638],[69.3798,41.3625],[69.3774,41.3616],[69.3754,41.3613],[69.373,41.3615],[69.3699,41.3619],[69.3648,41.3626],[69.3638,41.3625],[69.3627,41.3622],[69.3617,41.3614],[69.3591,41.3582],[69.3577,41.3566],[69.3566,41.3558],[69.3555,41.3553],[69.3545,41.355],[69.3529,41.3547],[69.351,41.3547],[69.3498,41.355],[69.3483,41.3555],[69.3471,41.3558],[69.345,41.356],[69.344,41.3561],[69.3435,41.3562],[69.3383,41.3596],[69.3358,41.3614],[69.3356,41.3616],[69.326,41.369],[69.3246,41.3701],[69.3241,41.3708],[69.3228,41.3737],[69.3194,41.3814],[69.3188,41.3828],[69.3185,41.3835],[69.3179,41.3839],[69.317,41.3844],[69.315,41.385],[69.3117,41.3851],[69.308,41.3848],[69.3035,41.3843],[69.3007,41.3839],[69.2974,41.3839],[69.2906,41.3838],[69.2902,41.3838],[69.2899,41.3837],[69.2882,41.3836],[69.2866,41.3837],[69.2851,41.3838],[69.2835,41.3842],[69.2823,41.3846],[69.281,41.3852],[69.2795,41.3861],[69.2781,41.3871],[69.2774,41.3876],[69.2651,41.3955],[69.264,41.3961],[69.2618,41.3971],[69.2592,41.3977],[69.2577,41.3979],[69.2563,41.3979],[69.239,41.3986],[69.2359,41.3985],[69.2342,41.3981],[69.2325,41.3977],[69.2294,41.396],[69.228,41.3951],[69.2225,41.3917],[69.2157,41.3874],[69.2137,41.387],[69.2117,41.387],[69.2113,41.3867],[69.2111,41.3855],[69.2105,41.384],[69.1827,41.3667],[69.1744,41.3616],[69.1689,41.3568],[69.1667,41.3538],[69.1657,41.3511],[69.1651,41.3484],[69.165,41.3484],[69.1646,41.3452],[69.1644,41.3424],[69.1633,41.3351],[69.1623,41.3331],[69.1616,41.3319],[69.1599,41.3307],[69.1595,41.3307],[69.1591,41.3307],[69.1591,41.3304],[69.1592,41.3301],[69.1592,41.3297],[69.1593,41.3295],[69.1594,41.3294],[69.1595,41.3292],[69.1594,41.3291],[69.1592,41.3289],[69.1591,41.3287],[69.1589,41.3285],[69.1586,41.3283],[69.1585,41.3282],[69.158,41.3283],[69.1579,41.3283],[69.1578,41.3283],[69.1578,41.3282],[69.1577,41.3281],[69.1575,41.3279],[69.1574,41.3278],[69.1572,41.3277],[69.157,41.3274],[69.1568,41.3273],[69.1566,41.3272],[69.1564,41.3272],[69.1562,41.3273],[69.1559,41.3273],[69.1556,41.3274],[69.1554,41.3274],[69.1552,41.3275],[69.1551,41.3274],[69.155,41.3274],[69.1549,41.3272],[69.1548,41.3271],[69.1547,41.3269],[69.1547,41.3268],[69.1546,41.3267],[69.1545,41.3266],[69.1545,41.3265],[69.1545,41.3264],[69.1545,41.3263],[69.1546,41.3262],[69.1547,41.326],[69.1547,41.3259],[69.1545,41.3258],[69.1544,41.3258],[69.1542,41.3256],[69.1541,41.3255],[69.154,41.3254],[69.1539,41.3254],[69.1536,41.3253],[69.1536,41.3253],[69.1535,41.3252],[69.1537,41.3249],[69.154,41.3247],[69.154,41.3245],[69.154,41.3245],[69.1539,41.3242],[69.1539,41.3241],[69.1539,41.324],[69.1536,41.3237],[69.1536,41.3234],[69.1538,41.3232],[69.1544,41.3228],[69.1545,41.3226],[69.1546,41.3224],[69.1546,41.3224],[69.1546,41.3223],[69.1545,41.3222],[69.1543,41.3219],[69.1543,41.3216],[69.154,41.3214],[69.1537,41.3212],[69.1537,41.3212],[69.1536,41.3211],[69.1536,41.321],[69.1537,41.321],[69.1539,41.3209],[69.1541,41.3209],[69.1543,41.3208],[69.1544,41.3207],[69.1543,41.3205],[69.1541,41.3205],[69.1538,41.3206],[69.1535,41.3206],[69.1532,41.3205],[69.153,41.3205],[69.1528,41.3205],[69.1526,41.3204],[69.1523,41.32],[69.1521,41.3197],[69.1519,41.3195],[69.1519,41.3193],[69.1518,41.319],[69.1515,41.3187],[69.1511,41.3181],[69.1506,41.3174],[69.1504,41.3169],[69.1501,41.3164],[69.1498,41.3161],[69.1498,41.3159],[69.1497,41.3157],[69.1495,41.3155],[69.1493,41.3154],[69.1491,41.3152],[69.1488,41.3151],[69.1485,41.3148],[69.1483,41.3145],[69.1483,41.3142],[69.1483,41.3139],[69.1483,41.3138],[69.1483,41.3138],[69.1482,41.3137],[69.1481,41.3137],[69.1479,41.3134],[69.1478,41.3134],[69.1478,41.3133],[69.1477,41.3132],[69.1476,41.3132],[69.1475,41.3131],[69.1475,41.3131],[69.1475,41.3132],[69.1474,41.3132],[69.1473,41.3132],[69.1471,41.3136],[69.147,41.3137],[69.1467,41.3137],[69.1466,41.3137],[69.1466,41.3135],[69.1466,41.3134],[69.1469,41.3132],[69.1471,41.313],[69.1474,41.3124],[69.1475,41.3121],[69.1475,41.3119],[69.1476,41.3118],[69.1477,41.3117],[69.1479,41.3118],[69.1481,41.3118],[69.1481,41.3117],[69.1481,41.3116],[69.1481,41.3114],[69.1479,41.3113],[69.1476,41.3112],[69.1474,41.3108],[69.1473,41.3103],[69.1473,41.3101],[69.1476,41.3099],[69.1477,41.31],[69.1479,41.31],[69.1481,41.31],[69.1483,41.31],[69.1484,41.3099],[69.1485,41.3098],[69.1485,41.3096],[69.1485,41.3094],[69.1487,41.3091],[69.1487,41.3089],[69.149,41.3085],[69.1491,41.3082],[69.1489,41.3076],[69.1489,41.3074],[69.1489,41.3072],[69.1488,41.307],[69.1487,41.3068],[69.1487,41.3066],[69.1488,41.3059],[69.1487,41.3057],[69.1487,41.3056],[69.1485,41.3051],[69.1479,41.3043],[69.1476,41.3041],[69.1472,41.3039],[69.1468,41.3039],[69.1465,41.3038],[69.1461,41.3032],[69.146,41.303],[69.1458,41.3029],[69.1455,41.3028],[69.1453,41.3028],[69.145,41.3022],[69.1449,41.302],[69.1447,41.3017],[69.1447,41.3014],[69.145,41.3012],[69.145,41.301],[69.1449,41.3006],[69.1443,41.3003],[69.144,41.3002],[69.1437,41.3002],[69.1434,41.3002],[69.1432,41.3001],[69.143,41.3],[69.1429,41.2998],[69.1429,41.2997],[69.1429,41.2995],[69.1431,41.2993],[69.143,41.299],[69.1429,41.2988],[69.1427,41.2987],[69.1425,41.2986],[69.1422,41.2984],[69.142,41.2983],[69.1418,41.2981],[69.1417,41.2978],[69.1416,41.2975],[69.1415,41.2973],[69.1414,41.2971],[69.1413,41.297],[69.1412,41.297],[69.1412,41.2969],[69.1411,41.2968],[69.141,41.2967],[69.1409,41.2967],[69.1409,41.2967],[69.1404,41.2967],[69.1402,41.2965],[69.1401,41.2964],[69.1402,41.2962],[69.1402,41.296],[69.1402,41.2959],[69.1401,41.2959],[69.14,41.2958],[69.1399,41.2958],[69.1398,41.2957],[69.1397,41.2955],[69.1396,41.2953],[69.1394,41.2952],[69.1393,41.2952],[69.1392,41.2951],[69.1386,41.295],[69.1385,41.2949],[69.1384,41.2947],[69.1384,41.2945],[69.1385,41.2943],[69.1387,41.2941],[69.1388,41.2939],[69.1387,41.2938],[69.1386,41.2935],[69.1385,41.2931],[69.1384,41.2927],[69.1383,41.2924],[69.1375,41.292],[69.1369,41.2917],[69.1368,41.2915],[69.1367,41.2914],[69.1365,41.2912],[69.1362,41.2909],[69.136,41.2908],[69.1358,41.2908],[69.1355,41.2909],[69.1352,41.2908],[69.1351,41.2907],[69.135,41.2905],[69.1349,41.2902],[69.1346,41.29],[69.1342,41.2899],[69.134,41.2898],[69.1338,41.2898],[69.1337,41.2897],[69.1338,41.2895],[69.1339,41.2894],[69.1341,41.2892],[69.1341,41.2891],[69.1341,41.289],[69.1341,41.2888],[69.134,41.2887],[69.1339,41.2887],[69.1337,41.2887],[69.1335,41.2887],[69.1334,41.2887],[69.1332,41.2886],[69.1329,41.2885],[69.1324,41.2882],[69.1321,41.288],[69.132,41.2878],[69.1319,41.2876],[69.1319,41.2874],[69.1324,41.2869],[69.1327,41.2865],[69.1331,41.286],[69.1335,41.2855],[69.134,41.285],[69.1344,41.2845],[69.1347,41.2844],[69.1349,41.2841],[69.135,41.2838],[69.1349,41.2835],[69.1345,41.2832],[69.1344,41.2829],[69.1343,41.2827],[69.1342,41.2824],[69.1344,41.2821],[69.1343,41.2817],[69.1342,41.2814],[69.1341,41.2811],[69.1338,41.2809],[69.1334,41.2808],[69.1331,41.2805],[69.1329,41.2803],[69.133,41.2801],[69.1333,41.2793],[69.1335,41.2791],[69.1335,41.279],[69.1335,41.2789],[69.1334,41.2789],[69.1332,41.2788],[69.133,41.2788],[69.1326,41.279],[69.1322,41.2791],[69.1318,41.279],[69.1315,41.2789],[69.1313,41.2787],[69.1312,41.2786],[69.1311,41.2784],[69.131,41.2783],[69.1309,41.2781],[69.1307,41.2778],[69.1307,41.2776],[69.1306,41.2774],[69.1304,41.2772],[69.13,41.2769],[69.1296,41.2766],[69.1288,41.2761],[69.1285,41.2757],[69.1284,41.2755],[69.1283,41.2753],[69.1284,41.2751],[69.1283,41.2745],[69.1282,41.2741],[69.1277,41.2738],[69.1274,41.2736],[69.1272,41.2734],[69.1268,41.2729],[69.1264,41.2727],[69.1257,41.2722],[69.1256,41.2719],[69.1256,41.2717],[69.1256,41.2715],[69.1257,41.2712],[69.1257,41.2708],[69.1256,41.2706],[69.1255,41.2703],[69.1253,41.2701],[69.1251,41.27],[69.1247,41.27],[69.1242,41.2701],[69.1236,41.2701],[69.1231,41.27],[69.1229,41.2699],[69.1228,41.2698],[69.1228,41.2696],[69.1229,41.2692],[69.1229,41.2686],[69.1229,41.2679],[69.1227,41.2677],[69.1221,41.2669],[69.1219,41.2665],[69.1219,41.2655]],[[69.2141,41.2377],[69.2144,41.2386],[69.2145,41.2388],[69.215,41.2394],[69.2167,41.2409],[69.2204,41.2429],[69.2212,41.2435],[69.2223,41.2436],[69.2248,41.2437],[69.2291,41.2439],[69.2352,41.244],[69.2388,41.2441],[69.2408,41.2442],[69.2427,41.2443],[69.3016,41.2442],[69.3105,41.2441],[69.3123,41.244],[69.3129,41.2438],[69.3143,41.2434],[69.3168,41.2415],[69.3212,41.2378],[69.321,41.2376],[69.317,41.2372],[69.3122,41.2328],[69.3109,41.2324],[69.3091,41.2322],[69.3081,41.2318],[69.3078,41.2311],[69.3055,41.2299],[69.3018,41.2286],[69.2866,41.2197],[69.2865,41.2197],[69.2801,41.2183],[69.2779,41.2177],[69.2762,41.2158],[69.2755,41.2153],[69.2732,41.2149],[69.2717,41.214],[69.2621,41.2224],[69.2454,41.2155],[69.2423,41.2361],[69.2321,41.2357],[69.2321,41.2355],[69.2314,41.2354],[69.2309,41.2346],[69.2308,41.2333],[69.2301,41.2329],[69.2291,41.2324],[69.2285,41.2319],[69.2287,41.2311],[69.2284,41.2305],[69.2278,41.2304],[69.2271,41.2295],[69.2263,41.2292],[69.2257,41.2285],[69.2252,41.2279],[69.2252,41.2277],[69.2248,41.2273],[69.2249,41.227],[69.2244,41.2266],[69.224,41.2258],[69.2242,41.2248],[69.2233,41.2244],[69.2229,41.2239],[69.2226,41.2239],[69.2221,41.2238],[69.2169,41.2321],[69.2151,41.235],[69.2142,41.2365],[69.2141,41.2377]]],[[[69.4276,41.4004],[69.4282,41.3997],[69.428,41.3996],[69.4282,41.3992],[69.4284,41.3993],[69.4283,41.3985],[69.4291,41.3984],[69.4303,41.399],[69.4316,41.3993],[69.433,41.3994],[69.4338,41.3994],[69.4381,41.3976],[69.4387,41.3975],[69.4396,41.3975],[69.4414,41.3976],[69.4482,41.3994],[69.45,41.4],[69.4511,41.4004],[69.453,41.4007],[69.456,41.4016],[69.4573,41.4012],[69.46,41.4017],[69.4609,41.402],[69.4654,41.4039],[69.4682,41.4051],[69.4696,41.4057],[69.4708,41.407],[69.4716,41.4076],[69.471,41.4081],[69.4691,41.4071],[69.4679,41.4072],[69.467,41.4079],[69.4664,41.4076],[69.4644,41.4093],[69.4735,41.4146],[69.4717,41.4157],[69.4647,41.4121],[69.4645,41.4118],[69.4642,41.4106],[69.4637,41.4103],[69.4633,41.4096],[69.4623,41.4089],[69.4626,41.4087],[69.4549,41.4044],[69.453,41.4044],[69.4507,41.4047],[69.451,41.4051],[69.4468,41.4063],[69.4448,41.4069],[69.4441,41.4073],[69.4436,41.4077],[69.439,41.4056],[69.4408,41.4035],[69.4361,41.4012],[69.4356,41.401],[69.4335,41.4027],[69.4338,41.4029],[69.4333,41.4035],[69.4339,41.4039],[69.4338,41.4045],[69.4357,41.4053],[69.4348,41.4065],[69.4315,41.4074],[69.4298,41.407],[69.4291,41.4067],[69.4295,41.4062],[69.4303,41.4057],[69.4321,41.4029],[69.4305,41.4022],[69.4301,41.4025],[69.4297,41.4025],[69.4276,41.4004]]]]}}]}